epoch,manual_torch,torch_module
0,0.6931471805579452,0.7174494851167297
1,0.6484435435781346,0.667914357613848
2,0.5215885906637711,0.5139117040815565
3,0.5125178642758844,0.5067450883038176
4,0.5060532961766042,0.5015402561252045
5,0.5014339609309322,0.4976478500606811
6,0.4979433256960249,0.4946481892746739
7,0.4952280393415513,0.4922708129186415
8,0.4930486957448307,0.4903409396890645
9,0.49125301848436603,0.48873808785364736
10,0.4897402675183385,0.4873805129428575
11,0.48844017850945176,0.48620967072182214
12,0.487304030990017,0.4851838629478388
13,0.48629625036713287,0.48427232250956626
14,0.4853909357667538,0.48345228437885757
15,0.4845685767241718,0.48270651965450667
16,0.48381442798244334,0.48202190037729664
17,0.48311710087816995,0.4813882647410577
18,0.4824677391701116,0.48079768008983376
19,0.4818593496428946,0.48024387670629487
20,0.48128636331436697,0.47972185388028427
21,0.48074429073397623,0.4792275797820911
22,0.4802294795953513,0.47875777342983045
23,0.4797389266492728,0.47830973818495887
24,0.47927013955019754,0.4778812372568568
25,0.4788210296968571,0.47747039790270907
26,0.4783898312063096,0.47707563827316274
27,0.47797503769081945,0.4766956105450313
28,0.4775753534223597,0.47632915675221993
29,0.47718965486904347,0.4759752740570529
30,0.4768169604624973,0.47563308737141374
31,0.47645640651759663,0.47530182756922507
32,0.4761072280103825,0.4749808140706338
33,0.47576874307901246,0.4746694408105422
34,0.4754403404715294,0.47436716487263825
35,0.4751214692947542,0.4740734972169657
36,0.4748116305963902,0.4737879950712103
37,0.4745103704010187,0.4735102556456062
38,0.47421727391464696,0.47323991091018586
39,0.473931960668864,0.47297662322742534
40,0.47365408042794255,0.47272008167863944
41,0.47338330971733705,0.47246999895547537
42,0.4731193488622883,0.47222610871465337
43,0.4728619194470217,0.4719881633143219
44,0.4726107621231009,0.47175593186663356
45,0.4723656347090853,0.4715291985536934
46,0.47212631053471443,0.4713077611640822
47,0.47189257699141485,0.47109142981505475
48,0.4716642342578734,0.4708800258318546
49,0.47144109417489827,0.4706733807606385
50,0.47122297924824585,0.4704713354955774
51,0.4710097217616506,0.4702737395039884
52,0.4708011629852071,0.47008045013601774
53,0.4705971524666097,0.46989133200756755
54,0.4703975473946986,0.4697062564469351
55,0.47020221202634516,0.46952510099709804
56,0.4700110171690332,0.4693477489667846
57,0.4698238397125814,0.46917408902446456
58,0.4696405622043666,0.4690040148302357
59,0.46946107246317437,0.4688374247012747
60,0.46928526322744313,0.4686742213071069
61,0.4691130318342196,0.46851431139144323
62,0.46894427992560156,0.4683576055177564
63,0.4687789131798437,0.46820401783611526
64,0.46861684106463736,0.46805346586910945
65,0.46845797661037253,0.4679058703149543
66,0.4683022362014363,0.4677611548660868
67,0.4681495393838252,0.46761924604176486
68,0.46799980868753815,0.46748007303334255
69,0.467852969462381,0.46734356756104756
70,0.46770894972596194,0.46720966374120737
71,0.4675676800227825,0.46707829796299005
72,0.467429093293443,0.4669494087738152
73,0.46729312475307977,0.46682293677268677
74,0.4671597117782408,0.46669882451076494
75,0.4670287938014825,0.46657701639857097
76,0.46690031221304173,0.46645745861927224
77,0.46677421026899907,0.4663400990475513
78,0.46665043300540143,0.4662248871736097
79,0.466528927157868,0.4661117740318965
80,0.4664096410862399,0.4660007121341941
81,0.466292524703881,0.4658916554067231
82,0.466177529411267,0.46578455913096234
83,0.466064608033537,0.465679379887903
84,0.46595371476170744,0.46557607550548485
85,0.4658448050972749,0.46547460500898163
86,0.4657378357999609,0.4653749285741222
87,0.4656327648383674,0.4652770074827567
88,0.4655295513433374,0.46518080408088525
89,0.4654281555638277,0.46508628173889066
90,0.4653285388251195,0.46499340481382223
91,0.4652306634892048,0.4649021386135939
92,0.4651344929172031,0.4648124493629712
93,0.4650399914336702,0.4647243041712295
94,0.4649471242926754,0.46463767100137526
95,0.46485585764553145,0.46455251864083424
96,0.46476615851007236,0.4644688166735116
97,0.46467799474137833,0.46438653545314135
98,0.46459133500386207,0.4643056460778471
99,0.46450614874462626,0.46422612036584093
100,0.46442240616802266,0.4641479308321927
101,0.46434007821133466,0.46407105066660903
102,0.4642591365215207,0.463995453712164
103,0.4641795534329558,0.4639211144449255
104,0.4641013019461143,0.4638480079544306
105,0.4640243557071406,0.4637761099249615
106,0.46394868898825914,0.46370539661757776
107,0.46387427666897646,0.46363584485286774
108,0.463801094218034,0.4635674319943781
109,0.4637291176760715,0.46350013593268774
110,0.4636583236389626,0.46343393507009245
111,0.46358868924178864,0.4633688083058716
112,0.4635201921434203,0.4633047350221046
113,0.4634528105116711,0.463241695070012
114,0.4633865230090015,0.46317966875679656
115,0.4633213087787409,0.46311863683295873
116,0.4632571474318061,0.4630585804800654
117,0.4631940190338911,0.4629994812989494
118,0.46313190409310706,0.4629413212983226
119,0.4630707835480507,0.46288408288378047
120,0.463010638756283,0.4628277488471832
121,0.4629514514831988,0.46277230235639594
122,0.46289320389126926,0.46271772694537183
123,0.46283587852964403,0.4626640065045639
124,0.462779458324093,0.4626111252716518
125,0.4627239265672773,0.4625590678225693
126,0.46266926690933335,0.4625078190628208
127,0.46261546334875797,0.46245736421907513
128,0.4625625002235812,0.46240768883102445
129,0.46251036220281677,0.46235877874349846
130,0.46245903427817736,0.4623106200988235
131,0.4624085017560454,0.4622631993294167
132,0.46235875024968903,0.4622165031506062
133,0.4623097656717131,0.4621705185536695
134,0.46226153422673777,0.4621252327990798
135,0.46221404240429403,0.4620806334099545
136,0.46216727697193033,0.46203670816569653
137,0.46212122496852004,0.4619934450958238
138,0.46207587369776437,0.4619508324739765
139,0.46203121072188313,0.46190885881209937
140,0.4619872238554853,0.4618675128547896
141,0.4619439011596155,0.4618267835738074
142,0.461901230935967,0.46178666016274056
143,0.4618592017212595,0.46174713203181944
144,0.46181780228177116,0.4617081888028775
145,0.4617770216080235,0.46166982030445086
146,0.46173684890961286,0.4616320165670134
147,0.46169727361018215,0.46159476781834224
148,0.4616582853425302,0.46155806447900943
149,0.46161987394385184,0.4615218971579959
150,0.4615820294511084,0.46148625664842297
151,0.4615447420965185,0.4614511339233985
152,0.461508002303171,0.46141652013197293
153,0.46147180068075266,0.461382406595203
154,0.4614361280213879,0.46134878480231817
155,0.46140097529558743,0.4613156464069875
156,0.46136633364830193,0.46128298322368433
157,0.4613321943950778,0.4612507872241436
158,0.461298549018311,0.4612190505339116
159,0.46126538916359744,0.4611877654289836
160,0.4612327066361755,0.4611569243325264
161,0.46120049339745933,0.4611265198116856
162,0.46116874156165827,0.46109654457447125
163,0.46113744339248236,0.4610669914667235
164,0.4611065912999283,0.46103785346915266
165,0.4610761778371474,0.4610091236944543
166,0.46104619569738836,0.4609807953844936
167,0.46101663771101764,0.46095286190756124
168,0.46098749684261103,0.46092531675569526
169,0.4609587661881169,0.4608981535420685
170,0.4609304389720884,0.4608713659984396
171,0.4609025085449819,0.46084494797266556
172,0.4608749683805213,0.46081889342627486
173,0.46084781207312475,0.46079319643209743
174,0.4608210333353936,0.4607678511719528
175,0.46079462599565973,0.4607428519343917
176,0.46076858399559245,0.4607181931124925
177,0.4607429013878613,0.4606938692017091
178,0.4607175723338528,0.46066987479776905
179,0.4606925911014421,0.4606462045946212
180,0.46066795206281597,0.46062285338243153
181,0.4606436496923459,0.46059981604562517
182,0.46061967856451114,0.46057708756097315
183,0.4605960333518692,0.46055466299572484
184,0.46057270882307283,0.46053253750578166
185,0.4605496998409333,0.46051070633391356
186,0.4605270013605265,0.4604891648080159
187,0.4605046084273432,0.4604679083394055
188,0.4604825161754807,0.46044693242115636
189,0.46046071982587533,0.4604262326264719
190,0.46043921468457466,0.46040580460709424
191,0.4604179961410489,0.46038564409174915
192,0.4603970596665396,0.4603657468846255
193,0.4603764008124449,0.46034610886388905
194,0.4603560152087415,0.46032672598022845
195,0.4603358985624408,0.4603075942554342
196,0.4603160466560791,0.4602887097810086
197,0.4602964553462418,0.460270068716806
198,0.46027712056211884,0.46025166728970335
199,0.4602580383040925,0.4602335017922994
200,0.46023920464235596,0.460215568581642
201,0.4602206157155615,0.46019786407798396
202,0.4602022677294979,0.46018038476356504
203,0.46018415695579723,0.46016312718142016
204,0.4601662797306683,0.46014608793421347
205,0.4601486324536584,0.46012926368309814
206,0.4601312115864411,0.4601126511465991
207,0.46011401365162913,0.4600962470995206
208,0.46009703523161466,0.46008004837187677
209,0.4600802729674316,0.4600640518478451
210,0.4600637235576439,0.4600482544647412
211,0.4600473837572566,0.46003265321201636
212,0.46003125037665,0.4600172451302752
213,0.46001532028053543,0.46000202731031464
214,0.45999959038693466,0.4599869968921825
215,0.45998405766617845,0.4599721510642554
216,0.45996871913992765,0.45995748706233736
217,0.45995357188021413,0.4599430021687751
218,0.4599386130085011,0.4599286937115931
219,0.45992383969476336,0.4599145590636459
220,0.4599092491565867,0.45990059564178803
221,0.45989483865828523,0.45988680090606054
222,0.459880605510037,0.45987317235889547
223,0.45986654706703795,0.45985970754433453
224,0.4598526607286722,0.4598464040472658
225,0.4598389439376998,0.4598332594926747
226,0.45982539417946094,0.4598202715449098
227,0.459812008981096,0.45980743790696554
228,0.4597987859107813,0.45979475631977673
229,0.45978572257698175,0.459782224561529
230,0.4597728166277158,0.45976984044698255
231,0.4597600657498373,0.4597576018268103
232,0.45974746766833163,0.45974550658694713
233,0.4597350201456245,0.4597335526479546
234,0.4597227209809064,0.4597217379643968
235,0.4597105680094681,0.45971006052422897
236,0.45969855910205243,0.45969851834819836
237,0.45968669216421604,0.45968710948925656
238,0.4596749651357054,0.45967583203198437
239,0.4596633759898446,0.45966468409202643
240,0.45965192273293515,0.45965366381553807
241,0.4596406034036681,0.45964276937864357
242,0.4596294160725465,0.4596319989869027
243,0.4596183588413205,0.45962135087479045
244,0.45960742984243297,0.4596108233051851
245,0.4595966272384751,0.4596004145688665
246,0.45958594922165413,0.4595901229840246
247,0.45957539401326986,0.4595799468957771
248,0.45956495986320245,0.45956988467569654
249,0.45955464504940946,0.4595599347213463
250,0.4595444478774327,0.4595500954558259
251,0.4595343666799148,0.4595403653273243
252,0.4595243998161249,0.459530742808683
253,0.45951454567149286,0.4595212263969661
254,0.4595048026571537,0.4595118146130393
255,0.45949516920949973,0.45950250600115705
256,0.4594856437897409,0.45949329912855696
257,0.4594762248834745,0.4594841925850626
258,0.45946691100026255,0.45947518498269296
259,0.459457700673217,0.45946627495528003
260,0.4594485924585932,0.4594574611580932
261,0.4594395849353902,0.45944874226747123
262,0.45943067670495963,0.4594401169804599
263,0.4594218663906218,0.4594315840144581
264,0.4594131526372876,0.45942314210686946
265,0.45940453411108956,0.45941479001476027
266,0.459396009499018,0.45940652651452496
267,0.459387577508565,0.4593983504015567
268,0.45937923686737525,0.4593902604899244
269,0.45937098632290163,0.45938225561205603
270,0.45936282464206957,0.4593743346184274
271,0.4593547506109459,0.4593664963772569
272,0.459346763034414,0.4593587397742057
273,0.4593388607358566,0.4593510637120837
274,0.4593310425568414,0.4593434671105607
275,0.4593233073568155,0.45933594890588275
276,0.45931565401280344,0.45932850805059433
277,0.4593080814191121,0.4593211435132642
278,0.4593005884870394,0.459313854278218
279,0.4592931741445902,0.4593066393452748
280,0.4592858373361957,0.4592994977294881
281,0.45927857702243935,0.459292428460892
282,0.4592713921797864,0.4592854305842526
283,0.4592642818003196,0.45927850315882196
284,0.4592572448914787,0.45927164525809905
285,0.45925028047580513,0.45926485596959293
286,0.4592433875906915,0.45925813439459084
287,0.45923656528813506,0.4592514796479312
288,0.45922981263449564,0.4592448908577797
289,0.4592231287102587,0.4592383671654096
290,0.45921651260980156,0.459231907724986
291,0.45920996344116455,0.4592255117033551
292,0.45920348032582614,0.45921917827983444
293,0.4591970623984815,0.45921290664601017
294,0.4591907088068262,0.4592066960055355
295,0.4591844187113423,0.4592005455739337
296,0.459178191285089,0.45919445457840474
297,0.4591720257134978,0.45918842225763473
298,0.4591659211941691,0.45918244786160906
299,0.45915987693667487,0.4591765306514292
300,0.45915389216236324,0.45917066989913186
301,0.45914796610416647,0.45916486488751224
302,0.4591420980064138,0.4591591149099495
303,0.4591362871246456,0.4591534192702363
304,0.459130532725432,0.45914777728240996
305,0.4591248340861947,0.45914218827058845
306,0.4591191904950314,0.4591366515688066
307,0.45911360125054373,0.4591311665208588
308,0.45910806566166745,0.45912573248014
309,0.4591025830475067,0.4591203488094937
310,0.45909715273716994,0.4591150148810595
311,0.45909177406961027,0.45910973007612527
312,0.45908644639346635,0.45910449378498025
313,0.45908116906690843,0.45909930540677246
314,0.4590759414574853,0.4590941643493666
315,0.45907076294197435,0.459089070029206
316,0.45906563290623514,0.45908402187117625
317,0.4590605507450638,0.4590790193084714
318,0.4590555158620514,0.45907406178246163
319,0.4590505276694441,0.45906914874256494
320,0.45904558558800557,0.45906427964611884
321,0.459040689046882,0.459059453958256
322,0.45903583748346977,0.45905467115178133
323,0.4590310303432845,0.4590499307070509
324,0.459026267079833,0.45904523211185355
325,0.4590215471544874,0.4590405748612934
326,0.459016870036361,0.4590359584576761
327,0.4590122352021863,0.45903138241039515
328,0.45900764213619605,0.45902684623582174
329,0.4590030903300046,0.4590223494571949
330,0.4589985792824924,0.4590178916045149
331,0.4589941084996928,0.45901347221443745
332,0.4589896774946793,0.45900909083017044
333,0.45898528578745657,0.45900474700137156
334,0.458980932904851,0.4590004402840484
335,0.4589766183804058,0.4589961702404604
336,0.45897234175427565,0.45899193643902053
337,0.4589681025731239,0.4589877384542018
338,0.4589639003900218,0.4589835758664423
339,0.45895973476434887,0.4589794482620536
340,0.4589556052616955,0.4589753552331303
341,0.45895151145376634,0.4589712963774606
342,0.4589474529182865,0.4589672712984388
343,0.4589434292389077,0.45896327960497935
344,0.458939440005118,0.45895932091143193
345,0.4589354848121508,0.458955394837498
346,0.45893156326089724,0.4589515010081491
347,0.45892767495781883,0.4589476390535464
348,0.45892381951486244,0.45894380860896083
349,0.4589199965493756,0.45894000931469553
350,0.45891620568402425,0.4589362408160092
351,0.4589124465467111,0.4589325027630403
352,0.45890871877049605,0.4589287948107335
353,0.45890502199351696,0.45892511661876556
354,0.4589013558589128,0.458921467851475
355,0.4588977200147468,0.4589178481777901
356,0.45889411411393244,0.4589142572711603
357,0.45889053781415917,0.45891069480948765
358,0.45888699077782,0.4589071604750595
359,0.4588834726719404,0.45890365395448185
360,0.458879983168108,0.45890017493861557
361,0.45887652194240397,0.45889672312251095
362,0.4588730886753345,0.4588932982053457
363,0.4588696830517645,0.45888989989036244
364,0.45886630476085205,0.4588865278848081
365,0.45886295349598316,0.4588831818998737
366,0.458859628954709,0.4588798616506354
367,0.45885633083868266,0.4588765668559963
368,0.4588530588535977,0.45887329723862974
369,0.45884981270912817,0.45887005252492247
370,0.45884659211886814,0.45886683244491977
371,0.45884339680027386,0.4588636367322709
372,0.45884022647460576,0.4588604651241755
373,0.4588370808668715,0.45885731736133084
374,0.4588339597057704,0.45885419318788007
375,0.4588308627236384,0.4588510923513611
376,0.458827789656394,0.45884801460265645
377,0.4588247402434849,0.45884495969594374
378,0.4588217142278358,0.45884192738864704
379,0.4588187113557967,0.45883891744138905
380,0.45881573137709264,0.45883592961794395
381,0.458812774044773,0.45883296368519116
382,0.458809839115163,0.45883001941306945
383,0.45880692634781534,0.4588270965745322
384,0.45880403550546217,0.45882419494550314
385,0.4588011663539686,0.4588213143048331
386,0.4587983186622869,0.45881845443425656
387,0.45879549220241034,0.45881561511835023
388,0.4587926867493295,0.458812796144491
389,0.45878990208098763,0.45880999730281563
390,0.4587871379782376,0.4588072183861799
391,0.45878439422479955,0.4588044591901195
392,0.4587816706072185,0.4588017195128112
393,0.4587789669148239,0.4587989991550339
394,0.45877628293968825,0.45879629792013155
395,0.4587736184765874,0.45879361561397575
396,0.4587709733229614,0.458790952044929
397,0.4587683472788757,0.458788307023809
398,0.45876574014698296,0.45878568036385287
399,0.4587631517324855,0.45878307188068257
400,0.45876058184309826,0.45878048139227035
401,0.45875803028901313,0.45877790871890506
402,0.45875549688286194,0.4587753536831587
403,0.45875298143968235,0.4587728161098537
404,0.4587504837768825,0.458770295826031
405,0.45874800371420715,0.4587677926609175
406,0.45874554107370397,0.45876530644589547
407,0.45874309567969035,0.4587628370144714
408,0.45874066735872077,0.4587603842022459
409,0.45873825593955514,0.4587579478468834
410,0.4587358612531264,0.4587555277880833
411,0.4587334831325102,0.4587531238675509
412,0.45873112141289385,0.45875073592896826
413,0.4587287759315462,0.45874836381796696
414,0.45872644652778816,0.4587460073821001
415,0.45872413304296294,0.4587436664708148
416,0.4587218353204078,0.45874134093542623
417,0.45871955320542546,0.45873903062909
418,0.4587172865452561,0.4587367354067773
419,0.4587150351890503,0.45873445512524846
420,0.45871279898784123,0.4587321896430285
421,0.45871057779451846,0.4587299388203816
422,0.45870837146380183,0.4587277025192869
423,0.45870617985221523,0.4587254806034149
424,0.45870400281806134,0.4587232729381028
425,0.4587018402213965,0.45872107939033196
426,0.45869969192400595,0.45871889982870445
427,0.4586975577893799,0.45871673412342084
428,0.45869543768268867,0.458714582146257
429,0.45869333147076025,0.45871244377054327
430,0.4586912390220561,0.45871031887114205
431,0.4586891602066493,0.4587082073244265
432,0.45868709489620046,0.45870610900826003
433,0.4586850429639372,0.45870402380197506
434,0.45868300428463116,0.4587019515863531
435,0.4586809787345769,0.45869989224360425
436,0.45867896619157084,0.4586978456573477
437,0.4586769665348898,0.45869581171259244
438,0.4586749796452711,0.45869379029571744
439,0.4586730054048916,0.45869178129445365
440,0.45867104369734857,0.45868978459786447
441,0.45866909440763903,0.45868780009632804
442,0.4586671574221414,0.4586858276815189
443,0.4586652326285957,0.4586838672463903
444,0.45866331991608483,0.45868191868515684
445,0.4586614191750163,0.45867998189327674
446,0.458659530297104,0.45867805676743506
447,0.4586576531753499,0.4586761432055272
448,0.45865578770402665,0.45867424110664207
449,0.4586539337786601,0.45867235037104587
450,0.4586520912960118,0.4586704709001662
451,0.4586502601540628,0.458668602596576
452,0.4586484402519959,0.45866674536397833
453,0.4586466314901805,0.4586648991071908
454,0.45864483377015514,0.45866306373213056
455,0.45864304699461234,0.4586612391457994
456,0.4586412710673829,0.4586594252562692
457,0.45863950589341984,0.458657621972667
458,0.45863775137878415,0.45865582920516174
459,0.45863600743062827,0.4586540468649491
460,0.4586342739571831,0.4586522748642385
461,0.4586325508677416,0.45865051311623917
462,0.4586308380726459,0.4586487615351466
463,0.45862913548327205,0.45864702003612967
464,0.458627443012017,0.45864528853531733
465,0.4586257605722841,0.45864356694978586
466,0.4586240880784698,0.45864185519754636
467,0.45862242544595055,0.4586401531975317
468,0.4586207725910689,0.45863846086958526
469,0.4586191294311219,0.4586367781344478
470,0.4586174958843467,0.4586351049137463
471,0.45861587186990915,0.4586334411299814
472,0.45861425730789096,0.4586317867065167
473,0.45861265211927726,0.4586301415675668
474,0.45861105622594506,0.45862850563818597
475,0.45860946955065085,0.4586268788442574
476,0.45860789201701946,0.45862526111248214
477,0.458606323549532,0.45862365237036806
478,0.4586047640735148,0.4586220525462199
479,0.45860321351512806,0.45862046156912784
480,0.4586016718013549,0.4586188793689581
481,0.45860013885999057,0.45861730587634225
482,0.4585986146196315,0.4586157410226672
483,0.45859709900966494,0.4586141847400657
484,0.4585955919602581,0.4586126369614061
485,0.45859409340234897,0.458611097620283
486,0.45859260326763474,0.45860956665100805
487,0.458591121488563,0.4586080439886001
488,0.45858964799832125,0.45860652956877634
489,0.4585881827308277,0.45860502332794323
490,0.45858672562072095,0.4586035252031874
491,0.4585852766033516,0.458602035132267
492,0.45858383561477223,0.45860055305360314
493,0.45858240259172856,0.4585990789062709
494,0.4585809774716502,0.45859761262999127
495,0.45857956019264196,0.4585961541651228
496,0.45857815069347513,0.45859470345265346
497,0.4585767489135789,0.4585932604341921
498,0.4585753547930312,0.45859182505196106
499,0.4585739682725514,0.45859039724878803
500,0.45857258929349115,0.45858897696809836
501,0.45857121779782656,0.45858756415390745
502,0.4585698537281502,0.45858615875081316
503,0.458568497027663,0.45858476070398857
504,0.4585671476401666,0.4585833699591743
505,0.45856580551005577,0.4585819864626719
506,0.4585644705823103,0.45858061016133583
507,0.4585631428024881,0.45857924100256753
508,0.45856182211671737,0.4585778789343077
509,0.45856050847169005,0.4585765239050298
510,0.45855920181465326,0.45857517586373336
511,0.4585579020934038,0.4585738347599371
512,0.4585566092562802,0.4585725005436729
513,0.45855532325215614,0.4585711731654787
514,0.45855404403043354,0.4585698525763927
515,0.4585527715410361,0.45856853872794695
516,0.4585515057344026,0.4585672315721609
517,0.45855024656148036,0.45856593106153554
518,0.4585489939737188,0.4585646371490478
519,0.458547747923063,0.4585633497881436
520,0.4585465083619482,0.45856206893273277
521,0.45854527524329264,0.45856079453718385
522,0.45854404852049213,0.4585595265563166
523,0.4585428281474137,0.45855826494539836
524,0.4585416140783903,0.4585570096601373
525,0.4585404062682143,0.4585557606566773
526,0.45853920467213244,0.4585545178915928
527,0.4585380092458392,0.45855328132188344
528,0.45853681994547263,0.4585520509049685
529,0.4585356367276074,0.4585508265986819
530,0.4585344595492505,0.4585496083612674
531,0.45853328836783525,0.45854839615137355
532,0.4585321231412163,0.4585471899280483
533,0.45853096382766434,0.45854598965073445
534,0.45852981038586116,0.4585447952792648
535,0.45852866277489435,0.45854360677385747
536,0.4585275209542522,0.4585424240951113
537,0.45852638488381936,0.45854124720400086
538,0.45852525452387133,0.4585400760618722
539,0.4585241298350703,0.45853891063043856
540,0.45852301077845975,0.4585377508717754
541,0.4585218973154605,0.4585365967483163
542,0.45852078940786556,0.45853544822284914
543,0.4585196870178358,0.4585343052585107
544,0.45851859010789575,0.4585331678187837
545,0.4585174986409289,0.458532035867492
546,0.4585164125801732,0.45853090936879654
547,0.4585153318892172,0.4585297882871914
548,0.4585142565319957,0.45852867258750013
549,0.4585131864727852,0.45852756223487123
550,0.4585121216762003,0.45852645719477503
551,0.45851106210718956,0.458525357432999
552,0.45851000773103123,0.45852426291564474
553,0.4585089585133295,0.4585231736091241
554,0.4585079144200103,0.45852208948015516
555,0.45850687541731827,0.45852101049575905
556,0.45850584147181195,0.45851993662325624
557,0.45850481255036074,0.4585188678302629
558,0.45850378862014096,0.4585178040846877
559,0.45850276964863224,0.45851674535472814
560,0.458501755603614,0.4585156916088672
561,0.4585007464531616,0.4585146428158703
562,0.4584997421656434,0.4585135989447816
563,0.45849874270971686,0.45851255996492113
564,0.4584977480543253,0.4585115258458813
565,0.4584967581686947,0.45851049655752396
566,0.45849577302232997,0.45850947206997733
567,0.4584947925850121,0.45850845235363236
568,0.4584938168267947,0.4585074373791407
569,0.4584928457180011,0.4585064271174107
570,0.45849187922922074,0.45850542153960516
571,0.45849091733130665,0.4585044206171383
572,0.45848995999537195,0.4585034243216723
573,0.458489007192787,0.45850243262511525
574,0.45848805889517624,0.45850144549961824
575,0.45848711507441586,0.45850046291757185
576,0.45848617570263017,0.4584994848516043
577,0.4584852407521892,0.45849851127457847
578,0.45848431019570574,0.4584975421595891
579,0.4584833840060323,0.4584965774799601
580,0.4584824621562591,0.45849561720924253
581,0.45848154461971036,0.45849466132121114
582,0.45848063136994266,0.45849370978986304
583,0.4584797223807414,0.45849276258941396
584,0.45847881762611886,0.45849181969429664
585,0.4584779170803113,0.45849088107915803
586,0.45847702071777646,0.4584899467188574
587,0.45847612851319114,0.4584890165884631
588,0.45847524044144866,0.458488090663251
589,0.4584743564776564,0.45848716891870206
590,0.4584734765971335,0.45848625133049975
591,0.45847260077540836,0.45848533787452805
592,0.4584717289882167,0.45848442852686916
593,0.4584708612114984,0.4584835232638015
594,0.45846999742139627,0.45848262206179735
595,0.45846913759425273,0.4584817248975207
596,0.4584682817066086,0.45848083174782533
597,0.4584674297352001,0.45847994258975283
598,0.45846658165695725,0.45847905740053
599,0.4584657374490013,0.4584781761575675
600,0.4584648970886429,0.4584772988384576
601,0.4584640605533802,0.45847642542097206
602,0.4584632278208959,0.4584755558830602
603,0.4584623988690564,0.4584746902028476
604,0.45846157367590906,0.4584738283586332
605,0.4584607522196805,0.45847297032888823
606,0.4584599344787745,0.4584721160922539
607,0.45845912043176984,0.45847126562754004
608,0.4584583100574193,0.45847041891372287
609,0.45845750333464663,0.45846957592994336
610,0.4584567002425456,0.45846873665550547
611,0.4584559007603775,0.4584679010698747
612,0.45845510486756996,0.4584670691526758
613,0.4584543125437145,0.45846624088369187
614,0.4584535237685654,0.45846541624286186
615,0.4584527385220376,0.45846459521027944
616,0.4584519567842049,0.4584637777661914
617,0.4584511785352987,0.4584629638909957
618,0.4584504037557059,0.4584621535652402
619,0.45844963242596726,0.4584613467696211
620,0.45844886452677636,0.4584605434849811
621,0.4584481000389768,0.4584597436923082
622,0.4584473389435622,0.45845894737273396
623,0.4584465812216732,0.45845815450753213
624,0.4584458268545965,0.45845736507811735
625,0.4584450758237636,0.45845657906604337
626,0.45844432811074903,0.4584557964530018
627,0.45844358369726845,0.45845501722082066
628,0.45844284256517775,0.45845424135146307
629,0.45844210469647145,0.4584534688270257
630,0.45844137007328134,0.45845269962973756
631,0.4584406386778746,0.45845193374195853
632,0.45843991049265304,0.4584511711461783
633,0.4584391855001511,0.45845041182501467
634,0.4584384636830351,0.45844965576121255
635,0.45843774502410134,0.4584489029376426
636,0.45843702950627524,0.4584481533372999
637,0.4584363171126094,0.4584474069433027
638,0.4584356078262832,0.4584466637388913
639,0.4584349016306005,0.45844592370742693
640,0.45843419850898925,0.45844518683239005
641,0.45843349844499975,0.45844445309737986
642,0.4584328014223033,0.4584437224861125
643,0.45843210742469154,0.4584429949824202
644,0.4584314164360747,0.45844227057025033
645,0.4584307284404807,0.4584415492336637
646,0.45843004342205357,0.458440830956834
647,0.4584293613650531,0.4584401157240466
648,0.45842868225385297,0.4584394035196968
649,0.45842800607293965,0.45843869432828993
650,0.4584273328069117,0.45843798813443914
651,0.45842666244047825,0.4584372849228653
652,0.4584259949584582,0.45843658467839504
653,0.45842533034577887,0.4584358873859605
654,0.45842466858747527,0.458435193030598
655,0.45842400966868874,0.458434501597447
656,0.4584233535746659,0.458433813071749
657,0.45842270029075805,0.45843312743884695
658,0.45842204980241946,0.4584324446841841
659,0.4584214020952071,0.4584317647933027
660,0.458420757154779,0.45843108775184377
661,0.4584201149668937,0.4584304135455453
662,0.45841947551740914,0.45842974216024207
663,0.4584188387922817,0.4584290735818645
664,0.4584182047775653,0.45842840779643745
665,0.45841757345941025,0.4584277447900798
666,0.4584169448240625,0.4584270845490034
667,0.458416318857863,0.4584264270595118
668,0.45841569554724637,0.4584257723080002
669,0.45841507487873995,0.458425120280954
670,0.45841445683896337,0.45842447096494787
671,0.4584138414146275,0.45842382434664547
672,0.4584132285925333,0.4584231804127982
673,0.45841261835957126,0.4584225391502446
674,0.4584120107027205,0.4584219005459095
675,0.4584114056090481,0.45842126458680293
676,0.458410803065708,0.4584206312600199
677,0.45841020305994,0.4584200005527393
678,0.45840960557906985,0.4584193724522229
679,0.4584090106105073,0.45841874694581536
680,0.4584084181417465,0.4584181240209425
681,0.458407828160364,0.4584175036651114
682,0.4584072406540189,0.45841688586590923
683,0.45840665561045185,0.45841627061100243
684,0.458406073017484,0.45841565788813654
685,0.4584054928630168,0.458415047685135
686,0.4584049151350308,0.4584144399898985
687,0.4584043398215851,0.4584138347904046
688,0.4584037669108168,0.4584132320747067
689,0.45840319639093996,0.45841263183093356
690,0.45840262825024514,0.45841203404728875
691,0.4584020624770988,0.45841143871204953
692,0.45840149905994215,0.4584108458135667
693,0.45840093798729104,0.4584102553402639
694,0.458400379247735,0.4584096672806366
695,0.4583998228299368,0.4584090816232516
696,0.4583992687226313,0.45840849835674713
697,0.4583987169146252,0.458407917469831
698,0.4583981673947969,0.4584073389512809
699,0.4583976201520944,0.4584067627899434
700,0.45839707517553646,0.4584061889747338
701,0.45839653245421064,0.4584056174946346
702,0.45839599197727304,0.4584050483386962
703,0.4583954537339485,0.4584044814960354
704,0.4583949177135286,0.45840391695583516
705,0.4583943839053723,0.4584033547073436
706,0.4583938522989048,0.45840279473987455
707,0.45839332288361667,0.45840223704280564
708,0.45839279564906404,0.45840168160557876
709,0.4583922705848677,0.4584011284176989
710,0.4583917476807123,0.4584005774687343
711,0.458391226926346,0.458400028748315
712,0.4583907083115799,0.4583994822461329
713,0.4583901918262879,0.4583989379519417
714,0.45838967746040515,0.4583983958555553
715,0.45838916520392875,0.45839785594684795
716,0.45838865504691634,0.45839731821575386
717,0.45838814697948604,0.45839678265226635
718,0.4583876409918157,0.45839624924643774
719,0.4583871370741427,0.45839571798837836
720,0.45838663521676287,0.45839518886825653
721,0.458386135410031,0.4583946618762978
722,0.4583856376443589,0.4583941370027851
723,0.45838514191021645,0.45839361423805713
724,0.45838464819813024,0.4583930935725088
725,0.4583841564986832,0.45839257499659075
726,0.4583836668025143,0.45839205850080855
727,0.458383179100318,0.45839154407572236
728,0.45838269338284376,0.4583910317119466
729,0.45838220964089565,0.4583905214001495
730,0.45838172786533193,0.45839001313105243
731,0.45838124804706487,0.45838950689543023
732,0.45838077017705925,0.4583890026841094
733,0.4583802942463335,0.45838850048796925
734,0.45837982024595797,0.45838800029794047
735,0.45837934816705517,0.45838750210500495
736,0.4583788780007993,0.45838700590019565
737,0.4583784097384156,0.458386511674596
738,0.45837794337118004,0.4583860194193391
739,0.458377478890419,0.4583855291256084
740,0.45837701628750893,0.4583850407846362
741,0.4583765555538755,0.4583845543877039
742,0.4583760966809939,0.45838406992614145
743,0.45837563966038797,0.45838358739132684
744,0.45837518448362974,0.458383106774686
745,0.4583747311423398,0.45838262806769237
746,0.4583742796281858,0.4583821512618662
747,0.4583738299328827,0.45838167634877475
748,0.4583733820481929,0.4583812033200317
749,0.4583729359659248,0.4583807321672964
750,0.4583724916779331,0.45838026288227424
751,0.4583720491761185,0.45837979545671553
752,0.4583716084524269,0.4583793298824161
753,0.4583711694988496,0.45837886615121604
754,0.4583707323074224,0.4583784042549999
755,0.4583702968702257,0.4583779441856961
756,0.4583698631793839,0.45837748593527694
757,0.45836943122706514,0.458377029495758
758,0.45836900100548117,0.4583765748591977
759,0.45836857250688645,0.45837612201769745
760,0.45836814572357865,0.45837567096340076
761,0.4583677206478977,0.45837522168849354
762,0.4583672972722255,0.45837477418520317
763,0.458366875588986,0.45837432844579856
764,0.4583664555906446,0.45837388446259014
765,0.4583660372697077,0.45837344222792875
766,0.45836562061872266,0.4583730017342061
767,0.45836520563027777,0.45837256297385387
768,0.4583647922970012,0.4583721259393442
769,0.4583643806115612,0.45837169062318855
770,0.4583639705666656,0.45837125701793796
771,0.458363562155062,0.45837082511618255
772,0.45836315536953687,0.4583703949105515
773,0.45836275020291534,0.4583699663937122
774,0.4583623466480613,0.45836953955837073
775,0.458361944697877,0.4583691143972709
776,0.45836154434530235,0.45836869090319476
777,0.4583611455833154,0.45836826906896133
778,0.45836074840493113,0.4583678488874271
779,0.45836035280320203,0.4583674303514857
780,0.4583599587712176,0.45836701345406733
781,0.4583595663021037,0.45836659818813874
782,0.4583591753890227,0.45836618454670275
783,0.45835878602517305,0.45836577252279836
784,0.4583583982037891,0.4583653621095001
785,0.4583580119181408,0.4583649532999181
786,0.4583576271615335,0.45836454608719773
787,0.4583572439273075,0.45836414046451934
788,0.4583568622088382,0.4583637364250981
789,0.4583564819995356,0.45836333396218354
790,0.4583561032928438,0.4583629330690595
791,0.45835572608224134,0.45836253373904384
792,0.45835535036124053,0.4583621359654887
793,0.4583549761233875,0.4583617397417792
794,0.4583546033622614,0.45836134506133397
795,0.4583542320714751,0.4583609519176051
796,0.45835386224467406,0.45836056030407724
797,0.45835349387553687,0.458360170214268
798,0.4583531269577742,0.4583597816417273
799,0.4583527614851293,0.45835939458003744
800,0.45835239745137757,0.4583590090228127
801,0.458352034850326,0.45835862496369933
802,0.4583516736758135,0.45835824239637496
803,0.45835131392171,0.4583578613145489
804,0.45835095558191746,0.45835748171196167
805,0.4583505986503679,0.45835710358238463
806,0.4583502431210248,0.4583567269196201
807,0.458349888987882,0.4583563517175009
808,0.45834953624496366,0.4583559779698904
809,0.4583491848863244,0.4583556056706821
810,0.45834883490604844,0.45835523481379964
811,0.45834848629825026,0.45835486539319625
812,0.45834813905707344,0.4583544974028549
813,0.4583477931766914,0.4583541308367882
814,0.4583474486513065,0.45835376568903774
815,0.4583471054751503,0.45835340195367447
816,0.4583467636424829,0.4583530396247979
817,0.4583464231475933,0.45835267869653656
818,0.45834608398479876,0.45835231916304714
819,0.4583457461484451,0.45835196101851505
820,0.45834540963290593,0.4583516042571537
821,0.4583450744325828,0.45835124887320433
822,0.45834474054190516,0.4583508948609364
823,0.4583444079553299,0.4583505422146464
824,0.458344076667341,0.458350190928659
825,0.4583437466724501,0.4583498409973255
826,0.4583434179651955,0.45834949241502476
827,0.4583430905401426,0.45834914517616243
828,0.45834276439188343,0.45834879927517097
829,0.4583424395150362,0.4583484547065094
830,0.4583421159042459,0.4583481114646634
831,0.45834179355418336,0.45834776954414463
832,0.45834147245954565,0.45834742893949115
833,0.4583411526150554,0.4583470896452668
834,0.4583408340154613,0.45834675165606165
835,0.45834051665553716,0.45834641496649065
836,0.4583402005300824,0.45834607957119505
837,0.4583398856339216,0.4583457454648411
838,0.45833957196190434,0.45834541264212014
839,0.4583392595089051,0.45834508109774863
840,0.4583389482698229,0.4583447508264682
841,0.45833863823958193,0.45834442182304486
842,0.4583383294131301,0.4583440940822693
843,0.45833802178543986,0.4583437675989568
844,0.4583377153515082,0.4583434423679468
845,0.45833741010635526,0.4583431183841029
846,0.45833710604502587,0.45834279564231284
847,0.45833680316258796,0.4583424741374881
848,0.45833650145413324,0.4583421538645639
849,0.45833620091477695,0.4583418348184992
850,0.45833590153965725,0.4583415169942763
851,0.45833560332393564,0.4583412003869007
852,0.45833530626279656,0.45834088499140124
853,0.45833501035144747,0.4583405708028298
854,0.4583347155851181,0.45834025781626103
855,0.4583344219590612,0.45833994602679257
856,0.4583341294685518,0.4583396354295444
857,0.4583338381088871,0.45833932601965943
858,0.45833354787538666,0.4583390177923025
859,0.4583332587633919,0.45833871074266097
860,0.45833297076826646,0.45833840486594424
861,0.4583326838853953,0.4583381001573838
862,0.45833239811018534,0.45833779661223284
863,0.45833211343806496,0.4583374942257665
864,0.458331829864484,0.45833719299328124
865,0.4583315473849134,0.4583368929100953
866,0.4583312659948454,0.4583365939715483
867,0.4583309856897932,0.45833629617300076
868,0.4583307064652909,0.4583359995098349
869,0.45833042831689336,0.4583357039774534
870,0.45833015124017623,0.4583354095712801
871,0.4583298752307354,0.4583351162867597
872,0.4583296002841876,0.4583348241193572
873,0.4583293263961696,0.4583345330645588
874,0.45832905356233805,0.45833424311787024
875,0.4583287817783705,0.4583339542748184
876,0.4583285110399637,0.4583336665309499
877,0.45832824134283456,0.4583333798818314
878,0.45832797268271963,0.45833309432305
879,0.45832770505537507,0.4583328098502122
880,0.4583274384565767,0.45833252645894434
881,0.4583271728821196,0.4583322441448925
882,0.458326908327818,0.45833196290372263
883,0.4583266447895057,0.4583316827311193
884,0.45832638226303507,0.4583314036227872
885,0.4583261207442778,0.4583311255744497
886,0.45832586022912436,0.4583308485818497
887,0.4583256007134838,0.4583305726407488
888,0.45832534219328414,0.4583302977469276
889,0.4583250846644716,0.4583300238961855
890,0.45832482812301084,0.45832975108434076
891,0.4583245725648853,0.4583294793072299
892,0.4583243179860961,0.45832920856070836
893,0.4583240643826627,0.45832893884064957
894,0.45832381175062276,0.45832867014294554
895,0.45832356008603164,0.4583284024635064
896,0.4583233093849627,0.45832813579826054
897,0.4583230596435067,0.45832787014315385
898,0.4583228108577725,0.45832760549415064
899,0.4583225630238863,0.4583273418472329
900,0.45832231613799157,0.4583270791984004
901,0.4583220701962494,0.45832681754367033
902,0.45832182519483783,0.4583265568790776
903,0.4583215811299525,0.4583262972006744
904,0.4583213379978056,0.4583260385045305
905,0.4583210957946267,0.4583257807867326
906,0.4583208545166621,0.45832552404338495
907,0.45832061416017483,0.45832526827060865
908,0.45832037472144466,0.4583250134645417
909,0.458320136196768,0.4583247596213391
910,0.4583198985824578,0.45832450673717284
911,0.45831966187484346,0.45832425480823136
912,0.4583194260702706,0.45832400383071986
913,0.45831919116510117,0.45832375380086
914,0.4583189571557133,0.4583235047148901
915,0.4583187240385012,0.4583232565690646
916,0.4583184918098751,0.45832300935965425
917,0.4583182604662611,0.4583227630829463
918,0.4583180300041012,0.4583225177352438
919,0.458317800419853,0.45832227331286596
920,0.45831757170998993,0.45832202981214804
921,0.4583173438710008,0.45832178722944095
922,0.4583171168993901,0.4583215455611115
923,0.4583168907916778,0.45832130480354255
924,0.4583166655443989,0.45832106495313185
925,0.458316441154104,0.4583208260062935
926,0.4583162176173587,0.45832058795945624
927,0.4583159949307435,0.4583203508090652
928,0.4583157730908544,0.45832011455157984
929,0.45831555209430186,0.45831987918347566
930,0.45831533193771157,0.45831964470124265
931,0.45831511261772373,0.4583194111013864
932,0.4583148941309934,0.4583191783804273
933,0.4583146764741903,0.4583189465349007
934,0.4583144596439984,0.4583187155613565
935,0.45831424363711665,0.45831848545636
936,0.4583140284502582,0.4583182562164908
937,0.4583138140801502,0.45831802783834313
938,0.4583136005235345,0.45831780031852587
939,0.458313387777167,0.4583175736536624
940,0.4583131758378177,0.4583173478403906
941,0.45831296470227056,0.4583171228753623
942,0.4583127543673236,0.4583168987552442
943,0.4583125448297888,0.45831667547671673
944,0.4583123360864917,0.4583164530364746
945,0.45831212813427197,0.45831623143122663
946,0.4583119209699828,0.45831601065769556
947,0.4583117145904908,0.45831579071261824
948,0.4583115089926765,0.45831557159274505
949,0.4583113041734337,0.45831535329484047
950,0.4583111001296695,0.4583151358156823
951,0.45831089685830473,0.4583149191520625
952,0.4583106943562731,0.45831470330078616
953,0.45831049262052176,0.4583144882586723
954,0.45831029164801085,0.4583142740225531
955,0.4583100914357137,0.458314060589274
956,0.45830989198061667,0.4583138479556942
957,0.4583096932797191,0.4583136361186858
958,0.458309495330033,0.45831342507513434
959,0.4583092981285835,0.4583132148219381
960,0.4583091016724083,0.4583130053560089
961,0.4583089059585578,0.4583127966742711
962,0.45830871098409515,0.45831258877366265
963,0.45830851674609585,0.4583123816511335
964,0.4583083232416483,0.45831217530364715
965,0.45830813046785274,0.4583119697281793
966,0.45830793842182244,0.4583117649217189
967,0.4583077471006825,0.458311560881267
968,0.45830755650157073,0.4583113576038377
969,0.4583073666216366,0.45831115508645703
970,0.45830717745804234,0.45831095332616395
971,0.4583069890079617,0.45831075232000973
972,0.45830680126858075,0.4583105520650578
973,0.45830661423709756,0.45831035255838404
974,0.45830642791072196,0.45831015379707624
975,0.45830624228667566,0.4583099557782347
976,0.4583060573621922,0.45830975849897165
977,0.45830587313451704,0.45830956195641137
978,0.45830568960090684,0.4583093661476901
979,0.45830550675863035,0.458309171069956
980,0.45830532460496765,0.45830897672036913
981,0.4583051431372103,0.45830878309610157
982,0.4583049623526615,0.4583085901943365
983,0.4583047822486358,0.45830839801226964
984,0.4583046028224589,0.45830820654710785
985,0.458304424071468,0.45830801579606956
986,0.4583042459930114,0.45830782575638496
987,0.4583040685844487,0.4583076364252956
988,0.4583038918431505,0.4583074478000545
989,0.45830371576649864,0.4583072598779259
990,0.45830354035188586,0.45830707265618587
991,0.45830336559671575,0.4583068861321209
992,0.4583031914984031,0.4583067003030295
993,0.45830301805437335,0.45830651516622084
994,0.4583028452620629,0.45830633071901544
995,0.45830267311891887,0.45830614695874483
996,0.4583025016223989,0.45830596388275147
997,0.45830233076997146,0.458305781488389
998,0.45830216055911566,0.45830559977302165
999,0.45830199098732105,0.45830541873402464
1000,0.458301822052088,0.4583052383687841
1001,0.4583016537509267,0.4583050586746969
1002,0.4583014860813585,0.4583048796491704
1003,0.4583013190409145,0.4583047012896228
1004,0.45830115262713655,0.458304523593483
1005,0.4583009868375765,0.45830434655819025
1006,0.45830082166979635,0.4583041701811943
1007,0.45830065712136864,0.4583039944599556
1008,0.4583004931898758,0.4583038193919448
1009,0.45830032987291014,0.4583036449746431
1010,0.45830016716807426,0.4583034712055417
1011,0.4583000050729807,0.4583032980821425
1012,0.4582998435852519,0.4583031256019573
1013,0.45829968270252003,0.45830295376250807
1014,0.45829952242242755,0.45830278256132717
1015,0.45829936274262617,0.4583026119959569
1016,0.45829920366077764,0.4583024420639496
1017,0.4582990451745534,0.45830227276286756
1018,0.45829888728163454,0.4583021040902831
1019,0.45829872997971155,0.45830193604377834
1020,0.45829857326648493,0.4583017686209454
1021,0.4582984171396642,0.4583016018193862
1022,0.45829826159696874,0.4583014356367122
1023,0.45829810663612724,0.4583012700705449
1024,0.45829795225487774,0.45830110511851524
1025,0.45829779845096763,0.45830094077826394
1026,0.4582976452221537,0.45830077704744127
1027,0.45829749256620195,0.458300613923707
1028,0.45829734048088755,0.45830045140473064
1029,0.45829718896399474,0.45830028948819085
1030,0.45829703801331745,0.45830012817177584
1031,0.458296887626658,0.45829996745318313
1032,0.45829673780182806,0.4582998073301199
1033,0.45829658853664845,0.4582996478003023
1034,0.4582964398289487,0.4582994888614557
1035,0.4582962916765675,0.4582993305113148
1036,0.45829614407735236,0.45829917274762366
1037,0.4582959970291596,0.4582990155681352
1038,0.45829585052985417,0.4582988589706116
1039,0.4582957045773103,0.4582987029528238
1040,0.4582955591694103,0.45829854751255217
1041,0.45829541430404563,0.45829839264758576
1042,0.4582952699791163,0.45829823835572264
1043,0.4582951261925309,0.4582980846347697
1044,0.4582949829422065,0.458297931482543
1045,0.45829484022606876,0.4582977788968669
1046,0.458294698042052,0.45829762687557496
1047,0.45829455638809874,0.45829747541650917
1048,0.4582944152621602,0.4582973245175204
1049,0.4582942746621956,0.4582971741764682
1050,0.45829413458617274,0.45829702439122055
1051,0.4582939950320678,0.45829687515965434
1052,0.4582938559978651,0.45829672647965464
1053,0.4582937174815571,0.458296578349115
1054,0.4582935794811448,0.458296430765938
1055,0.458293441994637,0.45829628372803405
1056,0.4582933050200506,0.45829613723332224
1057,0.45829316855541113,0.4582959912797299
1058,0.45829303259875126,0.4582958458651928
1059,0.45829289714811255,0.4582957009876548
1060,0.458292762201544,0.4582955566450683
1061,0.4582926277571026,0.4582954128353937
1062,0.4582924938128537,0.4582952695565995
1063,0.4582923603668699,0.45829512680666257
1064,0.4582922274172319,0.4582949845835678
1065,0.4582920949620284,0.45829484288530803
1066,0.4582919629993555,0.4582947017098843
1067,0.4582918315273173,0.4582945610553056
1068,0.45829170054402535,0.4582944209195888
1069,0.45829157004759924,0.4582942813007587
1070,0.45829144003616584,0.4582941421968482
1071,0.4582913105078596,0.45829400360589784
1072,0.4582911814608228,0.4582938655259561
1073,0.45829105289320526,0.45829372795507906
1074,0.45829092480316386,0.4582935908913311
1075,0.45829079718886345,0.45829345433278346
1076,0.4582906700484759,0.45829331827751585
1077,0.4582905433801807,0.45829318272361524
1078,0.4582904171821647,0.4582930476691764
1079,0.458290291452622,0.4582929131123016
1080,0.45829016618975416,0.4582927790511005
1081,0.4582900413917696,0.4582926454836907
1082,0.4582899170568845,0.45829251240819696
1083,0.45828979318332197,0.4582923798227517
1084,0.45828966976931224,0.4582922477254946
1085,0.4582895468130928,0.4582921161145728
1086,0.4582894243129081,0.4582919849881409
1087,0.45828930226700987,0.4582918543443608
1088,0.45828918067365687,0.4582917241814014
1089,0.45828905953111465,0.45829159449743945
1090,0.45828893883765587,0.45829146529065845
1091,0.4582888185915602,0.45829133655924936
1092,0.45828869879111417,0.4582912083014101
1093,0.4582885794346112,0.4582910805153461
1094,0.4582884605203517,0.4582909531992695
1095,0.45828834204664276,0.4582908263513998
1096,0.4582882240117983,0.45829069996996347
1097,0.45828810641413903,0.45829057405319396
1098,0.4582879892519924,0.45829044859933177
1099,0.4582878725236925,0.4582903236066245
1100,0.4582877562275804,0.4582901990733263
1101,0.4582876403620034,0.4582900749976987
1102,0.4582875249253159,0.45828995137800976
1103,0.4582874099158783,0.45828982821253456
1104,0.45828729533205825,0.4582897054995549
1105,0.45828718117222933,0.45828958323735947
1106,0.45828706743477204,0.4582894614242436
1107,0.4582869541180733,0.45828934005850946
1108,0.45828684122052626,0.458289219138466
1109,0.4582867287405308,0.4582890986624285
1110,0.458286616676493,0.4582889786287193
1111,0.45828650502682544,0.4582888590356673
1112,0.4582863937899469,0.45828873988160757
1113,0.4582862829642826,0.4582886211648822
1114,0.45828617254826404,0.4582885028838397
1115,0.45828606254032883,0.45828838503683506
1116,0.4582859529389212,0.45828826762222963
1117,0.4582858437424912,0.45828815063839135
1118,0.4582857349494952,0.4582880340836946
1119,0.4582856265583957,0.4582879179565203
1120,0.45828551856766153,0.4582878022552553
1121,0.4582854109757672,0.458287686978293
1122,0.45828530378119386,0.4582875721240334
1123,0.4582851969824282,0.4582874576908826
1124,0.45828509057796324,0.45828734367725266
1125,0.45828498456629785,0.45828723008156247
1126,0.4582848789459371,0.45828711690223656
1127,0.45828477371539167,0.458287004137706
1128,0.45828466887317854,0.458286891786408
1129,0.4582845644178203,0.45828677984678584
1130,0.45828446034784537,0.45828666831728865
1131,0.45828435666178846,0.45828655719637224
1132,0.4582842533581896,0.45828644648249783
1133,0.4582841504355948,0.4582863361741331
1134,0.45828404789255595,0.4582862262697516
1135,0.45828394572763065,0.4582861167678329
1136,0.4582838439393822,0.4582860076668625
1137,0.45828374252637955,0.4582858989653318
1138,0.4582836414871973,0.45828579066173813
1139,0.45828354082041595,0.45828568275458487
1140,0.4582834405246213,0.4582855752423808
1141,0.4582833405984049,0.4582854681236411
1142,0.45828324104036394,0.4582853613968864
1143,0.4582831418491013,0.4582852550606433
1144,0.45828304302322487,0.4582851491134439
1145,0.45828294456134866,0.45828504355382643
1146,0.4582828464620918,0.45828493838033435
1147,0.4582827487240789,0.45828483359151734
1148,0.4582826513459403,0.4582847291859304
1149,0.45828255432631154,0.45828462516213414
1150,0.4582824576638334,0.458284521518695
1151,0.45828236135715233,0.45828441825418487
1152,0.45828226540492,0.4582843153671814
1153,0.45828216980579345,0.4582842128562675
1154,0.45828207455843495,0.4582841107200319
1155,0.4582819796615121,0.4582840089570685
1156,0.4582818851136977,0.45828390756597703
1157,0.45828179091367,0.4582838065453625
1158,0.4582816970601121,0.4582837058938353
1159,0.45828160355171266,0.4582836056100115
1160,0.45828151038716536,0.45828350569251214
1161,0.45828141756516905,0.458283406139964
1162,0.45828132508442754,0.4582833069509991
1163,0.45828123294365014,0.4582832081242547
1164,0.4582811411415507,0.4582831096583733
1165,0.45828104967684874,0.4582830115520031
1166,0.4582809585482684,0.4582829138037969
1167,0.4582808677545389,0.4582828164124133
1168,0.45828077729439465,0.45828271937651593
1169,0.4582806871665748,0.4582826226947735
1170,0.45828059736982374,0.45828252636586
1171,0.4582805079028905,0.45828243038845456
1172,0.45828041876452935,0.4582823347612415
1173,0.458280329953499,0.45828223948291014
1174,0.4582802414685635,0.4582821445521549
1175,0.4582801533084916,0.45828204996767535
1176,0.4582800654720569,0.4582819557281761
1177,0.45827997795803743,0.4582818618323667
1178,0.45827989076521697,0.4582817682789616
1179,0.45827980389238293,0.45828167506668066
1180,0.45827971733832823,0.4582815821942483
1181,0.45827963110185044,0.458281489660394
1182,0.4582795451817515,0.4582813974638522
1183,0.4582794595768384,0.45828130560336217
1184,0.4582793742859227,0.4582812140776682
1185,0.45827928930782047,0.45828112288551925
1186,0.4582792046413527,0.45828103202566933
1187,0.45827912028534484,0.45828094149687715
1188,0.4582790362386268,0.4582808512979062
1189,0.45827895250003337,0.4582807614275248
1190,0.45827886906840365,0.4582806718845061
1191,0.4582787859425816,0.45828058266762794
1192,0.4582787031214153,0.4582804937756729
1193,0.45827862060375757,0.45828040520742813
1194,0.4582785383884657,0.4582803169616857
1195,0.45827845647440146,0.45828022903724214
1196,0.45827837486043105,0.4582801414328988
1197,0.4582782935454251,0.4582800541474615
1198,0.45827821252825857,0.4582799671797409
1199,0.4582781318078109,0.4582798805285519
1200,0.45827805138296596,0.45827979419271436
1201,0.45827797125261194,0.4582797081710525
1202,0.45827789141564124,0.45827962246239495
1203,0.45827781187095085,0.4582795370655752
1204,0.4582777326174418,0.4582794519794309
1205,0.4582776536540197,0.4582793672028044
1206,0.4582775749795939,0.4582792827345425
1207,0.45827749659307865,0.45827919857349614
1208,0.4582774184933922,0.45827911471852123
1209,0.4582773406794568,0.4582790311684776
1210,0.458277263150199,0.4582789479222298
1211,0.45827718590454963,0.4582788649786465
1212,0.4582771089414438,0.4582787823366009
1213,0.4582770322598205,0.45827869999497056
1214,0.458276955858623,0.45827861795263714
1215,0.45827687973679865,0.45827853620848674
1216,0.45827680389329895,0.45827845476140994
1217,0.45827672832707933,0.45827837361030144
1218,0.4582766530370994,0.45827829275405985
1219,0.4582765780223229,0.45827821219158854
1220,0.4582765032817175,0.45827813192179484
1221,0.4582764288142548,0.4582780519435903
1222,0.45827635461891064,0.45827797225589084
1223,0.4582762806946645,0.45827789285761605
1224,0.45827620704050015,0.4582778137476903
1225,0.45827613365540515,0.4582777349250417
1226,0.4582760605383711,0.4582776563886025
1227,0.4582759876883932,0.45827757813730924
1228,0.4582759151044711,0.4582775001701022
1229,0.45827584278560785,0.45827742248592623
1230,0.45827577073081055,0.45827734508372986
1231,0.45827569893909015,0.45827726796246565
1232,0.4582756274094615,0.45827719112109044
1233,0.4582755561409431,0.45827711455856474
1234,0.45827548513255756,0.4582770382738533
1235,0.4582754143833308,0.4582769622659246
1236,0.458275343892293,0.4582768865337516
1237,0.4582752736584779,0.45827681107631046
1238,0.458275203680923,0.45827673589258167
1239,0.4582751339586694,0.4582766609815496
1240,0.45827506449076205,0.45827658634220275
1241,0.45827499527624965,0.45827651197353286
1242,0.45827492631418454,0.4582764378745363
1243,0.4582748576036226,0.45827636404421257
1244,0.45827478914362346,0.4582762904815654
1245,0.45827472093325056,0.4582762171856022
1246,0.4582746529715705,0.4582761441553343
1247,0.4582745852576542,0.45827607138977683
1248,0.4582745177905753,0.4582759988879485
1249,0.4582744505694119,0.4582759266488718
1250,0.45827438359324507,0.4582758546715732
1251,0.45827431686115966,0.4582757829550826
1252,0.45827425037224384,0.4582757114984338
1253,0.4582741841255897,0.45827564030066414
1254,0.45827411812029256,0.458275569360815
1255,0.4582740523554512,0.4582754986779306
1256,0.45827398683016796,0.4582754282510599
1257,0.45827392154354885,0.4582753580792546
1258,0.4582738564947028,0.45827528816157054
1259,0.4582737916827429,0.458275218497067
1260,0.45827372710678493,0.45827514908480677
1261,0.4582736627659486,0.45827507992385624
1262,0.4582735986593569,0.45827501101328555
1263,0.45827353478613614,0.4582749423521681
1264,0.45827347114541583,0.45827487393958116
1265,0.45827340773632913,0.4582748057746052
1266,0.45827334455801233,0.45827473785632444
1267,0.45827328160960534,0.4582746701838263
1268,0.4582732188902511,0.458274602756202
1269,0.45827315639909577,0.45827453557254605
1270,0.4582730941352891,0.4582744686319565
1271,0.4582730320979841,0.45827440193353464
1272,0.4582729702863367,0.4582743354763855
1273,0.4582729086995065,0.4582742692596172
1274,0.45827284733665596,0.45827420328234153
1275,0.45827278619695117,0.4582741375436734
1276,0.45827272527956087,0.4582740720427313
1277,0.45827266458365756,0.45827400677863694
1278,0.4582726041084167,0.45827394175051545
1279,0.4582725438530168,0.45827387695749533
1280,0.4582724838166397,0.4582738123987084
1281,0.45827242399847035,0.4582737480732895
1282,0.4582723643976967,0.45827368398037693
1283,0.45827230501350996,0.4582736201191126
1284,0.4582722458451045,0.45827355648864126
1285,0.4582721868916777,0.458273493088111
1286,0.4582721281524299,0.45827342991667325
1287,0.4582720696265648,0.45827336697348264
1288,0.4582720113132888,0.45827330425769686
1289,0.4582719532118117,0.458273241768477
1290,0.458271895321346,0.45827317950498725
1291,0.45827183764110757,0.458273117466395
1292,0.458271780170315,0.4582730556518707
1293,0.45827172290819007,0.4582729940605881
1294,0.4582716658539574,0.458272932691724
1295,0.4582716090068446,0.4582728715444583
1296,0.4582715523660824,0.4582728106179742
1297,0.4582714959309043,0.4582727499114576
1298,0.4582714397005468,0.45827268942409793
1299,0.45827138367424936,0.45827262915508743
1300,0.45827132785125435,0.4582725691036216
1301,0.45827127223080694,0.4582725092688987
1302,0.45827121681215527,0.45827244965012026
1303,0.4582711615945505,0.45827239024649086
1304,0.45827110657724646,0.4582723310572178
1305,0.45827105175949967,0.4582722720815118
1306,0.45827099714056996,0.45827221331858625
1307,0.45827094271971963,0.45827215476765765
1308,0.458270888496214,0.45827209642794536
1309,0.4582708344693212,0.458272038298672
1310,0.4582707806383117,0.4582719803790628
1311,0.4582707270024597,0.4582719226683461
1312,0.45827067356104123,0.45827186516575286
1313,0.4582706203133356,0.45827180787051747
1314,0.4582705672586247,0.4582717507818769
1315,0.45827051439619326,0.4582716938990709
1316,0.45827046172532865,0.4582716372213424
1317,0.45827040924532103,0.45827158074793684
1318,0.45827035695546325,0.458271524478103
1319,0.458270304855051,0.4582714684110919
1320,0.45827025294338236,0.4582714125461579
1321,0.45827020121975826,0.458271356882558
1322,0.45827014968348234,0.4582713014195518
1323,0.4582700983338608,0.458271246156402
1324,0.4582700471702026,0.45827119109237396
1325,0.45826999619181935,0.458271136226736
1326,0.4582699453980249,0.4582710815587587
1327,0.45826989478813634,0.45827102708771594
1328,0.458269844361473,0.45827097281288415
1329,0.45826979411735674,0.4582709187335423
1330,0.4582697440551122,0.45827086484897234
1331,0.4582696941740665,0.4582708111584589
1332,0.45826964447354934,0.4582707576612892
1333,0.45826959495289304,0.45827070435675327
1334,0.45826954561143224,0.4582706512441436
1335,0.45826949644850445,0.4582705983227556
1336,0.4582694474634495,0.4582705455918873
1337,0.4582693986556096,0.4582704930508391
1338,0.45826935002432984,0.45827044069891437
1339,0.45826930156895745,0.458270388535419
1340,0.4582692532888424,0.4582703365596616
1341,0.4582692051833369,0.4582702847709531
1342,0.45826915725179584,0.45827023316860716
1343,0.45826910949357635,0.4582701817519402
1344,0.4582690619080383,0.4582701305202711
1345,0.4582690144945436,0.4582700794729211
1346,0.4582689672524571,0.4582700286092143
1347,0.4582689201811455,0.4582699779284773
1348,0.45826887327997834,0.458269927430039
1349,0.45826882654832723,0.45826987711323114
1350,0.4582687799855665,0.4582698269773876
1351,0.4582687335910726,0.4582697770218453
1352,0.45826868736422455,0.4582697272459431
1353,0.4582686413044035,0.4582696776490227
1354,0.4582685954109931,0.45826962823042805
1355,0.4582685496833793,0.4582695789895058
1356,0.4582685041209505,0.4582695299256051
1357,0.45826845872309724,0.45826948103807713
1358,0.4582684134892124,0.4582694323262758
1359,0.45826836841869123,0.4582693837895575
1360,0.4582683235109313,0.45826933542728093
1361,0.4582682787653325,0.4582692872388073
1362,0.45826823418129664,0.45826923922350005
1363,0.4582681897582284,0.45826919138072525
1364,0.4582681454955343,0.45826914370985095
1365,0.4582681013926231,0.45826909621024814
1366,0.458268057448906,0.45826904888128966
1367,0.4582680136637963,0.458269001722351
1368,0.45826797003670966,0.45826895473281
1369,0.4582679265670637,0.4582689079120466
1370,0.4582678832542786,0.45826886125944316
1371,0.4582678400977764,0.4582688147743847
1372,0.45826779709698157,0.458268768456258
1373,0.45826775425132044,0.4582687223044524
1374,0.45826771156022206,0.45826867631835977
1375,0.458267669023117,0.4582686304973738
1376,0.45826762663943865,0.4582685848408908
1377,0.458267584408622,0.45826853934830913
1378,0.45826754233010436,0.4582684940190295
1379,0.4582675004033252,0.45826844885245505
1380,0.45826745862772605,0.45826840384799084
1381,0.45826741700275075,0.4582683590050441
1382,0.45826737552784497,0.45826831432302484
1383,0.4582673342024567,0.4582682698013447
1384,0.45826729302603575,0.4582682254394178
1385,0.45826725199803436,0.4582681812366603
1386,0.45826721111790664,0.45826813719249077
1387,0.4582671703851086,0.45826809330632984
1388,0.4582671297990987,0.45826804957760015
1389,0.45826708935933713,0.45826800600572687
1390,0.45826704906528626,0.45826796259013686
1391,0.45826700891641037,0.4582679193302596
1392,0.458266968912176,0.4582678762255264
1393,0.4582669290520514,0.45826783327537063
1394,0.4582668893355072,0.4582677904792281
1395,0.4582668497620154,0.4582677478365365
1396,0.4582668103310509,0.4582677053467356
1397,0.4582667710420898,0.4582676630092675
1398,0.4582667318946104,0.4582676208235761
1399,0.4582666928880933,0.4582675787891077
1400,0.45826665402202055,0.45826753690531025
1401,0.45826661529587653,0.4582674951716342
1402,0.4582665767091474,0.4582674535875315
1403,0.45826653826132124,0.458267412152457
1404,0.4582664999518882,0.45826737086586666
1405,0.45826646178034003,0.4582673297272192
1406,0.4582664237461709,0.4582672887359749
1407,0.4582663858488766,0.45826724789159623
1408,0.4582663480879547,0.45826720719354774
1409,0.4582663104629047,0.4582671666412957
1410,0.45826627297322836,0.45826712623430876
1411,0.458266235618429,0.4582670859720574
1412,0.4582661983980115,0.4582670458540139
1413,0.4582661613114835,0.45826700587965274
1414,0.4582661243583535,0.4582669660484502
1415,0.45826608753813247,0.45826692635988453
1416,0.4582660508503331,0.4582668868134362
1417,0.4582660142944698,0.45826684740858725
1418,0.45826597787005885,0.45826680814482185
1419,0.45826594157661843,0.45826676902162594
1420,0.45826590541366846,0.45826673003848767
1421,0.45826586938073066,0.4582666911948968
1422,0.45826583347732874,0.4582666524903452
1423,0.45826579770298764,0.45826661392432644
1424,0.4582657620572349,0.4582665754963361
1425,0.45826572653959924,0.4582665372058717
1426,0.45826569114961124,0.4582664990524324
1427,0.4582656558868034,0.4582664610355196
1428,0.45826562075071003,0.4582664231546361
1429,0.45826558574086695,0.45826638540928694
1430,0.4582655508568119,0.45826634779897896
1431,0.45826551609808425,0.45826631032322046
1432,0.45826548146422513,0.458266272981522
1433,0.4582654469547775,0.4582662357733958
1434,0.45826541256928593,0.45826619869835605
1435,0.45826537830729663,0.4582661617559183
1436,0.45826534416835785,0.4582661249456003
1437,0.45826531015201893,0.4582660882669217
1438,0.45826527625783153,0.4582660517194035
1439,0.45826524248534867,0.45826601530256883
1440,0.45826520883412497,0.4582659790159425
1441,0.45826517530371713,0.45826594285905103
1442,0.458265141893683,0.45826590683142276
1443,0.4582651086035825,0.45826587093258775
1444,0.4582650754329769,0.45826583516207775
1445,0.45826504238142923,0.4582657995194266
1446,0.4582650094485043,0.45826576400416935
1447,0.45826497663376825,0.458265728615843
1448,0.4582649439367891,0.45826569335398665
1449,0.4582649113571365,0.4582656582181403
1450,0.4582648788943815,0.45826562320784653
1451,0.45826484654809696,0.45826558832264885
1452,0.4582648143178572,0.4582655535620932
1453,0.45826478220323824,0.4582655189257266
1454,0.4582647502038176,0.4582654844130979
1455,0.4582647183191744,0.45826545002375807
1456,0.45826468654888947,0.4582654157572591
1457,0.4582646548925451,0.4582653816131549
1458,0.45826462334972506,0.4582653475910014
1459,0.4582645919200148,0.45826531369035556
1460,0.4582645606030012,0.4582652799107763
1461,0.45826452939827284,0.45826524625182435
1462,0.4582644983054198,0.45826521271306164
1463,0.4582644673240337,0.4582651792940522
1464,0.4582644364537075,0.4582651459943612
1465,0.4582644056940361,0.45826511281355586
1466,0.45826437504461526,0.4582650797512046
1467,0.458264344505043,0.45826504680687785
1468,0.45826431407491836,0.4582650139801474
1469,0.4582642837538419,0.4582649812705866
1470,0.458264253541416,0.45826494867777046
1471,0.45826422343724404,0.4582649162012756
1472,0.4582641934409313,0.4582648838406799
1473,0.4582641635520844,0.4582648515955634
1474,0.4582641337703114,0.4582648194655073
1475,0.45826410409522184,0.4582647874500942
1476,0.4582640745264266,0.45826475554890866
1477,0.4582640450635383,0.45826472376153654
1478,0.4582640157061706,0.45826469208756526
1479,0.4582639864539392,0.45826466052658366
1480,0.45826395730646047,0.4582646290781825
1481,0.4582639282633529,0.45826459774195344
1482,0.458263899324236,0.45826456651749026
1483,0.4582638704887309,0.4582645354043879
1484,0.45826384175645996,0.4582645044022428
1485,0.45826381312704706,0.458264473510653
1486,0.45826378460011763,0.45826444272921807
1487,0.45826375617529813,0.458264412057539
1488,0.45826372785221675,0.45826438149521803
1489,0.45826369963050295,0.4582643510418594
1490,0.4582636715097875,0.45826432069706824
1491,0.4582636434897026,0.45826429046045164
1492,0.4582636155698819,0.45826426033161766
1493,0.45826358774996045,0.45826423031017616
1494,0.45826356002957436,0.45826420039573834
1495,0.4582635324083613,0.45826417058791696
1496,0.45826350488596046,0.45826414088632583
1497,0.45826347746201207,0.4582641112905808
1498,0.45826345013615793,0.4582640818002984
1499,0.4582634229080409,0.45826405241509716
1500,0.45826339577730546,0.4582640231345969
1501,0.4582633687435974,0.4582639939584186
1502,0.45826334180656364,0.4582639648861848
1503,0.4582633149658523,0.45826393591751985
1504,0.4582632882211134,0.4582639070520485
1505,0.45826326157199754,0.45826387828939774
1506,0.4582632350181572,0.45826384962919575
1507,0.4582632085592458,0.45826382107107194
1508,0.4582631821949181,0.458263792614657
1509,0.4582631559248303,0.4582637642595833
1510,0.4582631297486397,0.4582637360054844
1511,0.4582631036660051,0.45826370785199516
1512,0.45826307767658636,0.4582636797987517
1513,0.4582630517800446,0.458263651845392
1514,0.45826302597604235,0.4582636239915546
1515,0.4582630002642433,0.45826359623687996
1516,0.4582629746443124,0.4582635685810096
1517,0.4582629491159159,0.45826354102358663
1518,0.45826292367872123,0.45826351356425504
1519,0.45826289833239703,0.45826348620266055
1520,0.4582628730766133,0.45826345893844994
1521,0.458262847911041,0.45826343177127143
1522,0.45826282283535263,0.4582634047007745
1523,0.45826279784922175,0.45826337772660974
1524,0.45826277295232315,0.4582633508484294
1525,0.45826274814433277,0.45826332406588655
1526,0.458262723424928,0.4582632973786361
1527,0.458262698793787,0.45826327078633367
1528,0.4582626742505895,0.45826324428863646
1529,0.4582626497950163,0.45826321788520297
1530,0.4582626254267493,0.4582631915756928
1531,0.45826260114547157,0.4582631653597668
1532,0.4582625769508676,0.4582631392370872
1533,0.45826255284262285,0.45826311320731744
1534,0.458262528820424,0.4582630872701221
1535,0.45826250488395875,0.45826306142516715
1536,0.45826248103291617,0.4582630356721196
1537,0.45826245726698644,0.4582630100106479
1538,0.45826243358586083,0.4582629844404215
1539,0.4582624099892317,0.45826295896111136
1540,0.4582623864767926,0.4582629335723893
1541,0.4582623630482384,0.4582629082739284
1542,0.45826233970326485,0.4582628830654034
1543,0.45826231644156884,0.4582628579464896
1544,0.4582622932628485,0.458262832916864
1545,0.45826227016680315,0.45826280797620444
1546,0.4582622471531331,0.4582627831241901
1547,0.4582622242215395,0.45826275836050145
1548,0.45826220137172524,0.4582627336848199
1549,0.4582621786033939,0.45826270909682804
1550,0.45826215591625014,0.45826268459621
1551,0.45826213330999976,0.4582626601826505
1552,0.4582621107843497,0.45826263585583593
1553,0.45826208833900806,0.45826261161545356
1554,0.4582620659736838,0.4582625874611919
1555,0.4582620436880871,0.4582625633927406
1556,0.4582620214819293,0.45826253940979017
1557,0.4582619993549227,0.45826251551203295
1558,0.45826197730678053,0.4582624916991616
1559,0.4582619553372174,0.45826246797087045
1560,0.4582619334459486,0.4582624443268548
1561,0.458261911632691,0.4582624207668109
1562,0.4582618898971618,0.4582623972904365
1563,0.4582618682390799,0.4582623738974301
1564,0.45826184665816483,0.45826235058749154
1565,0.45826182515413727,0.4582623273603214
1566,0.45826180372671915,0.45826230421562186
1567,0.45826178237563314,0.458262281153096
1568,0.458261761100603,0.45826225817244776
1569,0.4582617399013537,0.45826223527338233
1570,0.45826171877761085,0.4582622124556062
1571,0.4582616977291014,0.4582621897188266
1572,0.45826167675555324,0.45826216706275197
1573,0.4582616558566952,0.458262144487092
1574,0.4582616350322573,0.45826212199155697
1575,0.4582616142819701,0.4582620995758588
1576,0.4582615936055656,0.45826207723970996
1577,0.4582615730027767,0.45826205498282435
1578,0.4582615524733373,0.4582620328049167
1579,0.45826153201698205,0.45826201070570294
1580,0.4582615116334467,0.45826198868489987
1581,0.4582614913224682,0.4582619667422254
1582,0.4582614710837843,0.45826194487739863
1583,0.4582614509171335,0.4582619230901393
1584,0.4582614308222556,0.4582619013801687
1585,0.4582614107988914,0.4582618797472087
1586,0.45826139084678214,0.4582618581909824
1587,0.4582613709656706,0.45826183671121395
1588,0.4582613511553003,0.4582618153076283
1589,0.45826133141541553,0.4582617939799516
1590,0.45826131174576185,0.45826177272791097
1591,0.45826129214608535,0.45826175155123455
1592,0.45826127261613353,0.45826173044965124
1593,0.45826125315565447,0.45826170942289135
1594,0.45826123376439726,0.45826168847068577
1595,0.458261214442112,0.4582616675927666
1596,0.4582611951885496,0.4582616467888669
1597,0.458261176003462,0.45826162605872073
1598,0.45826115688660185,0.45826160540206307
1599,0.45826113783772315,0.45826158481862966
1600,0.45826111885658016,0.4582615643081578
1601,0.45826109994292874,0.4582615438703849
1602,0.4582610810965251,0.4582615235050504
1603,0.45826106231712643,0.45826150321189346
1604,0.4582610436044912,0.4582614829906554
1605,0.45826102495837845,0.45826146284107744
1606,0.45826100637854816,0.4582614427629026
1607,0.4582609878647611,0.4582614227558743
1608,0.45826096941677913,0.45826140281973693
1609,0.4582609510343648,0.45826138295423624
1610,0.45826093271728174,0.45826136315911836
1611,0.45826091446529416,0.45826134343413083
1612,0.4582608962781674,0.45826132377902173
1613,0.4582608781556676,0.4582613041935403
1614,0.4582608600975616,0.45826128467743643
1615,0.4582608421036173,0.45826126523046135
1616,0.4582608241736033,0.4582612458523668
1617,0.4582608063072892,0.45826122654290574
1618,0.45826078850444535,0.45826120730183173
1619,0.45826077076484295,0.45826118812889943
1620,0.45826075308825415,0.4582611690238644
1621,0.45826073547445173,0.458261149986483
1622,0.4582607179232094,0.45826113101651245
1623,0.45826070043430184,0.4582611121137109
1624,0.45826068300750444,0.45826109327783765
1625,0.4582606656425933,0.45826107450865244
1626,0.4582606483393456,0.4582610558059161
1627,0.458260631097539,0.4582610371693903
1628,0.45826061391695233,0.4582610185988378
1629,0.45826059679736525,0.45826100009402165
1630,0.45826057973855755,0.4582609816547064
1631,0.4582605627403108,0.4582609632806571
1632,0.4582605458024067,0.4582609449716398
1633,0.458260528924628,0.45826092672742147
1634,0.4582605121067583,0.4582609085477696
1635,0.4582604953485817,0.4582608904324529
1636,0.4582604786498835,0.4582608723812406
1637,0.45826046201044934,0.45826085439390307
1638,0.4582604454300661,0.4582608364702115
1639,0.45826042890852126,0.4582608186099376
1640,0.45826041244560284,0.45826080081285414
1641,0.4582603960411001,0.45826078307873486
1642,0.45826037969480266,0.45826076540735394
1643,0.458260363406501,0.4582607477984868
1644,0.4582603471759866,0.45826073025190933
1645,0.4582603310030516,0.4582607127673985
1646,0.4582603148874886,0.45826069534473185
1647,0.45826029882909136,0.458260677983688
1648,0.4582602828276543,0.4582606606840462
1649,0.4582602668829725,0.45826064344558654
1650,0.45826025099484174,0.45826062626808983
1651,0.45826023516305875,0.4582606091513378
1652,0.45826021938742084,0.45826059209511305
1653,0.4582602036677262,0.45826057509919876
1654,0.45826018800377344,0.458260558163379
1655,0.4582601723953625,0.45826054128743865
1656,0.4582601568422935,0.45826052447116333
1657,0.4582601413443674,0.45826050771433946
1658,0.4582601259013861,0.45826049101675426
1659,0.45826011051315213,0.45826047437819567
1660,0.4582600951794687,0.4582604577984525
1661,0.4582600799001398,0.45826044127731413
1662,0.45826006467496994,0.4582604248145711
1663,0.4582600495037646,0.4582604084100141
1664,0.45826003438632984,0.4582603920634351
1665,0.45826001932247257,0.45826037577462675
1666,0.4582600043120002,0.45826035954338223
1667,0.45825998935472095,0.45826034336949567
1668,0.45825997445044375,0.45826032725276195
1669,0.45825995959897836,0.45826031119297655
1670,0.4582599448001349,0.4582602951899356
1671,0.45825993005372445,0.45826027924343654
1672,0.4582599153595586,0.4582602633532768
1673,0.45825990071745004,0.45826024751925515
1674,0.4582598861272115,0.45826023174117075
1675,0.45825987158865705,0.4582602160188235
1676,0.45825985710160083,0.45826020035201415
1677,0.4582598426658582,0.45826018474054425
1678,0.4582598282812448,0.4582601691842158
1679,0.45825981394757714,0.4582601536828318
1680,0.4582597996646724,0.4582601382361958
1681,0.45825978543234835,0.458260122844112
1682,0.45825977125042344,0.4582601075063856
1683,0.4582597571187169,0.4582600922228222
1684,0.4582597430370485,0.45826007699322824
1685,0.45825972900523854,0.4582600618174111
1686,0.4582597150231083,0.4582600466951781
1687,0.4582597010904796,0.45826003162633805
1688,0.4582596872071747,0.45826001661070037
1689,0.4582596733730166,0.4582600016480747
1690,0.4582596595878294,0.4582599867382718
1691,0.45825964585143697,0.4582599718811029
1692,0.45825963216366467,0.45825995707638
1693,0.4582596185243379,0.4582599423239157
1694,0.4582596049332831,0.4582599276235235
1695,0.4582595913903271,0.4582599129750174
1696,0.4582595778952974,0.458259898378212
1697,0.4582595644480223,0.45825988383292265
1698,0.45825955104833044,0.45825986933896545
1699,0.45825953769605127,0.4582598548961572
1700,0.45825952439101497,0.45825984050431506
1701,0.45825951113305213,0.45825982616325733
1702,0.458259497921994,0.45825981187280246
1703,0.4582594847576724,0.45825979763276997
1704,0.45825947163992,0.45825978344297974
1705,0.4582594585685698,0.4582597693032526
1706,0.45825944554345555,0.45825975521340967
1707,0.45825943256441176,0.458259741173273
1708,0.4582594196312731,0.4582597271826653
1709,0.4582594067438753,0.4582597132414097
1710,0.45825939390205433,0.45825969934933003
1711,0.4582593811056472,0.45825968550625096
1712,0.458259368354491,0.45825967171199755
1713,0.45825935564842374,0.4582596579663957
1714,0.45825934298728394,0.4582596442692717
1715,0.45825933037091066,0.4582596306204528
1716,0.4582593177991437,0.45825961701976653
1717,0.45825930527182324,0.4582596034670412
1718,0.45825929278879024,0.4582595899621058
1719,0.458259280349886,0.45825957650478993
1720,0.4582592679549526,0.45825956309492366
1721,0.4582592556038326,0.45825954973233785
1722,0.45825924329636936,0.45825953641686384
1723,0.45825923103240634,0.4582595231483336
1724,0.458259218811788,0.45825950992657993
1725,0.45825920663435915,0.4582594967514359
1726,0.45825919449996527,0.4582594836227353
1727,0.45825918240845226,0.45825947054031263
1728,0.45825917035966696,0.458259457504003
1729,0.45825915835345615,0.45825944451364176
1730,0.4582591463896677,0.45825943156906546
1731,0.45825913446814975,0.4582594186701107
1732,0.4582591225887512,0.45825940581661495
1733,0.45825911075132114,0.45825939300841634
1734,0.45825909895570976,0.4582593802453532
1735,0.45825908720176733,0.45825936752726476
1736,0.4582590754893447,0.4582593548539909
1737,0.4582590638182937,0.4582593422253718
1738,0.45825905218846613,0.4582593296412484
1739,0.45825904059971456,0.4582593171014623
1740,0.4582590290518923,0.45825930460585534
1741,0.4582590175448528,0.45825929215427014
1742,0.4582590060784505,0.45825927974655023
1743,0.45825899465254,0.4582592673825391
1744,0.4582589832669765,0.45825925506208093
1745,0.45825897192161585,0.45825924278502084
1746,0.4582589606163143,0.45825923055120427
1747,0.45825894935092865,0.45825921836047717
1748,0.4582589381253163,0.4582592062126861
1749,0.4582589269393352,0.4582591941076781
1750,0.45825891579284356,0.4582591820453011
1751,0.4582589046857004,0.458259170025403
1752,0.45825889361776506,0.4582591580478327
1753,0.45825888258889746,0.4582591461124396
1754,0.458258871598958,0.45825913421907344
1755,0.4582588606478078,0.4582591223675847
1756,0.45825884973530795,0.4582591105578242
1757,0.45825883886132085,0.45825909878964355
1758,0.45825882802570844,0.45825908706289475
1759,0.45825881722833406,0.45825907537743044
1760,0.458258806469061,0.45825906373310343
1761,0.4582587957477532,0.4582590521297676
1762,0.45825878506427503,0.4582590405672769
1763,0.4582587744184914,0.45825902904548604
1764,0.4582587638102679,0.45825901756425047
1765,0.4582587532394703,0.4582590061234255
1766,0.458258742705965,0.4582589947228678
1767,0.4582587322096188,0.4582589833624337
1768,0.45825872175029925,0.45825897204198074
1769,0.4582587113278741,0.45825896076136663
1770,0.45825870094221155,0.4582589495204497
1771,0.4582586905931805,0.45825893831908876
1772,0.45825868028065025,0.45825892715714317
1773,0.4582586700044905,0.4582589160344727
1774,0.4582586597645714,0.45825890495093774
1775,0.4582586495607637,0.458258893906399
1776,0.45825863939293854,0.458258882900718
1777,0.4582586292609675,0.4582588719337565
1778,0.4582586191647229,0.4582588610053768
1779,0.458258609104077,0.4582588501154418
1780,0.45825859907890293,0.4582588392638149
1781,0.4582585890890742,0.4582588284503598
1782,0.45825857913446466,0.45825881767494075
1783,0.45825856921494873,0.4582588069374228
1784,0.4582585593304013,0.45825879623767113
1785,0.4582585494806976,0.4582587855755514
1786,0.45825853966571345,0.45825877495093004
1787,0.45825852988532506,0.45825876436367374
1788,0.4582585201394089,0.4582587538136496
1789,0.4582585104278424,0.4582587433007256
1790,0.4582585007505028,0.4582587328247697
1791,0.45825849110726813,0.4582587223856506
1792,0.4582584814980169,0.4582587119832374
1793,0.458258471922628,0.4582587016173999
1794,0.4582584623809806,0.4582586912880079
1795,0.4582584528729545,0.4582586809949321
1796,0.4582584433984299,0.4582586707380435
1797,0.45825843395728755,0.4582586605172135
1798,0.45825842454940835,0.45825865033231405
1799,0.4582584151746737,0.45825864018321755
1800,0.45825840583296557,0.45825863006979684
1801,0.4582583965241663,0.45825861999192535
1802,0.4582583872481586,0.45825860994947665
1803,0.45825837800482583,0.45825859994232504
1804,0.45825836879405135,0.45825858997034535
1805,0.4582583596157193,0.45825858003341247
1806,0.45825835046971414,0.4582585701314022
1807,0.45825834135592064,0.4582585602641903
1808,0.45825833227422424,0.4582585504316536
1809,0.45825832322451043,0.4582585406336686
1810,0.4582583142066655,0.45825853087011287
1811,0.45825830522057587,0.4582585211408643
1812,0.45825829626612846,0.458258511445801
1813,0.4582582873432106,0.4582585017848017
1814,0.45825827845171013,0.4582584921577454
1815,0.45825826959151517,0.4582584825645119
1816,0.4582582607625142,0.4582584730049808
1817,0.4582582519645962,0.4582584634790329
1818,0.4582582431976506,0.4582584539865488
1819,0.45825823446156705,0.4582584445274099
1820,0.4582582257562358,0.45825843510149783
1821,0.4582582170815474,0.4582584257086947
1822,0.4582582084373927,0.45825841634888304
1823,0.458258199823663,0.4582584070219459
1824,0.45825819124025036,0.4582583977277668
1825,0.4582581826870466,0.4582583884662293
1826,0.45825817416394443,0.45825837923721774
1827,0.4582581656708365,0.45825837004061665
1828,0.4582581572076163,0.4582583608763113
1829,0.4582581487741775,0.45825835174418694
1830,0.45825814037041407,0.4582583426441297
1831,0.45825813199622045,0.45825833357602563
1832,0.45825812365149166,0.4582583245397617
1833,0.45825811533612265,0.4582583155352246
1834,0.4582581070500092,0.4582583065623024
1835,0.4582580987930471,0.4582582976208825
1836,0.4582580905651328,0.4582582887108536
1837,0.45825808236616294,0.4582582798321042
1838,0.4582580741960347,0.45825827098452343
1839,0.45825806605464553,0.45825826216800103
1840,0.45825805794189295,0.4582582533824267
1841,0.45825804985767565,0.4582582446276909
1842,0.45825804180189184,0.45825823590368414
1843,0.45825803377444063,0.4582582272102977
1844,0.458258025775221,0.45825821854742305
1845,0.458258017804133,0.458258209914952
1846,0.45825800986107645,0.45825820131277684
1847,0.4582580019459517,0.45825819274079027
1848,0.4582579940586595,0.4582581841988853
1849,0.458257986199101,0.4582581756869553
1850,0.4582579783671776,0.45825816720489415
1851,0.4582579705627912,0.4582581587525961
1852,0.45825796278584374,0.4582581503299557
1853,0.458257955036238,0.4582581419368677
1854,0.45825794731387665,0.45825813357322775
1855,0.45825793961866307,0.45825812523893117
1856,0.4582579319505006,0.4582581169338743
1857,0.45825792430929324,0.45825810865795347
1858,0.45825791669494537,0.4582581004110656
1859,0.4582579091073614,0.45825809219310787
1860,0.4582579015464464,0.4582580840039777
1861,0.45825789401210576,0.4582580758435732
1862,0.45825788650424476,0.45825806771179256
1863,0.4582578790227697,0.45825805960853433
1864,0.45825787156758674,0.4582580515336978
1865,0.45825786413860253,0.4582580434871821
1866,0.45825785673572417,0.458258035468887
1867,0.4582578493588587,0.45825802747871275
1868,0.4582578420079141,0.45825801951655976
1869,0.45825783468279807,0.45825801158232876
1870,0.45825782738341914,0.458258003675921
1871,0.4582578201096858,0.45825799579723797
1872,0.45825781286150713,0.4582579879461817
1873,0.45825780563879237,0.4582579801226541
1874,0.4582577984414511,0.45825797232655807
1875,0.4582577912693933,0.4582579645577963
1876,0.45825778412252943,0.45825795681627224
1877,0.45825777700076986,0.4582579491018895
1878,0.4582577699040256,0.4582579414145518
1879,0.4582577628322078,0.45825793375416385
1880,0.4582577557852281,0.45825792612063004
1881,0.4582577487629985,0.4582579185138555
1882,0.458257741765431,0.45825791093374546
1883,0.45825773479243814,0.45825790338020567
1884,0.4582577278439327,0.45825789585314214
1885,0.4582577209198281,0.4582578883524611
1886,0.45825771402003745,0.4582578808780695
1887,0.4582577071444746,0.4582578734298741
1888,0.4582577002930538,0.45825786600778246
1889,0.4582576934656893,0.45825785861170215
1890,0.45825768666229577,0.45825785124154117
1891,0.4582576798827882,0.4582578438972079
1892,0.45825767312708204,0.45825783657861097
1893,0.4582576663950927,0.4582578292856596
1894,0.45825765968673615,0.45825782201826293
1895,0.45825765300192867,0.45825781477633054
1896,0.45825764634058674,0.4582578075597726
1897,0.4582576397026271,0.4582578003684991
1898,0.45825763308796696,0.45825779320242105
1899,0.4582576264965238,0.4582577860614491
1900,0.45825761992821507,0.4582577789454948
1901,0.45825761338295906,0.45825777185446936
1902,0.4582576068606738,0.45825776478828495
1903,0.4582576003612781,0.45825775774685357
1904,0.4582575938846908,0.45825775073008784
1905,0.45825758743083084,0.45825774373790074
1906,0.45825758099961805,0.45825773677020515
1907,0.45825757459097194,0.4582577298269147
1908,0.45825756820481256,0.4582577229079431
1909,0.4582575618410604,0.4582577160132045
1910,0.458257555499636,0.45825770914261305
1911,0.4582575491804602,0.4582577022960837
1912,0.45825754288345416,0.45825769547353123
1913,0.4582575366085394,0.4582576886748712
1914,0.4582575303556378,0.4582576819000191
1915,0.4582575241246711,0.4582576751488906
1916,0.458257517915562,0.4582576684214022
1917,0.4582575117282327,0.45825766171747023
1918,0.4582575055626063,0.4582576550370117
1919,0.45825749941860583,0.4582576483799433
1920,0.4582574932961548,0.45825764174618283
1921,0.45825748719517684,0.4582576351356478
1922,0.4582574811155959,0.4582576285482563
1923,0.45825747505733627,0.45825762198392644
1924,0.45825746902032255,0.4582576154425769
1925,0.4582574630044792,0.4582576089241266
1926,0.45825745700973175,0.45825760242849445
1927,0.4582574510360051,0.4582575959556001
1928,0.45825744508322513,0.4582575895053632
1929,0.45825743915131745,0.4582575830777038
1930,0.4582574332402084,0.4582575766725422
1931,0.45825742734982433,0.45825757028979897
1932,0.4582574214800917,0.4582575639293949
1933,0.45825741563093764,0.4582575575912512
1934,0.45825740980228924,0.45825755127528933
1935,0.45825740399407383,0.45825754498143095
1936,0.45825739820621936,0.45825753870959807
1937,0.4582573924386536,0.45825753245971307
1938,0.45825738669130484,0.45825752623169824
1939,0.4582573809641014,0.4582575200254766
1940,0.45825737525697224,0.4582575138409712
1941,0.45825736956984625,0.45825750767810547
1942,0.4582573639026526,0.4582575015368029
1943,0.458257358255321,0.45825749541698757
1944,0.4582573526277808,0.45825748931858357
1945,0.45825734701996224,0.4582574832415154
1946,0.45825734143179564,0.45825747718570786
1947,0.4582573358632115,0.45825747115108584
1948,0.45825733031414034,0.4582574651375746
1949,0.45825732478451336,0.45825745914509974
1950,0.45825731927426167,0.4582574531735871
1951,0.45825731378331686,0.4582574472229626
1952,0.45825730831161066,0.45825744129315277
1953,0.4582573028590749,0.458257435384084
1954,0.458257297425642,0.45825742949568327
1955,0.45825729201124427,0.4582574236278775
1956,0.45825728661581455,0.4582574177805944
1957,0.45825728123928566,0.4582574119537613
1958,0.4582572758815908,0.4582574061473062
1959,0.4582572705426636,0.45825740036115725
1960,0.45825726522243737,0.458257394595243
1961,0.4582572599208462,0.4582573888494918
1962,0.4582572546378244,0.45825738312383285
1963,0.458257249373306,0.45825737741819506
1964,0.45825724412722585,0.45825737173250813
1965,0.45825723889951875,0.4582573660667015
1966,0.45825723369011967,0.45825736042070514
1967,0.45825722849896405,0.45825735479444935
1968,0.4582572233259873,0.4582573491878644
1969,0.4582572181711253,0.45825734360088105
1970,0.45825721303431405,0.45825733803343016
1971,0.45825720791548963,0.458257332485443
1972,0.4582572028145887,0.45825732695685073
1973,0.4582571977315479,0.45825732144758535
1974,0.4582571926663038,0.45825731595757835
1975,0.45825718761879414,0.45825731048676227
1976,0.45825718258895587,0.45825730503506923
1977,0.4582571775767267,0.458257299602432
1978,0.4582571725820443,0.45825729418878325
1979,0.4582571676048468,0.45825728879405625
1980,0.45825716264507255,0.4582572834181843
1981,0.4582571577026598,0.4582572780611009
1982,0.45825715277754747,0.4582572727227399
1983,0.4582571478696744,0.4582572674030355
1984,0.4582571429789796,0.4582572621019218
1985,0.45825713810540253,0.45825725681933344
1986,0.45825713324888273,0.45825725155520486
1987,0.4582571284093599,0.4582572463094715
1988,0.4582571235867743,0.4582572410820682
1989,0.45825711878106584,0.45825723587293066
1990,0.45825711399217506,0.4582572306819944
1991,0.4582571092200426,0.45825722550919545
1992,0.45825710446460927,0.4582572203544699
1993,0.45825709972581613,0.4582572152177539
1994,0.4582570950036046,0.4582572100989843
1995,0.4582570902979159,0.4582572049980978
1996,0.45825708560869194,0.45825719991503155
1997,0.4582570809358745,0.45825719484972266
1998,0.4582570762794057,0.4582571898021086
1999,0.45825707163922796,0.45825718477212724
2000,0.45825706701528357,0.4582571797597163
2001,0.4582570624075155,0.4582571747648141
2002,0.4582570578158664,0.4582571697873589
2003,0.4582570532402798,0.4582571648272894
2004,0.45825704868069866,0.4582571598845443
2005,0.4582570441370667,0.45825715495906266
2006,0.45825703960932757,0.4582571500507837
2007,0.45825703509742516,0.45825714515964694
2008,0.4582570306013038,0.45825714028559206
2009,0.4582570261209077,0.45825713542855884
2010,0.45825702165618143,0.45825713058848744
2011,0.4582570172070697,0.45825712576531813
2012,0.45825701277351744,0.45825712095899157
2013,0.4582570083554698,0.4582571161694483
2014,0.45825700395287217,0.4582571113966294
2015,0.4582569995656698,0.458257106640476
2016,0.45825699519380875,0.4582571019009296
2017,0.45825699083723476,0.45825709717793145
2018,0.4582569864958939,0.4582570924714236
2019,0.4582569821697325,0.458257087781348
2020,0.458256977858697,0.4582570831076467
2021,0.45825697356273426,0.4582570784502623
2022,0.4582569692817909,0.4582570738091373
2023,0.4582569650158141,0.45825706918421444
2024,0.45825696076475103,0.45825706457543697
2025,0.4582569565285493,0.45825705998274785
2026,0.4582569523071563,0.4582570554060907
2027,0.45825694810052,0.4582570508454089
2028,0.4582569439085883,0.4582570463006465
2029,0.4582569397313094,0.4582570417717474
2030,0.4582569355686315,0.4582570372586558
2031,0.45825693142050355,0.4582570327613163
2032,0.45825692728687395,0.45825702827967335
2033,0.4582569231676916,0.4582570238136717
2034,0.4582569190629059,0.4582570193632565
2035,0.45825691497246573,0.45825701492837284
2036,0.45825691089632076,0.45825701050896633
2037,0.45825690683442066,0.4582570061049822
2038,0.45825690278671516,0.4582570017163665
2039,0.45825689875315423,0.4582569973430651
2040,0.45825689473368814,0.45825699298502426
2041,0.4582568907282671,0.45825698864219033
2042,0.45825688673684184,0.4582569843145098
2043,0.4582568827593629,0.4582569800019294
2044,0.45825687879578114,0.458256975704396
2045,0.45825687484604777,0.45825697142185695
2046,0.4582568709101139,0.45825696715425923
2047,0.45825686698793094,0.4582569629015506
2048,0.4582568630794504,0.45825695866367866
2049,0.4582568591846242,0.4582569544405912
2050,0.45825685530340415,0.4582569502322364
2051,0.4582568514357424,0.45825694603856226
2052,0.458256847581591,0.4582569418595175
2053,0.4582568437409027,0.45825693769505044
2054,0.45825683991362987,0.45825693354511016
2055,0.4582568360997254,0.45825692940964535
2056,0.4582568322991421,0.45825692528860523
2057,0.45825682851183325,0.4582569211819392
2058,0.45825682473775187,0.45825691708959676
2059,0.4582568209768517,0.4582569130115275
2060,0.45825681722908623,0.4582569089476814
2061,0.45825681349440905,0.45825690489800835
2062,0.45825680977277433,0.4582569008624587
2063,0.458256806064136,0.4582568968409828
2064,0.4582568023684483,0.4582568928335312
2065,0.4582567986856658,0.45825688884005467
2066,0.458256795015743,0.45825688486050414
2067,0.4582567913586348,0.4582568808948307
2068,0.45825678771429595,0.45825687694298556
2069,0.45825678408268145,0.4582568730049203
2070,0.4582567804637467,0.4582568690805863
2071,0.4582567768574469,0.4582568651699356
2072,0.4582567732637378,0.45825686127292
2073,0.458256769682575,0.4582568573894916
2074,0.4582567661139143,0.4582568535196029
2075,0.45825676255771186,0.458256849663206
2076,0.45825675901392376,0.45825684582025394
2077,0.4582567554825063,0.4582568419906993
2078,0.45825675196341603,0.45825683817449514
2079,0.4582567484566096,0.4582568343715944
2080,0.45825674496204366,0.45825683058195066
2081,0.4582567414796754,0.45825682680551716
2082,0.45825673800946176,0.45825682304224763
2083,0.45825673455136,0.45825681929209594
2084,0.4582567311053276,0.4582568155550159
2085,0.45825672767132203,0.4582568118309617
2086,0.4582567242493011,0.45825680811988756
2087,0.4582567208392226,0.4582568044217481
2088,0.45825671744104435,0.4582568007364977
2089,0.4582567140547249,0.4582567970640913
2090,0.4582567106802223,0.4582567934044837
2091,0.45825670731749496,0.4582567897576302
2092,0.45825670396650164,0.4582567861234858
2093,0.4582567006272011,0.458256782502006
2094,0.4582566972995521,0.4582567788931465
2095,0.4582566939835137,0.4582567752968628
2096,0.45825669067904523,0.45825677171311097
2097,0.45825668738610575,0.45825676814184685
2098,0.458256684104655,0.45825676458302683
2099,0.45825668083465243,0.4582567610366071
2100,0.458256677576058,0.45825675750254424
2101,0.4582566743288314,0.4582567539807949
2102,0.4582566710929327,0.4582567504713159
2103,0.45825666786832225,0.4582567469740641
2104,0.4582566646549603,0.4582567434889968
2105,0.45825666145280725,0.4582567400160711
2106,0.4582566582618238,0.4582567365552444
2107,0.4582566550819707,0.45825673310647447
2108,0.45825665191320875,0.4582567296697188
2109,0.4582566487554991,0.4582567262449354
2110,0.45825664560880275,0.45825672283208213
2111,0.4582566424730813,0.4582567194311174
2112,0.45825663934829586,0.4582567160419993
2113,0.4582566362344082,0.4582567126646864
2114,0.45825663313138004,0.45825670929913737
2115,0.45825663003917316,0.45825670594531076
2116,0.45825662695774955,0.45825670260316553
2117,0.45825662388707133,0.45825669927266083
2118,0.4582566208271009,0.45825669595375595
2119,0.4582566177778006,0.4582566926464099
2120,0.45825661473913276,0.45825668935058234
2121,0.4582566117110602,0.458256686066233
2122,0.4582566086935457,0.45825668279332143
2123,0.45825660568655213,0.4582566795318076
2124,0.45825660269004265,0.4582566762816516
2125,0.4582565997039803,0.4582566730428137
2126,0.4582565967283285,0.45825666981525404
2127,0.45825659376305067,0.4582566665989333
2128,0.4582565908081104,0.45825666339381194
2129,0.4582565878634713,0.4582566601998507
2130,0.4582565849290974,0.4582566570170106
2131,0.4582565820049524,0.45825665384525255
2132,0.4582565790910006,0.4582566506845378
2133,0.45825657618720606,0.45825664753482753
2134,0.45825657329353336,0.4582566443960832
2135,0.4582565704099467,0.45825664126826654
2136,0.4582565675364108,0.4582566381513391
2137,0.45825656467289044,0.4582566350452629
2138,0.45825656181935037,0.45825663194999966
2139,0.4582565589757555,0.4582566288655117
2140,0.45825655614207106,0.45825662579176124
2141,0.4582565533182623,0.45825662272871065
2142,0.45825655050429437,0.45825661967632236
2143,0.4582565477001329,0.4582566166345591
2144,0.45825654490574347,0.4582566136033837
2145,0.4582565421210916,0.45825661058275896
2146,0.4582565393461434,0.45825660757264797
2147,0.4582565365808647,0.4582566045730139
2148,0.4582565338252214,0.45825660158382014
2149,0.45825653107918,0.45825659860502993
2150,0.4582565283427065,0.45825659563660703
2151,0.45825652561576774,0.4582565926785151
2152,0.45825652289832985,0.4582565897307178
2153,0.45825652019035973,0.4582565867931792
2154,0.45825651749182394,0.4582565838658634
2155,0.4582565148026897,0.45825658094873445
2156,0.4582565121229239,0.4582565780417569
2157,0.4582565094524936,0.45825657514489515
2158,0.4582565067913661,0.4582565722581136
2159,0.45825650413950886,0.45825656938137704
2160,0.4582565014968892,0.45825656651465047
2161,0.45825649886347497,0.4582565636578987
2162,0.4582564962392336,0.4582565608110868
2163,0.458256493624133,0.4582565579741798
2164,0.45825649101814125,0.4582565551471434
2165,0.4582564884212263,0.45825655232994283
2166,0.4582564858333564,0.45825654952254374
2167,0.45825648325449975,0.4582565467249117
2168,0.4582564806846247,0.45825654393701254
2169,0.45825647812369985,0.4582565411588123
2170,0.45825647557169386,0.45825653839027697
2171,0.45825647302857536,0.4582565356313727
2172,0.45825647049431323,0.45825653288206586
2173,0.4582564679688764,0.45825653014232265
2174,0.4582564654522339,0.45825652741210987
2175,0.4582564629443551,0.458256524691394
2176,0.45825646044520907,0.4582565219801419
2177,0.4582564579547653,0.4582565192783204
2178,0.4582564554729931,0.4582565165858964
2179,0.45825645299986234,0.45825651390283717
2180,0.4582564505353425,0.4582565112291098
2181,0.45825644807940363,0.4582565085646819
2182,0.45825644563201545,0.45825650590952055
2183,0.4582564431931482,0.45825650326359374
2184,0.4582564407627717,0.45825650062686885
2185,0.45825643834085655,0.4582564979993137
2186,0.45825643592737286,0.45825649538089636
2187,0.4582564335222912,0.4582564927715848
2188,0.45825643112558206,0.45825649017134723
2189,0.45825642873721617,0.4582564875801517
2190,0.45825642635716424,0.4582564849979668
2191,0.45825642398539707,0.4582564824247609
2192,0.4582564216218859,0.45825647986050255
2193,0.45825641926660154,0.4582564773051606
2194,0.45825641691951524,0.45825647475870385
2195,0.4582564145805983,0.458256472221101
2196,0.4582564122498221,0.4582564696923213
2197,0.4582564099271581,0.4582564671723339
2198,0.4582564076125779,0.4582564646611078
2199,0.45825640530605316,0.4582564621586127
2200,0.4582564030075557,0.4582564596648178
2201,0.4582564007170574,0.4582564571796928
2202,0.45825639843453025,0.45825645470320736
2203,0.4582563961599463,0.4582564522353313
2204,0.4582563938932777,0.45825644977603447
2205,0.45825639163449683,0.45825644732528686
2206,0.458256389383576,0.45825644488305856
2207,0.4582563871404876,0.4582564424493198
2208,0.4582563849052044,0.45825644002404103
2209,0.4582563826776989,0.4582564376071925
2210,0.4582563804579439,0.4582564351987448
2211,0.45825637824591237,0.4582564327986685
2212,0.4582563760415771,0.4582564304069345
2213,0.4582563738449113,0.4582564280235135
2214,0.458256371655888,0.4582564256483764
2215,0.45825636947448056,0.45825642328149435
2216,0.4582563673006621,0.45825642092283836
2217,0.4582563651344063,0.4582564185723799
2218,0.4582563629756865,0.4582564162300901
2219,0.4582563608244764,0.4582564138959405
2220,0.4582563586807497,0.45825641156990266
2221,0.4582563565444803,0.4582564092519482
2222,0.458256354415642,0.4582564069420489
2223,0.4582563522942087,0.4582564046401765
2224,0.45825635018015465,0.4582564023463031
2225,0.45825634807345395,0.45825640006040064
2226,0.45825634597408077,0.45825639778244126
2227,0.45825634388200975,0.45825639551239733
2228,0.4582563417972149,0.45825639325024103
2229,0.4582563397196712,0.458256390995945
2230,0.458256337649353,0.4582563887494815
2231,0.458256335586235,0.45825638651082334
2232,0.4582563335302922,0.4582563842799433
2233,0.45825633148149936,0.4582563820568139
2234,0.4582563294398314,0.45825637984140843
2235,0.4582563274052635,0.4582563776336998
2236,0.45825632537777095,0.458256375433661
2237,0.45825632335732874,0.45825637324126534
2238,0.45825632134391225,0.45825637105648603
2239,0.458256319337497,0.4582563688792966
2240,0.4582563173380585,0.4582563667096704
2241,0.45825631534557215,0.458256364547581
2242,0.4582563133600138,0.45825636239300227
2243,0.45825631138135925,0.4582563602459077
2244,0.45825630940958434,0.45825635810627136
2245,0.45825630744466483,0.4582563559740671
2246,0.4582563054865769,0.45825635384926905
2247,0.4582563035352966,0.45825635173185125
2248,0.45825630159080005,0.4582563496217879
2249,0.45825629965306375,0.45825634751905353
2250,0.4582562977220639,0.45825634542362226
2251,0.45825629579777677,0.4582563433354687
2252,0.45825629388017936,0.45825634125456755
2253,0.4582562919692478,0.4582563391808933
2254,0.45825629006495894,0.45825633711442093
2255,0.4582562881672896,0.4582563350551249
2256,0.4582562862762166,0.45825633300298063
2257,0.4582562843917169,0.45825633095796275
2258,0.45825628251376754,0.4582563289200467
2259,0.45825628064234547,0.4582563268892076
2260,0.4582562787774281,0.4582563248654205
2261,0.45825627691899246,0.45825632284866114
2262,0.45825627506701605,0.4582563208389046
2263,0.4582562732214761,0.4582563188361267
2264,0.4582562713823503,0.458256316840303
2265,0.4582562695496162,0.4582563148514094
2266,0.4582562677232514,0.4582563128694214
2267,0.4582562659032336,0.458256310894315
2268,0.45825626408954073,0.4582563089260663
2269,0.4582562622821505,0.45825630696465125
2270,0.45825626048104107,0.45825630501004605
2271,0.4582562586861904,0.45825630306222687
2272,0.4582562568975766,0.4582563011211701
2273,0.45825625511517787,0.45825629918685207
2274,0.4582562533389725,0.4582562972592492
2275,0.458256251568939,0.4582562953383383
2276,0.4582562498050555,0.45825629342409574
2277,0.45825624804730075,0.4582562915164984
2278,0.45825624629565326,0.458256289615523
2279,0.45825624455009156,0.4582562877211465
2280,0.45825624281059457,0.45825628583334593
2281,0.458256241077141,0.4582562839520983
2282,0.4582562393497098,0.45825628207738056
2283,0.45825623762827994,0.4582562802091702
2284,0.45825623591283027,0.45825627834744437
2285,0.45825623420334005,0.4582562764921804
2286,0.4582562324997885,0.45825627464335583
2287,0.45825623080215466,0.45825627280094816
2288,0.45825622911041813,0.45825627096493515
2289,0.4582562274245582,0.4582562691352943
2290,0.45825622574455416,0.45825626731200336
2291,0.45825622407038585,0.4582562654950403
2292,0.4582562224020326,0.45825626368438294
2293,0.4582562207394744,0.4582562618800094
2294,0.4582562190826908,0.45825626008189774
2295,0.45825621743166167,0.4582562582900259
2296,0.4582562157863669,0.4582562565043725
2297,0.4582562141467864,0.45825625472491555
2298,0.4582562125129004,0.45825625295163347
2299,0.4582562108846889,0.45825625118450486
2300,0.458256209262132,0.4582562494235081
2301,0.45825620764521013,0.458256247668622
2302,0.4582562060339035,0.458256245919825
2303,0.4582562044281924,0.4582562441770961
2304,0.4582562028280576,0.45825624244041396
2305,0.4582562012334793,0.45825624070975757
2306,0.4582561996444383,0.4582562389851058
2307,0.4582561980609151,0.45825623726643794
2308,0.4582561964828906,0.458256235553733
2309,0.4582561949103455,0.4582562338469701
2310,0.45825619334326073,0.4582562321461287
2311,0.4582561917816172,0.458256230451188
2312,0.4582561902253959,0.4582562287621275
2313,0.4582561886745779,0.4582562270789267
2314,0.4582561871291443,0.45825622540156513
2315,0.45825618558907644,0.4582562237300225
2316,0.45825618405435536,0.45825622206427835
2317,0.4582561825249626,0.45825622040431263
2318,0.45825618100087956,0.4582562187501053
2319,0.4582561794820876,0.458256217101636
2320,0.45825617796856816,0.45825621545888484
2321,0.4582561764603031,0.45825621382183196
2322,0.45825617495727383,0.4582562121904574
2323,0.45825617345946223,0.4582562105647414
2324,0.45825617196685003,0.45825620894466434
2325,0.4582561704794192,0.45825620733020644
2326,0.4582561689971515,0.458256205721348
2327,0.45825616752002896,0.4582562041180699
2328,0.45825616604803354,0.45825620252035226
2329,0.45825616458114754,0.45825620092817587
2330,0.45825616311935297,0.4582561993415215
2331,0.4582561616626321,0.4582561977603698
2332,0.4582561602109673,0.4582561961847016
2333,0.4582561587643409,0.4582561946144978
2334,0.4582561573227353,0.45825619304973936
2335,0.45825615588613294,0.45825619149040736
2336,0.45825615445451634,0.4582561899364828
2337,0.4582561530278682,0.45825618838794685
2338,0.45825615160617117,0.4582561868447808
2339,0.45825615018940796,0.4582561853069658
2340,0.4582561487775613,0.45825618377448346
2341,0.4582561473706142,0.45825618224731496
2342,0.45825614596854936,0.45825618072544183
2343,0.45825614457134983,0.45825617920884565
2344,0.45825614317899876,0.45825617769750815
2345,0.45825614179147894,0.45825617619141074
2346,0.4582561404087739,0.4582561746905355
2347,0.45825613903086654,0.4582561731948639
2348,0.4582561376577402,0.45825617170437793
2349,0.4582561362893783,0.4582561702190596
2350,0.45825613492576406,0.45825616873889097
2351,0.4582561335668812,0.45825616726385393
2352,0.458256132212713,0.45825616579393064
2353,0.458256130863243,0.45825616432910343
2354,0.4582561295184549,0.45825616286935433
2355,0.4582561281783323,0.4582561614146658
2356,0.45825612684285905,0.45825615996502017
2357,0.45825612551201883,0.45825615852039975
2358,0.4582561241857955,0.4582561570807873
2359,0.45825612286417305,0.4582561556461653
2360,0.45825612154713524,0.45825615421651616
2361,0.4582561202346663,0.4582561527918228
2362,0.45825611892675017,0.4582561513720678
2363,0.45825611762337093,0.45825614995723407
2364,0.458256116324513,0.4582561485473045
2365,0.45825611503016034,0.458256147142262
2366,0.45825611374029745,0.45825614574208934
2367,0.4582561124549085,0.45825614434676976
2368,0.4582561111739781,0.45825614295628625
2369,0.45825610989749055,0.45825614157062217
2370,0.4582561086254303,0.4582561401897606
2371,0.45825610735778216,0.4582561388136847
2372,0.4582561060945305,0.45825613744237803
2373,0.45825610483566015,0.45825613607582383
2374,0.4582561035811558,0.4582561347140056
2375,0.4582561023310021,0.45825613335690685
2376,0.4582561010851841,0.4582561320045113
2377,0.45825609984368665,0.4582561306568023
2378,0.4582560986064945,0.45825612931376364
2379,0.45825609737359285,0.4582561279753791
2380,0.4582560961449667,0.4582561266416325
2381,0.4582560949206011,0.45825612531250765
2382,0.45825609370048126,0.4582561239879885
2383,0.45825609248459226,0.45825612266805904
2384,0.45825609127291944,0.45825612135270305
2385,0.45825609006544826,0.458256120041905
2386,0.4582560888621638,0.4582561187356487
2387,0.4582560876630516,0.45825611743391853
2388,0.4582560864680972,0.4582561161366986
2389,0.458256085277286,0.45825611484397333
2390,0.45825608409060353,0.4582561135557271
2391,0.45825608290803554,0.4582561122719441
2392,0.4582560817295676,0.4582561109926091
2393,0.45825608055518546,0.45825610971770636
2394,0.4582560793848749,0.4582561084472207
2395,0.4582560782186217,0.45825610718113646
2396,0.4582560770564117,0.4582561059194385
2397,0.45825607589823086,0.4582561046621115
2398,0.45825607474406516,0.45825610340914036
2399,0.4582560735939006,0.4582561021605099
2400,0.45825607244772315,0.4582561009162047
2401,0.45825607130551904,0.4582560996762101
2402,0.4582560701672744,0.4582560984405111
2403,0.4582560690329754,0.45825609720909244
2404,0.45825606790260826,0.45825609598193945
2405,0.45825606677615943,0.4582560947590372
2406,0.45825606565361515,0.45825609354037106
2407,0.4582560645349619,0.45825609232592607
2408,0.458256063420186,0.4582560911156876
2409,0.4582560623092741,0.4582560899096412
2410,0.45825606120221263,0.45825608870777207
2411,0.4582560600989881,0.4582560875100658
2412,0.45825605899958743,0.4582560863165078
2413,0.4582560579039971,0.45825608512708377
2414,0.4582560568122038,0.4582560839417792
2415,0.4582560557241944,0.45825608276057983
2416,0.4582560546399558,0.4582560815834715
2417,0.45825605355947463,0.4582560804104397
2418,0.4582560524827381,0.4582560792414704
2419,0.4582560514097329,0.45825607807654956
2420,0.45825605034044625,0.45825607691566295
2421,0.4582560492748651,0.45825607575879657
2422,0.45825604821297644,0.45825607460593654
2423,0.45825604715476764,0.4582560734570688
2424,0.4582560461002258,0.4582560723121795
2425,0.45825604504933815,0.45825607117125483
2426,0.4582560440020919,0.458256070034281
2427,0.4582560429584744,0.4582560689012442
2428,0.458256041918473,0.45825606777213085
2429,0.4582560408820753,0.4582560666469272
2430,0.45825603984926855,0.4582560655256197
2431,0.4582560388200404,0.45825606440819494
2432,0.4582560377943782,0.4582560632946392
2433,0.45825603677226956,0.45825606218493903
2434,0.4582560357537024,0.4582560610790811
2435,0.458256034738664,0.4582560599770522
2436,0.4582560337271423,0.4582560588788388
2437,0.458256032719125,0.4582560577844277
2438,0.4582560317146001,0.45825605669380565
2439,0.4582560307135551,0.4582560556069596
2440,0.45825602971597806,0.45825605452387624
2441,0.458256028721857,0.4582560534445426
2442,0.4582560277311797,0.45825605236894557
2443,0.45825602674393434,0.45825605129707225
2444,0.4582560257601089,0.4582560502289097
2445,0.45825602477969146,0.45825604916444496
2446,0.4582560238026703,0.4582560481036651
2447,0.4582560228290333,0.45825604704655754
2448,0.45825602185876907,0.45825604599310926
2449,0.4582560208918656,0.4582560449433076
2450,0.45825601992831133,0.45825604389714
2451,0.4582560189680945,0.45825604285459376
2452,0.45825601801120347,0.4582560418156563
2453,0.45825601705762675,0.45825604078031507
2454,0.45825601610735295,0.4582560397485576
2455,0.45825601516037046,0.4582560387203714
2456,0.4582560142166676,0.458256037695744
2457,0.45825601327623333,0.4582560366746632
2458,0.45825601233905605,0.4582560356571165
2459,0.4582560114051245,0.45825603464309167
2460,0.4582560104744275,0.45825603363257644
2461,0.4582560095469535,0.45825603262555875
2462,0.4582560086226916,0.4582560316220263
2463,0.45825600770163044,0.458256030621967
2464,0.45825600678375883,0.4582560296253688
2465,0.458256005869066,0.4582560286322198
2466,0.4582560049575405,0.4582560276425078
2467,0.45825600404917155,0.45825602665622095
2468,0.45825600314394815,0.4582560256733474
2469,0.45825600224185925,0.4582560246938752
2470,0.45825600134289407,0.4582560237177925
2471,0.45825600044704173,0.4582560227450878
2472,0.4582559995542913,0.458256021775749
2473,0.45825599866463207,0.45825602080976446
2474,0.45825599777805337,0.4582560198471228
2475,0.45825599689454427,0.4582560188878122
2476,0.45825599601409434,0.458256017931821
2477,0.45825599513669274,0.4582560169791379
2478,0.45825599426232894,0.4582560160297513
2479,0.4582559933909925,0.4582560150836497
2480,0.4582559925226727,0.4582560141408218
2481,0.45825599165735914,0.4582560132012561
2482,0.45825599079504137,0.4582560122649412
2483,0.458255989935709,0.4582560113318661
2484,0.45825598907935144,0.4582560104020193
2485,0.4582559882259588,0.45825600947538975
2486,0.45825598737552026,0.4582560085519661
2487,0.45825598652802596,0.4582560076317372
2488,0.4582559856834653,0.4582560067146922
2489,0.45825598484182833,0.45825600580081977
2490,0.45825598400310485,0.4582560048901091
2491,0.4582559831672847,0.4582560039825491
2492,0.4582559823343579,0.4582560030781289
2493,0.458255981504314,0.45825600217683743
2494,0.4582559806771435,0.45825600127866406
2495,0.45825597985283606,0.4582560003835978
2496,0.4582559790313819,0.4582559994916279
2497,0.45825597821277086,0.45825599860274346
2498,0.4582559773969934,0.458255997716934
2499,0.45825597658403955,0.45825599683418883
2500,0.45825597577389937,0.45825599595449706
2501,0.4582559749665631,0.45825599507784837
2502,0.4582559741620212,0.458255994204232
2503,0.45825597336026375,0.4582559933336376
2504,0.4582559725612811,0.4582559924660545
2505,0.4582559717650637,0.45825599160147235
2506,0.45825597097160187,0.4582559907398806
2507,0.45825597018088604,0.4582559898812691
2508,0.45825596939290664,0.45825598902562725
2509,0.4582559686076541,0.4582559881729449
2510,0.45825596782511924,0.4582559873232117
2511,0.45825596704529237,0.4582559864764174
2512,0.458255966268164,0.4582559856325518
2513,0.45825596549372494,0.458255984791605
2514,0.4582559647219657,0.45825598395356637
2515,0.4582559639528772,0.45825598311842625
2516,0.4582559631864499,0.45825598228617437
2517,0.4582559624226747,0.45825598145680063
2518,0.45825596166154237,0.45825598063029516
2519,0.45825596090304366,0.458255979806648
2520,0.4582559601471695,0.4582559789858493
2521,0.45825595939391073,0.45825597816788893
2522,0.4582559586432582,0.4582559773527573
2523,0.458255957895203,0.4582559765404445
2524,0.458255957149736,0.4582559757309407
2525,0.4582559564068482,0.4582559749242361
2526,0.4582559556665307,0.45825597412032115
2527,0.4582559549287746,0.45825597331918605
2528,0.45825595419357085,0.4582559725208211
2529,0.45825595346091075,0.4582559717252169
2530,0.45825595273078534,0.45825597093236364
2531,0.458255952003186,0.4582559701422519
2532,0.4582559512781037,0.4582559693548721
2533,0.4582559505555298,0.45825596857021483
2534,0.4582559498354557,0.4582559677882705
2535,0.4582559491178726,0.4582559670090299
2536,0.4582559484027719,0.4582559662324835
2537,0.4582559476901449,0.45825596545862196
2538,0.4582559469799831,0.45825596468743607
2539,0.4582559462722779,0.4582559639189164
2540,0.4582559455670207,0.4582559631530537
2541,0.45825594486420324,0.458255962389839
2542,0.4582559441638167,0.4582559616292628
2543,0.4582559434658528,0.458255960871316
2544,0.4582559427703033,0.4582559601159898
2545,0.45825594207715953,0.45825595936327457
2546,0.4582559413864133,0.45825595861316176
2547,0.4582559406980562,0.45825595786564194
2548,0.45825594001208003,0.4582559571207064
2549,0.45825593932847636,0.458255956378346
2550,0.45825593864723724,0.4582559556385518
2551,0.4582559379683541,0.45825595490131504
2552,0.4582559372918191,0.4582559541666268
2553,0.45825593661762376,0.4582559534344781
2554,0.4582559359457602,0.45825595270486036
2555,0.45825593527622027,0.4582559519777646
2556,0.45825593460899583,0.4582559512531822
2557,0.458255933944079,0.4582559505311043
2558,0.45825593328146147,0.4582559498115224
2559,0.45825593262113556,0.45825594909442763
2560,0.4582559319630933,0.45825594837981154
2561,0.4582559313073265,0.4582559476676655
2562,0.4582559306538275,0.45825594695798083
2563,0.4582559300025883,0.4582559462507491
2564,0.4582559293536011,0.4582559455459617
2565,0.4582559287068581,0.45825594484361026
2566,0.45825592806235144,0.45825594414368637
2567,0.45825592742007354,0.4582559434461815
2568,0.4582559267800165,0.4582559427510873
2569,0.45825592614217253,0.45825594205839526
2570,0.45825592550653416,0.45825594136809733
2571,0.45825592487309363,0.45825594068018505
2572,0.4582559242418433,0.45825593999465014
2573,0.45825592361277556,0.45825593931148423
2574,0.4582559229858829,0.4582559386306794
2575,0.45825592236115775,0.45825593795222735
2576,0.45825592173859253,0.45825593727611985
2577,0.4582559211181798,0.4582559366023487
2578,0.45825592049991204,0.45825593593090597
2579,0.458255919883782,0.4582559352617835
2580,0.45825591926978193,0.45825593459497316
2581,0.4582559186579046,0.4582559339304672
2582,0.45825591804814275,0.4582559332682574
2583,0.4582559174404889,0.45825593260833586
2584,0.4582559168349358,0.4582559319506946
2585,0.4582559162314761,0.4582559312953258
2586,0.4582559156301026,0.4582559306422215
2587,0.45825591503080804,0.4582559299913739
2588,0.4582559144335851,0.4582559293427751
2589,0.4582559138384268,0.45825592869641746
2590,0.45825591324532583,0.45825592805229304
2591,0.458255912654275,0.45825592741039417
2592,0.4582559120652674,0.4582559267707131
2593,0.45825591147829586,0.45825592613324223
2594,0.45825591089335316,0.45825592549797384
2595,0.4582559103104324,0.4582559248649002
2596,0.4582559097295266,0.4582559242340139
2597,0.4582559091506287,0.45825592360530726
2598,0.45825590857373183,0.45825592297877255
2599,0.45825590799882876,0.45825592235440255
2600,0.45825590742591293,0.4582559217321896
2601,0.4582559068549773,0.4582559211121262
2602,0.458255906286015,0.458255920494205
2603,0.4582559057190191,0.45825591987841846
2604,0.4582559051539829,0.45825591926475917
2605,0.4582559045908996,0.45825591865321985
2606,0.4582559040297624,0.45825591804379306
2607,0.45825590347056444,0.45825591743647165
2608,0.4582559029132991,0.45825591683124817
2609,0.4582559023579597,0.45825591622811535
2610,0.4582559018045396,0.4582559156270659
2611,0.458255901253032,0.45825591502809276
2612,0.45825590070343036,0.4582559144311886
2613,0.45825590015572804,0.4582559138363464
2614,0.45825589960991836,0.45825591324355885
2615,0.458255899065995,0.4582559126528189
2616,0.45825589852395127,0.45825591206411936
2617,0.45825589798378064,0.4582559114774533
2618,0.4582558974454765,0.45825591089281364
2619,0.45825589690903257,0.4582559103101933
2620,0.45825589637444236,0.45825590972958524
2621,0.45825589584169946,0.45825590915098263
2622,0.45825589531079736,0.4582559085743786
2623,0.4582558947817298,0.45825590799976595
2624,0.4582558942544902,0.45825590742713784
2625,0.45825589372907244,0.4582559068564875
2626,0.45825589320547017,0.45825590628780805
2627,0.4582558926836771,0.4582559057210926
2628,0.4582558921636868,0.4582559051563344
2629,0.45825589164549324,0.4582559045935267
2630,0.45825589112909004,0.4582559040326627
2631,0.4582558906144711,0.45825590347373557
2632,0.4582558901016301,0.4582559029167388
2633,0.45825588959056096,0.4582559023616655
2634,0.45825588908125753,0.45825590180850917
2635,0.4582558885737137,0.4582559012572631
2636,0.4582558880679233,0.45825590070792066
2637,0.45825588756388036,0.45825590016047535
2638,0.45825588706157877,0.4582558996149203
2639,0.4582558865610124,0.45825589907124925
2640,0.4582558860621754,0.4582558985294557
2641,0.4582558855650617,0.4582558979895329
2642,0.4582558850696654,0.4582558974514746
2643,0.45825588457598027,0.4582558969152742
2644,0.4582558840840007,0.45825589638092534
2645,0.45825588359372066,0.45825589584842163
2646,0.4582558831051342,0.45825589531775657
2647,0.4582558826182355,0.4582558947889239
2648,0.4582558821330188,0.45825589426191715
2649,0.45825588164947817,0.45825589373673015
2650,0.45825588116760774,0.4582558932133564
2651,0.45825588068740175,0.4582558926917899
2652,0.45825588020885466,0.4582558921720241
2653,0.45825587973196036,0.4582558916540529
2654,0.45825587925671335,0.4582558911378701
2655,0.45825587878310786,0.4582558906234694
2656,0.45825587831113823,0.45825589011084483
2657,0.4582558778407988,0.45825588959999003
2658,0.45825587737208384,0.4582558890908991
2659,0.4582558769049878,0.4582558885835656
2660,0.45825587643950505,0.45825588807798356
2661,0.4582558759756299,0.45825588757414715
2662,0.45825587551335684,0.4582558870720501
2663,0.45825587505268056,0.4582558865716865
2664,0.458255874593595,0.4582558860730502
2665,0.45825587413609525,0.4582558855761352
2666,0.45825587368017534,0.45825588508093595
2667,0.45825587322583017,0.458255884587446
2668,0.4582558727730539,0.45825588409565965
2669,0.45825587232184134,0.45825588360557107
2670,0.458255871872187,0.45825588311717425
2671,0.4582558714240855,0.4582558826304634
2672,0.45825587097753157,0.45825588214543256
2673,0.45825587053251954,0.4582558816620761
2674,0.45825587008904434,0.45825588118038807
2675,0.45825586964710063,0.4582558807003628
2676,0.45825586920668293,0.45825588022199454
2677,0.4582558687677862,0.4582558797452774
2678,0.45825586833040494,0.4582558792702059
2679,0.45825586789453404,0.45825587879677404
2680,0.45825586746016816,0.45825587832497644
2681,0.45825586702730214,0.4582558778548072
2682,0.4582558665959309,0.4582558773862609
2683,0.4582558661660491,0.4582558769193318
2684,0.4582558657376516,0.4582558764540143
2685,0.4582558653107333,0.4582558759903028
2686,0.4582558648852891,0.45825587552819186
2687,0.45825586446131394,0.4582558750676758
2688,0.4582558640388024,0.4582558746087492
2689,0.4582558636177499,0.45825587415140645
2690,0.458255863198151,0.4582558736956422
2691,0.45825586278000097,0.4582558732414509
2692,0.45825586236329435,0.458255872788827
2693,0.45825586194802675,0.4582558723377654
2694,0.4582558615341926,0.45825587188826034
2695,0.4582558611217874,0.45825587144030655
2696,0.4582558607108058,0.4582558709938988
2697,0.4582558603012432,0.4582558705490316
2698,0.45825585989309453,0.45825587010569957
2699,0.4582558594863549,0.4582558696638976
2700,0.4582558590810194,0.45825586922362016
2701,0.4582558586770833,0.45825586878486213
2702,0.4582558582745417,0.4582558683476181
2703,0.4582558578733895,0.458255867911883
2704,0.4582558574736223,0.4582558674776517
2705,0.4582558570752351,0.45825586704491855
2706,0.4582558566782231,0.4582558666136788
2707,0.45825585628258164,0.45825586618392716
2708,0.4582558558883059,0.4582558657556583
2709,0.45825585549539116,0.45825586532886736
2710,0.4582558551038327,0.458255864903549
2711,0.45825585471362584,0.45825586447969835
2712,0.45825585432476595,0.4582558640573101
2713,0.4582558539372483,0.45825586363637943
2714,0.4582558535510682,0.458255863216901
2715,0.4582558531662211,0.45825586279887
2716,0.4582558527827024,0.45825586238228133
2717,0.4582558524005074,0.45825586196713014
2718,0.4582558520196316,0.4582558615534113
2719,0.45825585164007043,0.4582558611411199
2720,0.4582558512618193,0.458255860730251
2721,0.45825585088487375,0.4582558603207996
2722,0.45825585050922896,0.45825585991276097
2723,0.45825585013488096,0.4582558595061301
2724,0.4582558497618248,0.4582558591009022
2725,0.4582558493900563,0.4582558586970723
2726,0.4582558490195707,0.45825585829463567
2727,0.4582558486503639,0.45825585789358747
2728,0.4582558482824312,0.4582558574939228
2729,0.4582558479157684,0.45825585709563693
2730,0.45825584755037096,0.4582558566987252
2731,0.4582558471862345,0.45825585630318266
2732,0.45825584682335474,0.45825585590900475
2733,0.4582558464617273,0.45825585551618664
2734,0.45825584610134773,0.45825585512472367
2735,0.45825584574221184,0.45825585473461106
2736,0.4582558453843154,0.4582558543458443
2737,0.45825584502765404,0.45825585395841867
2738,0.4582558446722233,0.45825585357232945
2739,0.45825584431801913,0.45825585318757217
2740,0.45825584396503727,0.45825585280414205
2741,0.45825584361327343,0.45825585242203454
2742,0.4582558432627234,0.4582558520412452
2743,0.4582558429133831,0.45825585166176935
2744,0.4582558425652482,0.45825585128360236
2745,0.4582558422183145,0.4582558509067399
2746,0.45825584187257795,0.45825585053117734
2747,0.45825584152803434,0.4582558501569103
2748,0.45825584118467955,0.4582558497839342
2749,0.45825584084250953,0.4582558494122446
2750,0.45825584050152024,0.4582558490418369
2751,0.4582558401617073,0.45825584867270686
2752,0.4582558398230669,0.45825584830485006
2753,0.45825583948559495,0.458255847938262
2754,0.4582558391492874,0.45825584757293836
2755,0.4582558388141401,0.4582558472088748
2756,0.45825583848014917,0.4582558468460667
2757,0.4582558381473106,0.45825584648451007
2758,0.4582558378156202,0.4582558461242004
2759,0.45825583748507426,0.4582558457651334
2760,0.4582558371556687,0.4582558454073048
2761,0.4582558368273996,0.4582558450507103
2762,0.458255836500263,0.4582558446953456
2763,0.45825583617425514,0.4582558443412065
2764,0.4582558358493718,0.4582558439882888
2765,0.45825583552560933,0.45825584363658806
2766,0.45825583520296376,0.4582558432861003
2767,0.45825583488143123,0.45825584293682137
2768,0.45825583456100805,0.45825584258874674
2769,0.45825583424169025,0.45825584224187266
2770,0.45825583392347385,0.45825584189619467
2771,0.45825583360635525,0.45825584155170884
2772,0.45825583329033065,0.45825584120841095
2773,0.4582558329753961,0.458255840866297
2774,0.45825583266154796,0.4582558405253626
2775,0.4582558323487825,0.45825584018560395
2776,0.45825583203709586,0.458255839847017
2777,0.45825583172648443,0.4582558395095976
2778,0.4582558314169444,0.4582558391733417
2779,0.45825583110847196,0.45825583883824517
2780,0.45825583080106375,0.45825583850430424
2781,0.4582558304947157,0.45825583817151483
2782,0.4582558301894245,0.4582558378398729
2783,0.45825582988518626,0.45825583750937443
2784,0.4582558295819974,0.4582558371800157
2785,0.45825582927985425,0.4582558368517926
2786,0.4582558289787534,0.4582558365247011
2787,0.4582558286786908,0.4582558361987376
2788,0.4582558283796634,0.45825583587389784
2789,0.4582558280816672,0.4582558355501783
2790,0.4582558277846989,0.4582558352275748
2791,0.45825582748875476,0.4582558349060835
2792,0.4582558271938314,0.45825583458570074
2793,0.45825582689992506,0.45825583426642263
2794,0.4582558266070325,0.4582558339482453
2795,0.45825582631515,0.458255833631165
2796,0.45825582602427417,0.4582558333151779
2797,0.45825582573440143,0.45825583300028017
2798,0.4582558254455285,0.4582558326864681
2799,0.45825582515765184,0.45825583237373807
2800,0.4582558248707678,0.4582558320620861
2801,0.45825582458487324,0.4582558317515085
2802,0.4582558242999646,0.4582558314420018
2803,0.4582558240160385,0.458255831133562
2804,0.4582558237330915,0.4582558308261855
2805,0.45825582345112026,0.4582558305198688
2806,0.4582558231701213,0.458255830214608
2807,0.4582558228900915,0.45825582991039954
2808,0.4582558226110272,0.4582558296072399
2809,0.45825582233292533,0.4582558293051253
2810,0.45825582205578236,0.4582558290040521
2811,0.4582558217795952,0.45825582870401693
2812,0.4582558215043603,0.4582558284050159
2813,0.45825582123007447,0.45825582810704557
2814,0.45825582095673445,0.4582558278101025
2815,0.458255820684337,0.458255827514183
2816,0.4582558204128787,0.45825582721928354
2817,0.4582558201423566,0.4582558269254006
2818,0.45825581987276715,0.4582558266325307
2819,0.4582558196041073,0.45825582634067036
2820,0.4582558193363737,0.458255826049816
2821,0.4582558190695633,0.4582558257599643
2822,0.4582558188036729,0.45825582547111166
2823,0.45825581853869923,0.45825582518325464
2824,0.4582558182746391,0.4582558248963898
2825,0.4582558180114895,0.4582558246105138
2826,0.4582558177492472,0.45825582432562306
2827,0.458255817487909,0.4582558240417143
2828,0.45825581722747183,0.4582558237587841
2829,0.4582558169679325,0.4582558234768291
2830,0.4582558167092881,0.4582558231958459
2831,0.4582558164515354,0.4582558229158312
2832,0.45825581619467126,0.4582558226367815
2833,0.45825581593869275,0.45825582235869367
2834,0.45825581568359675,0.45825582208156435
2835,0.45825581542938015,0.45825582180539
2836,0.4582558151760399,0.4582558215301675
2837,0.4582558149235732,0.45825582125589365
2838,0.45825581467197674,0.4582558209825649
2839,0.4582558144212477,0.4582558207101783
2840,0.4582558141713829,0.4582558204387304
2841,0.4582558139223796,0.458255820168218
2842,0.45825581367423457,0.4582558198986379
2843,0.4582558134269451,0.4582558196299868
2844,0.458255813180508,0.45825581936226156
2845,0.4582558129349204,0.4582558190954589
2846,0.4582558126901794,0.45825581882957583
2847,0.4582558124462821,0.458255818564609
2848,0.4582558122032255,0.45825581830055523
2849,0.45825581196100684,0.45825581803741144
2850,0.458255811719623,0.45825581777517443
2851,0.45825581147907124,0.4582558175138413
2852,0.45825581123934866,0.4582558172534085
2853,0.45825581100045243,0.45825581699387324
2854,0.4582558107623796,0.45825581673523225
2855,0.45825581052512737,0.45825581647748265
2856,0.45825581028869306,0.45825581622062117
2857,0.4582558100530735,0.45825581596464476
2858,0.45825580981826625,0.4582558157095505
2859,0.4582558095842683,0.45825581545533517
2860,0.45825580935107674,0.4582558152019959
2861,0.4582558091186891,0.4582558149495295
2862,0.4582558088871023,0.458255814697933
2863,0.45825580865631366,0.4582558144472035
2864,0.4582558084263205,0.4582558141973379
2865,0.45825580819712014,0.45825581394833326
2866,0.45825580796870957,0.45825581370018653
2867,0.4582558077410864,0.4582558134528949
2868,0.4582558075142476,0.4582558132064553
2869,0.4582558072881906,0.4582558129608648
2870,0.45825580706291275,0.45825581271612054
2871,0.4582558068384113,0.4582558124722195
2872,0.45825580661468346,0.4582558122291588
2873,0.4582558063917268,0.4582558119869355
2874,0.4582558061695384,0.4582558117455469
2875,0.4582558059481158,0.45825581150498984
2876,0.45825580572745633,0.4582558112652616
2877,0.4582558055075571,0.4582558110263593
2878,0.4582558052884159,0.45825581078828015
2879,0.45825580507002983,0.45825581055102127
2880,0.4582558048523963,0.4582558103145797
2881,0.45825580463551274,0.4582558100789527
2882,0.4582558044193767,0.45825580984413755
2883,0.4582558042039853,0.4582558096101313
2884,0.45825580398933624,0.4582558093769312
2885,0.4582558037754268,0.4582558091445346
2886,0.45825580356225454,0.45825580891293866
2887,0.45825580334981675,0.45825580868214044
2888,0.45825580313811126,0.4582558084521373
2889,0.4582558029271351,0.4582558082229266
2890,0.4582558027168859,0.4582558079945055
2891,0.4582558025073613,0.45825580776687136
2892,0.4582558022985585,0.4582558075400214
2893,0.45825580209047523,0.45825580731395277
2894,0.45825580188310905,0.4582558070886629
2895,0.45825580167645735,0.45825580686414924
2896,0.45825580147051764,0.45825580664040894
2897,0.4582558012652876,0.45825580641743924
2898,0.4582558010607647,0.45825580619523776
2899,0.45825580085694645,0.4582558059738016
2900,0.4582558006538305,0.4582558057531283
2901,0.45825580045141423,0.45825580553321515
2902,0.4582558002496956,0.45825580531405946
2903,0.4582558000486719,0.45825580509565866
2904,0.45825579984834075,0.4582558048780102
2905,0.45825579964869995,0.45825580466111143
2906,0.4582557994497468,0.45825580444495967
2907,0.45825579925147925,0.4582558042295526
2908,0.45825579905389485,0.4582558040148874
2909,0.4582557988569911,0.4582558038009616
2910,0.4582557986607657,0.45825580358777257
2911,0.4582557984652164,0.4582558033753179
2912,0.4582557982703407,0.458255803163595
2913,0.4582557980761365,0.45825580295260143
2914,0.4582557978826013,0.45825580274233446
2915,0.4582557976897328,0.45825580253279175
2916,0.4582557974975288,0.45825580232397084
2917,0.458255797305987,0.458255802115869
2918,0.45825579711510506,0.45825580190848403
2919,0.45825579692488055,0.45825580170181324
2920,0.4582557967353115,0.45825580149585426
2921,0.4582557965463955,0.45825580129060467
2922,0.4582557963581303,0.45825580108606195
2923,0.45825579617051354,0.45825580088222356
2924,0.4582557959835433,0.45825580067908733
2925,0.458255795797217,0.45825580047665077
2926,0.45825579561153257,0.45825580027491125
2927,0.45825579542648776,0.45825580007386657
2928,0.4582557952420804,0.4582557998735143
2929,0.4582557950583082,0.45825579967385194
2930,0.45825579487516915,0.45825579947487716
2931,0.4582557946926609,0.45825579927658777
2932,0.45825579451078136,0.4582557990789811
2933,0.45825579432952823,0.45825579888205503
2934,0.4582557941488995,0.4582557986858071
2935,0.45825579396889293,0.458255798490235
2936,0.4582557937895064,0.4582557982953364
2937,0.4582557936107378,0.45825579810110895
2938,0.458255793432585,0.4582557979075504
2939,0.4582557932550457,0.45825579771465835
2940,0.458255793078118,0.45825579752243056
2941,0.45825579290179974,0.4582557973308647
2942,0.45825579272608874,0.45825579713995857
2943,0.45825579255098287,0.4582557969497097
2944,0.4582557923764802,0.45825579676011596
2945,0.45825579220257856,0.4582557965711752
2946,0.45825579202927585,0.45825579638288505
2947,0.4582557918565701,0.4582557961952431
2948,0.45825579168445907,0.4582557960082474
2949,0.45825579151294094,0.4582557958218956
2950,0.4582557913420134,0.45825579563618535
2951,0.4582557911716746,0.45825579545111467
2952,0.45825579100192243,0.45825579526668125
2953,0.458255790832755,0.45825579508288283
2954,0.45825579066417005,0.45825579489971735
2955,0.4582557904961658,0.45825579471718253
2956,0.45825579032874025,0.4582557945352761
2957,0.45825579016189116,0.4582557943539961
2958,0.45825578999561667,0.4582557941733402
2959,0.45825578982991494,0.45825579399330646
2960,0.45825578966478375,0.4582557938138925
2961,0.4582557895002213,0.4582557936350962
2962,0.4582557893362255,0.45825579345691564
2963,0.4582557891727945,0.4582557932793485
2964,0.4582557890099263,0.4582557931023927
2965,0.458255788847619,0.458255792926046
2966,0.4582557886858706,0.4582557927503068
2967,0.4582557885246792,0.4582557925751724
2968,0.4582557883640429,0.458255792400641
2969,0.4582557882039598,0.45825579222671065
2970,0.45825578804442796,0.4582557920533789
2971,0.4582557878854455,0.4582557918806439
2972,0.4582557877270104,0.4582557917085038
2973,0.458255787569121,0.45825579153695617
2974,0.45825578741177514,0.4582557913659992
2975,0.45825578725497124,0.4582557911956307
2976,0.4582557870987073,0.4582557910258488
2977,0.4582557869429813,0.4582557908566514
2978,0.45825578678779155,0.45825579068803646
2979,0.4582557866331362,0.458255790520002
2980,0.4582557864790135,0.458255790352546
2981,0.4582557863254213,0.45825579018566653
2982,0.45825578617235807,0.4582557900193615
2983,0.4582557860198218,0.45825578985362897
2984,0.45825578586781074,0.45825578968846703
2985,0.45825578571632314,0.45825578952387364
2986,0.4582557855653572,0.4582557893598467
2987,0.45825578541491097,0.4582557891963846
2988,0.4582557852649827,0.4582557890334852
2989,0.4582557851155707,0.4582557888711465
2990,0.45825578496667313,0.45825578870936656
2991,0.45825578481828827,0.45825578854814353
2992,0.4582557846704142,0.4582557883874756
2993,0.4582557845230493,0.4582557882273607
2994,0.45825578437619185,0.4582557880677968
2995,0.4582557842298399,0.45825578790878235
2996,0.458255784083992,0.45825578775031506
2997,0.458255783938646,0.4582557875923934
2998,0.45825578379380055,0.45825578743501527
2999,0.4582557836494538,0.4582557872781789
3000,0.4582557835056039,0.4582557871218823
3001,0.45825578336224937,0.4582557869661238
3002,0.4582557832193883,0.4582557868109013
3003,0.45825578307701903,0.45825578665621314
3004,0.45825578293513997,0.4582557865020574
3005,0.45825578279374934,0.4582557863484323
3006,0.45825578265284544,0.4582557861953359
3007,0.4582557825124266,0.45825578604276657
3008,0.4582557823724912,0.4582557858907223
3009,0.45825578223303753,0.45825578573920134
3010,0.4582557820940639,0.4582557855882019
3011,0.45825578195556876,0.45825578543772216
3012,0.4582557818175504,0.4582557852877603
3013,0.4582557816800071,0.4582557851383146
3014,0.45825578154293733,0.4582557849893833
3015,0.4582557814063394,0.45825578484096463
3016,0.45825578127021166,0.4582557846930567
3017,0.4582557811345525,0.45825578454565774
3018,0.4582557809993605,0.45825578439876624
3019,0.45825578086463364,0.4582557842523802
3020,0.4582557807303707,0.4582557841064981
3021,0.45825578059656985,0.45825578396111794
3022,0.4582557804632297,0.45825578381623805
3023,0.4582557803303484,0.4582557836718568
3024,0.4582557801979245,0.4582557835279726
3025,0.4582557800659565,0.4582557833845834
3026,0.4582557799344428,0.4582557832416878
3027,0.45825577980338167,0.45825578309928394
3028,0.4582557796727717,0.4582557829573701
3029,0.45825577954261143,0.4582557828159447
3030,0.4582557794128991,0.458255782675006
3031,0.4582557792836332,0.4582557825345523
3032,0.45825577915481225,0.45825578239458187
3033,0.45825577902643466,0.4582557822550933
3034,0.458255778898499,0.45825578211608464
3035,0.4582557787710037,0.45825578197755434
3036,0.4582557786439472,0.4582557818395007
3037,0.45825577851732796,0.4582557817019224
3038,0.4582557783911446,0.4582557815648173
3039,0.4582557782653955,0.458255781428184
3040,0.4582557781400793,0.4582557812920209
3041,0.4582557780151943,0.4582557811563264
3042,0.4582557778907391,0.4582557810210988
3043,0.4582557777667123,0.45825578088633656
3044,0.4582557776431124,0.4582557807520381
3045,0.4582557775199378,0.45825578061820166
3046,0.4582557773971872,0.4582557804848259
3047,0.45825577727485906,0.4582557803519089
3048,0.4582557771529519,0.45825578021944935
3049,0.45825577703146436,0.4582557800874456
3050,0.4582557769103949,0.458255779955896
3051,0.45825577678974205,0.4582557798247992
3052,0.45825577666950446,0.4582557796941534
3053,0.45825577654968064,0.45825577956395713
3054,0.45825577643026927,0.4582557794342088
3055,0.45825577631126874,0.45825577930490696
3056,0.4582557761926778,0.45825577917605015
3057,0.458255776074495,0.45825577904763654
3058,0.45825577595671896,0.45825577891966474
3059,0.4582557758393481,0.45825577879213336
3060,0.4582557757223813,0.45825577866504064
3061,0.4582557756058168,0.4582557785383854
3062,0.45825577548965374,0.45825577841216586
3063,0.4582557753738902,0.45825577828638053
3064,0.4582557752585251,0.45825577816102814
3065,0.4582557751435569,0.4582557780361069
3066,0.45825577502898446,0.45825577791161554
3067,0.45825577491480624,0.4582557777875524
3068,0.4582557748010208,0.4582557776639161
3069,0.4582557746876271,0.45825577754070523
3070,0.45825577457462346,0.4582557774179184
3071,0.4582557744620088,0.4582557772955538
3072,0.4582557743497816,0.45825577717361027
3073,0.45825577423794056,0.4582557770520863
3074,0.45825577412648444,0.4582557769309804
3075,0.45825577401541173,0.45825577681029117
3076,0.4582557739047213,0.45825577669001716
3077,0.4582557737944117,0.45825577657015687
3078,0.4582557736844816,0.45825577645070886
3079,0.4582557735749299,0.45825577633167197
3080,0.4582557734657551,0.45825577621304453
3081,0.45825577335695594,0.4582557760948252
3082,0.4582557732485312,0.45825577597701267
3083,0.45825577314047944,0.45825577585960525
3084,0.45825577303279946,0.45825577574260185
3085,0.4582557729254901,0.45825577562600095
3086,0.4582557728185498,0.45825577550980107
3087,0.45825577271197754,0.4582557753940011
3088,0.45825577260577194,0.4582557752785994
3089,0.45825577249993177,0.4582557751635947
3090,0.45825577239445575,0.45825577504898557
3091,0.45825577228934267,0.4582557749347708
3092,0.4582557721845911,0.45825577482094887
3093,0.45825577208020013,0.4582557747075185
3094,0.45825577197616824,0.4582557745944783
3095,0.4582557718724943,0.458255774481827
3096,0.458255771769177,0.4582557743695632
3097,0.4582557716662152,0.4582557742576856
3098,0.4582557715636076,0.4582557741461928
3099,0.458255771461353,0.4582557740350835
3100,0.4582557713594502,0.4582557739243565
3101,0.4582557712578981,0.4582557738140103
3102,0.4582557711566953,0.4582557737040437
3103,0.45825577105584064,0.45825577359445535
3104,0.45825577095533293,0.458255773485244
3105,0.45825577085517105,0.4582557733764082
3106,0.45825577075535384,0.45825577326794686
3107,0.45825577065587986,0.45825577315985855
3108,0.4582557705567482,0.45825577305214205
3109,0.45825577045795757,0.458255772944796
3110,0.4582557703595068,0.45825577283781926
3111,0.45825577026139475,0.4582557727312105
3112,0.4582557701636201,0.4582557726249683
3113,0.4582557700661819,0.45825577251909166
3114,0.4582557699690789,0.45825577241357907
3115,0.4582557698723099,0.45825577230842957
3116,0.45825576977587384,0.45825577220364155
3117,0.4582557696797695,0.45825577209921403
3118,0.4582557695839957,0.45825577199514567
3119,0.4582557694885514,0.45825577189143524
3120,0.4582557693934355,0.4582557717880816
3121,0.4582557692986468,0.45825577168508336
3122,0.4582557692041841,0.45825577158243935
3123,0.45825576911004623,0.4582557714801484
3124,0.4582557690162324,0.4582557713782092
3125,0.4582557689227411,0.4582557712766207
3126,0.4582557688295715,0.4582557711753816
3127,0.4582557687367224,0.45825577107449056
3128,0.45825576864419265,0.45825577097394665
3129,0.45825576855198114,0.45825577087374847
3130,0.45825576846008687,0.45825577077389495
3131,0.4582557683685087,0.4582557706743847
3132,0.45825576827724546,0.45825577057521694
3133,0.4582557681862962,0.4582557704763899
3134,0.4582557680956597,0.458255770377903
3135,0.45825576800533513,0.45825577027975467
3136,0.4582557679153211,0.458255770181944
3137,0.4582557678256167,0.45825577008446966
3138,0.4582557677362209,0.45825576998733053
3139,0.45825576764713255,0.4582557698905255
3140,0.45825576755835057,0.4582557697940533
3141,0.458255767469874,0.4582557696979129
3142,0.4582557673817018,0.45825576960210324
3143,0.4582557672938329,0.4582557695066229
3144,0.4582557672062661,0.458255769411471
3145,0.45825576711900057,0.4582557693166463
3146,0.4582557670320351,0.4582557692221476
3147,0.45825576694536885,0.45825576912797406
3148,0.45825576685900055,0.45825576903412424
3149,0.4582557667729294,0.4582557689405972
3150,0.4582557666871542,0.4582557688473918
3151,0.45825576660167405,0.4582557687545069
3152,0.458255766516488,0.4582557686619414
3153,0.45825576643159466,0.45825576856969413
3154,0.4582557663469935,0.4582557684777642
3155,0.4582557662626832,0.4582557683861504
3156,0.45825576617866287,0.45825576829485154
3157,0.4582557660949316,0.45825576820386665
3158,0.45825576601148826,0.4582557681131947
3159,0.45825576592833184,0.4582557680228344
3160,0.4582557658454614,0.4582557679327849
3161,0.4582557657628761,0.4582557678430451
3162,0.45825576568057463,0.45825576775361376
3163,0.45825576559855635,0.45825576766449
3164,0.45825576551682,0.4582557675756727
3165,0.45825576543536484,0.4582557674871608
3166,0.4582557653541898,0.45825576739895324
3167,0.4582557652732939,0.458255767311049
3168,0.4582557651926762,0.45825576722344696
3169,0.45825576511233573,0.45825576713614624
3170,0.4582557650322715,0.45825576704914556
3171,0.45825576495248277,0.45825576696244413
3172,0.45825576487296826,0.4582557668760407
3173,0.4582557647937273,0.4582557667899345
3174,0.45825576471475876,0.45825576670412427
3175,0.4582557646360618,0.4582557666186092
3176,0.4582557645576354,0.458255766533388
3177,0.45825576447947886,0.45825576644846
3178,0.45825576440159094,0.4582557663638238
3179,0.4582557643239709,0.4582557662794788
3180,0.45825576424661774,0.4582557661954236
3181,0.45825576416953057,0.4582557661116575
3182,0.4582557640927085,0.45825576602817947
3183,0.4582557640161507,0.45825576594498835
3184,0.458255763939856,0.45825576586208333
3185,0.4582557638638238,0.45825576577946325
3186,0.45825576378805283,0.45825576569712734
3187,0.45825576371254256,0.4582557656150744
3188,0.4582557636372919,0.45825576553330366
3189,0.4582557635623001,0.45825576545181396
3190,0.45825576348756597,0.45825576537060453
3191,0.45825576341308893,0.45825576528967427
3192,0.4582557633388679,0.4582557652090222
3193,0.45825576326490214,0.45825576512864746
3194,0.45825576319119077,0.4582557650485491
3195,0.4582557631177328,0.458255764968726
3196,0.45825576304452736,0.45825576488917735
3197,0.4582557629715736,0.4582557648099022
3198,0.4582557628988708,0.4582557647308995
3199,0.4582557628264179,0.45825576465216855
3200,0.45825576275421415,0.4582557645737083
3201,0.4582557626822586,0.4582557644955177
3202,0.4582557626105505,0.45825576441759586
3203,0.45825576253908895,0.4582557643399419
3204,0.45825576246787303,0.458255764262555
3205,0.45825576239690213,0.4582557641854341
3206,0.45825576232617504,0.4582557641085783
3207,0.4582557622556913,0.45825576403198676
3208,0.45825576218544983,0.45825576395565837
3209,0.4582557621154499,0.45825576387959255
3210,0.4582557620456906,0.45825576380378813
3211,0.4582557619761711,0.45825576372824434
3212,0.45825576190689066,0.45825576365296017
3213,0.45825576183784844,0.4582557635779348
3214,0.4582557617690435,0.4582557635031675
3215,0.45825576170047516,0.45825576342865704
3216,0.4582557616321426,0.45825576335440277
3217,0.458255761564045,0.4582557632804038
3218,0.4582557614961814,0.4582557632066591
3219,0.4582557614285512,0.4582557631331681
3220,0.4582557613611535,0.45825576305992954
3221,0.45825576129398743,0.4582557629869428
3222,0.45825576122705236,0.4582557629142069
3223,0.45825576116034733,0.45825576284172104
3224,0.45825576109387167,0.45825576276948443
3225,0.4582557610276246,0.45825576269749607
3226,0.4582557609616052,0.4582557626257551
3227,0.45825576089581277,0.45825576255426076
3228,0.45825576083024655,0.45825576248301225
3229,0.45825576076490565,0.4582557624120086
3230,0.45825576069978946,0.458255762341249
3231,0.45825576063489704,0.4582557622707326
3232,0.45825576057022777,0.4582557622004587
3233,0.4582557605057808,0.4582557621304262
3234,0.45825576044155536,0.4582557620606345
3235,0.4582557603775508,0.4582557619910827
3236,0.4582557603137662,0.45825576192176987
3237,0.4582557602502008,0.4582557618526954
3238,0.458255760186854,0.4582557617838583
3239,0.45825576012372493,0.45825576171525784
3240,0.4582557600608129,0.4582557616468931
3241,0.4582557599981171,0.45825576157876335
3242,0.4582557599356368,0.4582557615108678
3243,0.4582557598733713,0.4582557614432056
3244,0.45825575981131983,0.458255761375776
3245,0.4582557597494817,0.4582557613085781
3246,0.4582557596878561,0.4582557612416112
3247,0.4582557596264423,0.4582557611748744
3248,0.4582557595652397,0.458255761108367
3249,0.45825575950424746,0.45825576104208826
3250,0.4582557594434648,0.4582557609760373
3251,0.4582557593828911,0.4582557609102133
3252,0.4582557593225256,0.4582557608446156
3253,0.45825575926236756,0.45825576077924335
3254,0.4582557592024164,0.4582557607140957
3255,0.4582557591426713,0.4582557606491719
3256,0.45825575908313154,0.4582557605844714
3257,0.4582557590237964,0.45825576051999317
3258,0.4582557589646652,0.4582557604557366
3259,0.45825575890573733,0.4582557603917008
3260,0.458255758847012,0.4582557603278852
3261,0.4582557587884884,0.4582557602642887
3262,0.45825575873016605,0.45825576020091097
3263,0.4582557586720441,0.458255760137751
3264,0.458255758614122,0.458255760074808
3265,0.45825575855639894,0.45825576001208146
3266,0.45825575849887423,0.45825575994957046
3267,0.45825575844154737,0.4582557598872742
3268,0.4582557583844175,0.45825575982519207
3269,0.45825575832748394,0.4582557597633234
3270,0.45825575827074605,0.4582557597016671
3271,0.4582557582142032,0.4582557596402229
3272,0.45825575815785474,0.45825575957898984
3273,0.45825575810169983,0.45825575951796715
3274,0.458255758045738,0.4582557594571542
3275,0.4582557579899685,0.4582557593965502
3276,0.4582557579343907,0.45825575933615453
3277,0.4582557578790039,0.4582557592759664
3278,0.45825575782380745,0.45825575921598505
3279,0.4582557577688007,0.4582557591562098
3280,0.45825575771398297,0.45825575909664007
3281,0.45825575765935367,0.45825575903727495
3282,0.45825575760491216,0.458255758978114
3283,0.45825575755065767,0.45825575891915615
3284,0.4582557574965897,0.458255758860401
3285,0.45825575744270747,0.4582557588018477
3286,0.45825575738901053,0.45825575874349567
3287,0.45825575733549806,0.45825575868534413
3288,0.45825575728216955,0.45825575862739243
3289,0.4582557572290243,0.45825575856963985
3290,0.4582557571760616,0.45825575851208583
3291,0.4582557571232809,0.45825575845472943
3292,0.4582557570706818,0.4582557583975702
3293,0.4582557570182634,0.45825575834060733
3294,0.458255756966025,0.45825575828384024
3295,0.45825575691396625,0.4582557582272682
3296,0.4582557568620863,0.4582557581708906
3297,0.4582557568103847,0.45825575811470665
3298,0.4582557567588608,0.4582557580587158
3299,0.4582557567075139,0.4582557580029173
3300,0.45825575665634355,0.4582557579473106
3301,0.458255756605349,0.45825575789189493
3302,0.4582557565545296,0.45825575783666966
3303,0.4582557565038849,0.45825575778163413
3304,0.4582557564534143,0.4582557577267878
3305,0.45825575640311705,0.45825575767212984
3306,0.45825575635299265,0.4582557576176597
3307,0.4582557563030405,0.4582557575633768
3308,0.4582557562532601,0.45825575750928027
3309,0.4582557562036507,0.4582557574553697
3310,0.4582557561542117,0.4582557574016443
3311,0.45825575610494274,0.4582557573481036
3312,0.45825575605584296,0.45825575729474677
3313,0.45825575600691193,0.45825575724157336
3314,0.45825575595814905,0.4582557571885826
3315,0.45825575590955375,0.45825575713577393
3316,0.4582557558611253,0.45825575708314664
3317,0.45825575581286343,0.4582557570307002
3318,0.4582557557647673,0.45825575697843396
3319,0.4582557557168366,0.4582557569263474
3320,0.4582557556690704,0.45825575687443965
3321,0.45825575562146836,0.4582557568227103
3322,0.45825575557403,0.4582557567711587
3323,0.4582557555267545,0.4582557567197842
3324,0.45825575547964154,0.4582557566685862
3325,0.4582557554326904,0.4582557566175641
3326,0.4582557553859007,0.45825575656671735
3327,0.4582557553392716,0.4582557565160453
3328,0.4582557552928029,0.4582557564655472
3329,0.45825575524649387,0.45825575641522276
3330,0.45825575520034384,0.4582557563650711
3331,0.45825575515435235,0.4582557563150918
3332,0.45825575510851896,0.45825575626528414
3333,0.4582557550628431,0.45825575621564774
3334,0.4582557550173241,0.4582557561661818
3335,0.4582557549719615,0.4582557561168858
3336,0.4582557549267548,0.45825575606775915
3337,0.45825575488170334,0.4582557560188013
3338,0.45825575483680675,0.45825575597001167
3339,0.45825575479206443,0.4582557559213895
3340,0.4582557547474758,0.45825575587293454
3341,0.45825575470304036,0.45825575582464595
3342,0.4582557546587576,0.4582557557765233
3343,0.45825575461462703,0.45825575572856586
3344,0.45825575457064804,0.45825575568077337
3345,0.45825575452682016,0.45825575563314497
3346,0.45825575448314293,0.45825575558568027
3347,0.4582557544396156,0.4582557555383785
3348,0.45825575439623795,0.4582557554912392
3349,0.45825575435300925,0.45825575544426206
3350,0.45825575430992915,0.45825575539744606
3351,0.458255754266997,0.458255755350791
3352,0.45825575422421233,0.45825575530429624
3353,0.45825575418157477,0.4582557552579613
3354,0.4582557541390836,0.45825575521178524
3355,0.4582557540967384,0.458255755165768
3356,0.4582557540545388,0.4582557551199088
3357,0.45825575401248403,0.4582557550742072
3358,0.45825575397057383,0.45825575502866256
3359,0.4582557539288076,0.4582557549832743
3360,0.4582557538871848,0.45825575493804205
3361,0.458255753845705,0.4582557548929652
3362,0.4582557538043677,0.45825575484804304
3363,0.4582557537631725,0.4582557548032753
3364,0.45825575372211885,0.45825575475866137
3365,0.4582557536812061,0.4582557547142007
3366,0.4582557536404339,0.45825575466989277
3367,0.45825575359980186,0.458255754625737
3368,0.4582557535593095,0.4582557545817328
3369,0.45825575351895603,0.4582557545378799
3370,0.4582557534787413,0.45825575449417755
3371,0.4582557534386647,0.45825575445062544
3372,0.4582557533987259,0.45825575440722277
3373,0.4582557533589241,0.45825575436396926
3374,0.4582557533192591,0.4582557543208643
3375,0.45825575327973045,0.4582557542779075
3376,0.45825575324033746,0.45825575423509823
3377,0.4582557532010799,0.4582557541924359
3378,0.4582557531619571,0.4582557541499202
3379,0.4582557531229688,0.45825575410755054
3380,0.4582557530841143,0.4582557540653263
3381,0.4582557530453934,0.45825575402324725
3382,0.45825575300680543,0.45825575398131274
3383,0.4582557529683501,0.4582557539395221
3384,0.45825575293002685,0.45825575389787515
3385,0.4582557528918352,0.45825575385637124
3386,0.45825575285377473,0.4582557538150098
3387,0.4582557528158451,0.45825575377379046
3388,0.4582557527780456,0.4582557537327128
3389,0.45825575274037605,0.45825575369177607
3390,0.45825575270283586,0.45825575365098004
3391,0.4582557526654246,0.4582557536103241
3392,0.4582557526281419,0.45825575356980786
3393,0.45825575259098733,0.45825575352943076
3394,0.4582557525539603,0.4582557534891923
3395,0.45825575251706047,0.45825575344909203
3396,0.4582557524802874,0.45825575340912955
3397,0.45825575244364064,0.4582557533693043
3398,0.4582557524071197,0.4582557533296158
3399,0.4582557523707242,0.4582557532900637
3400,0.4582557523344538,0.4582557532506474
3401,0.45825575229830795,0.45825575321136647
3402,0.45825575226228626,0.45825575317222045
3403,0.4582557522263883,0.458255753133209
3404,0.45825575219061376,0.45825575309433136
3405,0.45825575215496195,0.45825575305558724
3406,0.4582557521194326,0.4582557530169763
3407,0.45825575208402525,0.45825575297849797
3408,0.4582557520487396,0.45825575294015175
3409,0.4582557520135752,0.4582557529019372
3410,0.4582557519785314,0.4582557528638539
3411,0.4582557519436081,0.4582557528259014
3412,0.4582557519088048,0.45825575278807934
3413,0.45825575187412093,0.4582557527503871
3414,0.45825575183955625,0.45825575271282426
3415,0.4582557518051103,0.45825575267539054
3416,0.45825575177078254,0.45825575263808527
3417,0.45825575173657285,0.4582557526009082
3418,0.4582557517024805,0.45825575256385875
3419,0.4582557516685053,0.4582557525269366
3420,0.4582557516346468,0.4582557524901413
3421,0.45825575160090465,0.45825575245347216
3422,0.4582557515672784,0.4582557524169291
3423,0.4582557515337675,0.4582557523805115
3424,0.45825575150037184,0.45825575234421895
3425,0.45825575146709085,0.4582557523080511
3426,0.45825575143392405,0.45825575227200743
3427,0.4582557514008713,0.45825575223608755
3428,0.45825575136793195,0.4582557522002911
3429,0.45825575133510577,0.4582557521646174
3430,0.4582557513023924,0.4582557521290664
3431,0.4582557512697913,0.4582557520936373
3432,0.4582557512373022,0.45825575205832997
3433,0.45825575120492473,0.4582557520231439
3434,0.4582557511726584,0.45825575198807866
3435,0.4582557511405028,0.4582557519531338
3436,0.45825575110845773,0.458255751918309
3437,0.4582557510765227,0.45825575188360373
3438,0.4582557510446974,0.4582557518490176
3439,0.4582557510129813,0.45825575181455036
3440,0.4582557509813742,0.45825575178020145
3441,0.4582557509498756,0.45825575174597044
3442,0.4582557509184852,0.4582557517118571
3443,0.4582557508872026,0.45825575167786076
3444,0.45825575085602743,0.4582557516439812
3445,0.45825575082495934,0.458255751610218
3446,0.4582557507939979,0.45825575157657084
3447,0.4582557507631429,0.45825575154303905
3448,0.4582557507323937,0.45825575150962256
3449,0.45825575070175023,0.45825575147632064
3450,0.4582557506712119,0.45825575144313324
3451,0.4582557506407785,0.4582557514100597
3452,0.4582557506104496,0.4582557513770998
3453,0.45825575058022483,0.458255751344253
3454,0.45825575055010387,0.4582557513115191
3455,0.45825575052008644,0.45825575127889756
3456,0.4582557504901719,0.458255751246388
3457,0.45825575046036027,0.45825575121399004
3458,0.4582557504306509,0.4582557511817034
3459,0.45825575040104355,0.4582557511495276
3460,0.458255750371538,0.4582557511174623
3461,0.45825575034213367,0.45825575108550703
3462,0.4582557503128303,0.4582557510536616
3463,0.4582557502836276,0.4582557510219255
3464,0.45825575025452525,0.45825575099029825
3465,0.4582557502255227,0.4582557509587797
3466,0.45825575019661985,0.45825575092736937
3467,0.4582557501678161,0.4582557508960669
3468,0.45825575013911146,0.45825575086487186
3469,0.45825575011050523,0.458255750833784
3470,0.4582557500819973,0.45825575080280284
3471,0.4582557500535872,0.4582557507719281
3472,0.45825575002527474,0.4582557507411593
3473,0.4582557499970595,0.4582557507104962
3474,0.45825574996894114,0.45825575067993835
3475,0.4582557499409193,0.4582557506494854
3476,0.45825574991299367,0.4582557506191371
3477,0.45825574988516393,0.458255750588893
3478,0.45825574985742984,0.45825575055875273
3479,0.45825574982979084,0.45825575052871587
3480,0.45825574980224687,0.45825575049878214
3481,0.45825574977479744,0.4582557504689513
3482,0.45825574974744226,0.4582557504392229
3483,0.45825574972018096,0.4582557504095965
3484,0.4582557496930134,0.45825575038007177
3485,0.458255749665939,0.4582557503506484
3486,0.45825574963895754,0.45825575032132615
3487,0.4582557496120688,0.4582557502921045
3488,0.4582557495852724,0.4582557502629832
3489,0.4582557495585679,0.4582557502339619
3490,0.45825574953195525,0.4582557502050402
3491,0.4582557495054339,0.45825575017621795
3492,0.45825574947900355,0.4582557501474945
3493,0.458255749452664,0.45825575011886976
3494,0.45825574942641495,0.4582557500903432
3495,0.45825574940025604,0.4582557500619146
3496,0.45825574937418684,0.4582557500335836
3497,0.45825574934820723,0.4582557500053499
3498,0.4582557493223168,0.4582557499772132
3499,0.4582557492965152,0.45825574994917295
3500,0.45825574927080226,0.4582557499212291
3501,0.4582557492451776,0.4582557498933812
3502,0.4582557492196409,0.4582557498656288
3503,0.4582557491941919,0.4582557498379717
3504,0.4582557491688303,0.45825574981040956
3505,0.45825574914355566,0.45825574978294215
3506,0.4582557491183679,0.45825574975556893
3507,0.45825574909326666,0.45825574972828964
3508,0.45825574906825156,0.45825574970110416
3509,0.4582557490433223,0.45825574967401195
3510,0.45825574901847865,0.4582557496470127
3511,0.45825574899372024,0.45825574962010623
3512,0.4582557489690469,0.458255749593292
3513,0.45825574894445836,0.4582557495665699
3514,0.4582557489199541,0.4582557495399395
3515,0.45825574889553405,0.4582557495134006
3516,0.4582557488711978,0.45825574948695275
3517,0.4582557488469451,0.4582557494605958
3518,0.45825574882277575,0.4582557494343292
3519,0.45825574879868924,0.4582557494081528
3520,0.4582557487746855,0.45825574938206626
3521,0.45825574875076414,0.45825574935606933
3522,0.458255748726925,0.45825574933016167
3523,0.4582557487031676,0.4582557493043429
3524,0.45825574867949176,0.45825574927861273
3525,0.4582557486558973,0.45825574925297086
3526,0.45825574863238383,0.4582557492274171
3527,0.45825574860895096,0.4582557492019511
3528,0.45825574858559864,0.4582557491765724
3529,0.4582557485623264,0.45825574915128087
3530,0.45825574853913414,0.4582557491260762
3531,0.45825574851602147,0.45825574910095807
3532,0.4582557484929882,0.45825574907592614
3533,0.458255748470034,0.45825574905098004
3534,0.45825574844715855,0.45825574902611976
3535,0.45825574842436173,0.4582557490013447
3536,0.458255748401643,0.4582557489766547
3537,0.4582557483790024,0.45825574895204946
3538,0.45825574835643945,0.4582557489275287
3539,0.458255748333954,0.4582557489030921
3540,0.45825574831154575,0.45825574887873943
3541,0.45825574828921445,0.4582557488544703
3542,0.45825574826695975,0.45825574883028447
3543,0.45825574824478144,0.45825574880618164
3544,0.45825574822267934,0.4582557487821617
3545,0.458255748200653,0.4582557487582241
3546,0.45825574817870235,0.45825574873436864
3547,0.4582557481568271,0.45825574871059516
3548,0.4582557481350269,0.4582557486869032
3549,0.4582557481133015,0.4582557486632926
3550,0.45825574809165076,0.4582557486397631
3551,0.4582557480700743,0.4582557486163143
3552,0.4582557480485719,0.458255748592946
3553,0.4582557480271433,0.4582557485696579
3554,0.4582557480057883,0.45825574854644974
3555,0.4582557479845064,0.4582557485233212
3556,0.4582557479632979,0.4582557485002722
3557,0.45825574794216206,0.45825574847730216
3558,0.4582557479210987,0.4582557484544111
3559,0.4582557479001077,0.4582557484315985
3560,0.45825574787918877,0.45825574840886424
3561,0.4582557478583416,0.45825574838620803
3562,0.45825574783756606,0.4582557483636296
3563,0.45825574781686185,0.4582557483411287
3564,0.45825574779622863,0.4582557483187049
3565,0.45825574777566624,0.4582557482963582
3566,0.45825574775517447,0.4582557482740882
3567,0.458255747734753,0.4582557482518946
3568,0.45825574771440175,0.4582557482297772
3569,0.45825574769412014,0.4582557482077356
3570,0.45825574767390836,0.45825574818576975
3571,0.4582557476537659,0.4582557481638793
3572,0.4582557476336926,0.45825574814206405
3573,0.45825574761368815,0.4582557481203236
3574,0.45825574759375237,0.45825574809865777
3575,0.45825574757388504,0.45825574807706637
3576,0.4582557475540859,0.4582557480555489
3577,0.45825574753435466,0.45825574803410546
3578,0.4582557475146912,0.45825574801273555
3579,0.4582557474950953,0.45825574799143903
3580,0.4582557474755666,0.4582557479702155
3581,0.4582557474561049,0.458255747949065
3582,0.45825574743671005,0.45825574792798696
3583,0.4582557474173818,0.45825574790698126
3584,0.45825574739811986,0.4582557478860477
3585,0.458255747378924,0.458255747865186
3586,0.4582557473597941,0.4582557478443959
3587,0.4582557473407297,0.4582557478236771
3588,0.4582557473217309,0.45825574780302947
3589,0.4582557473027973,0.45825574778245265
3590,0.4582557472839286,0.45825574776194644
3591,0.45825574726512475,0.4582557477415107
3592,0.4582557472463854,0.45825574772114497
3593,0.4582557472277104,0.4582557477008493
3594,0.4582557472090994,0.45825574768062327
3595,0.45825574719055245,0.45825574766046656
3596,0.458255747172069,0.45825574764037913
3597,0.4582557471536491,0.45825574762036053
3598,0.4582557471352923,0.45825574760041066
3599,0.4582557471169985,0.45825574758052934
3600,0.4582557470987676,0.45825574756071624
3601,0.4582557470805993,0.45825574754097104
3602,0.4582557470624933,0.4582557475212936
3603,0.4582557470444494,0.45825574750168385
3604,0.4582557470264675,0.4582557474821412
3605,0.4582557470085474,0.45825574746266573
3606,0.4582557469906886,0.45825574744325714
3607,0.45825574697289123,0.45825574742391517
3608,0.4582557469551548,0.4582557474046395
3609,0.4582557469374794,0.45825574738543
3610,0.45825574691986454,0.45825574736628644
3611,0.4582557469023102,0.4582557473472086
3612,0.45825574688481613,0.45825574732819613
3613,0.45825574686738213,0.45825574730924906
3614,0.458255746850008,0.4582557472903669
3615,0.4582557468326933,0.4582557472715496
3616,0.4582557468154382,0.4582557472527968
3617,0.4582557467982422,0.45825574723410856
3618,0.45825574678110526,0.45825574721548423
3619,0.4582557467640272,0.45825574719692397
3620,0.45825574674700775,0.4582557471784273
3621,0.4582557467300466,0.4582557471599941
3622,0.4582557467131438,0.45825574714162415
3623,0.4582557466962989,0.4582557471233174
3624,0.45825574667951186,0.4582557471050733
3625,0.45825574666278235,0.45825574708689193
3626,0.45825574664611035,0.4582557470687729
3627,0.45825574662949553,0.45825574705071603
3628,0.4582557466129378,0.4582557470327211
3629,0.45825574659643686,0.45825574701478805
3630,0.45825574657999246,0.45825574699691646
3631,0.4582557465636046,0.4582557469791062
3632,0.45825574654727297,0.45825574696135707
3633,0.45825574653099743,0.4582557469436688
3634,0.4582557465147776,0.4582557469260413
3635,0.45825574649861356,0.45825574690847426
3636,0.45825574648250494,0.45825574689096754
3637,0.4582557464664516,0.45825574687352083
3638,0.45825574645045336,0.4582557468561341
3639,0.45825574643450995,0.4582557468388069
3640,0.4582557464186214,0.45825574682153924
3641,0.45825574640278727,0.4582557468043308
3642,0.45825574638700756,0.45825574678718145
3643,0.4582557463712819,0.4582557467700909
3644,0.4582557463556103,0.4582557467530591
3645,0.45825574633999244,0.45825574673608566
3646,0.45825574632442817,0.4582557467191704
3647,0.45825574630891736,0.4582557467023132
3648,0.45825574629345966,0.458255746685514
3649,0.4582557462780551,0.4582557466687724
3650,0.45825574626270343,0.45825574665208824
3651,0.4582557462474044,0.4582557466354612
3652,0.4582557462321579,0.45825574661889135
3653,0.45825574621696363,0.45825574660237833
3654,0.45825574620182163,0.4582557465859219
3655,0.4582557461867315,0.45825574656952206
3656,0.4582557461716932,0.45825574655317847
3657,0.45825574615670644,0.4582557465368909
3658,0.4582557461417711,0.45825574652065926
3659,0.4582557461268871,0.45825574650448325
3660,0.45825574611205416,0.45825574648836287
3661,0.45825574609727215,0.4582557464722978
3662,0.4582557460825408,0.45825574645628775
3663,0.4582557460678599,0.45825574644033273
3664,0.45825574605322966,0.45825574642443234
3665,0.4582557460386493,0.4582557464085867
3666,0.4582557460241192,0.4582557463927952
3667,0.4582557460096389,0.4582557463770579
3668,0.45825574599520835,0.4582557463613747
3669,0.4582557459808272,0.4582557463457454
3670,0.45825574596649543,0.45825574633016963
3671,0.45825574595221286,0.4582557463146473
3672,0.4582557459379793,0.4582557462991783
3673,0.4582557459237946,0.4582557462837623
3674,0.45825574590965845,0.4582557462683992
3675,0.458255745895571,0.4582557462530888
3676,0.45825574588153184,0.45825574623783105
3677,0.4582557458675407,0.45825574622262555
3678,0.45825574585359774,0.4582557462074723
3679,0.4582557458397025,0.458255746192371
3680,0.45825574582585504,0.45825574617732145
3681,0.4582557458120551,0.4582557461623235
3682,0.4582557457983024,0.4582557461473772
3683,0.45825574578459705,0.4582557461324821
3684,0.45825574577093864,0.45825574611763814
3685,0.4582557457573271,0.45825574610284503
3686,0.45825574574376216,0.45825574608810266
3687,0.4582557457302439,0.45825574607341096
3688,0.4582557457167721,0.4582557460587696
3689,0.4582557457033463,0.45825574604417857
3690,0.4582557456899667,0.45825574602963753
3691,0.45825574567663296,0.45825574601514635
3692,0.45825574566334504,0.458255746000705
3693,0.4582557456501027,0.45825574598631313
3694,0.4582557456369058,0.4582557459719706
3695,0.45825574562375415,0.4582557459576774
3696,0.4582557456106476,0.45825574594343316
3697,0.45825574559758603,0.45825574592923773
3698,0.45825574558456933,0.4582557459150911
3699,0.4582557455715972,0.45825574590099294
3700,0.4582557455586696,0.45825574588694323
3701,0.4582557455457866,0.4582557458729417
3702,0.45825574553294757,0.45825574585898826
3703,0.4582557455201526,0.45825574584508255
3704,0.45825574550740156,0.45825574583122464
3705,0.4582557454946942,0.45825574581741424
3706,0.4582557454820305,0.45825574580365125
3707,0.4582557454694102,0.45825574578993544
3708,0.4582557454568333,0.4582557457762668
3709,0.45825574544429953,0.458255745762645
3710,0.45825574543180875,0.4582557457490699
3711,0.45825574541936076,0.45825574573554134
3712,0.4582557454069556,0.45825574572205924
3713,0.4582557453945929,0.4582557457086235
3714,0.45825574538227265,0.45825574569523375
3715,0.4582557453699947,0.4582557456818899
3716,0.45825574535775887,0.45825574566859184
3717,0.458255745345565,0.45825574565533944
3718,0.458255745333413,0.4582557456421325
3719,0.45825574532130264,0.4582557456289709
3720,0.4582557453092339,0.45825574561585447
3721,0.4582557452972065,0.4582557456027829
3722,0.4582557452852204,0.4582557455897563
3723,0.4582557452732754,0.4582557455767744
3724,0.4582557452613714,0.458255745563837
3725,0.4582557452495082,0.458255745550944
3726,0.45825574523768575,0.4582557455380952
3727,0.45825574522590384,0.4582557455252905
3728,0.45825574521416235,0.45825574551252973
3729,0.4582557452024611,0.4582557454998128
3730,0.45825574519080003,0.4582557454871394
3731,0.45825574517917905,0.4582557454745096
3732,0.45825574516759787,0.45825574546192305
3733,0.4582557451560565,0.4582557454493796
3734,0.4582557451445545,0.4582557454368793
3735,0.45825574513309214,0.4582557454244218
3736,0.4582557451216691,0.4582557454120071
3737,0.4582557451102853,0.458255745399635
3738,0.45825574509894046,0.4582557453873053
3739,0.4582557450876345,0.45825574537501795
3740,0.4582557450763674,0.4582557453627727
3741,0.45825574506513905,0.4582557453505695
3742,0.4582557450539491,0.45825574533840807
3743,0.45825574504279754,0.4582557453262885
3744,0.45825574503168426,0.4582557453142104
3745,0.45825574502060906,0.4582557453021738
3746,0.45825574500957195,0.4582557452901785
3747,0.45825574499857263,0.45825574527822427
3748,0.458255744987611,0.4582557452663111
3749,0.4582557449766871,0.45825574525443874
3750,0.45825574496580057,0.4582557452426072
3751,0.45825574495495147,0.45825574523081625
3752,0.45825574494413956,0.4582557452190657
3753,0.4582557449333648,0.45825574520735546
3754,0.45825574492262694,0.45825574519568535
3755,0.4582557449119259,0.4582557451840554
3756,0.4582557449012617,0.45825574517246526
3757,0.4582557448906339,0.4582557451609149
3758,0.45825574488004256,0.4582557451494041
3759,0.4582557448694877,0.4582557451379329
3760,0.45825574485896897,0.4582557451265009
3761,0.4582557448484864,0.45825574511510825
3762,0.45825574483803966,0.45825574510375466
3763,0.4582557448276289,0.45825574509244
3764,0.4582557448172536,0.4582557450811641
3765,0.4582557448069141,0.45825574506992695
3766,0.45825574479661013,0.45825574505872835
3767,0.45825574478634135,0.45825574504756816
3768,0.45825574477610787,0.4582557450364463
3769,0.4582557447659095,0.4582557450253625
3770,0.45825574475574615,0.45825574501431676
3771,0.45825574474561764,0.45825574500330885
3772,0.4582557447355238,0.45825574499233884
3773,0.4582557447254647,0.45825574498140637
3774,0.45825574471544,0.4582557449705113
3775,0.4582557447054498,0.4582557449596537
3776,0.4582557446954937,0.45825574494883337
3777,0.45825574468557195,0.4582557449380501
3778,0.45825574467568414,0.4582557449273038
3779,0.4582557446658303,0.4582557449165945
3780,0.45825574465601016,0.4582557449059218
3781,0.45825574464622376,0.4582557448952858
3782,0.45825574463647095,0.45825574488468634
3783,0.4582557446267516,0.45825574487412307
3784,0.4582557446170656,0.45825574486359616
3785,0.4582557446074128,0.45825574485310533
3786,0.45825574459779306,0.45825574484265047
3787,0.45825574458820645,0.45825574483223147
3788,0.4582557445786526,0.4582557448218482
3789,0.45825574456913154,0.4582557448115005
3790,0.4582557445596432,0.4582557448011884
3791,0.4582557445501873,0.4582557447909116
3792,0.458255744540764,0.45825574478067005
3793,0.4582557445313729,0.45825574477046366
3794,0.458255744522014,0.45825574476029235
3795,0.4582557445126873,0.45825574475015574
3796,0.45825574450339257,0.4582557447400541
3797,0.4582557444941297,0.458255744729987
3798,0.4582557444848986,0.4582557447199544
3799,0.45825574447569917,0.45825574470995634
3800,0.4582557444665313,0.4582557446999925
3801,0.4582557444573948,0.4582557446900628
3802,0.4582557444482897,0.4582557446801672
3803,0.45825574443921585,0.4582557446703055
3804,0.45825574443017314,0.4582557446604777
3805,0.4582557444211615,0.4582557446506835
3806,0.45825574441218064,0.458255744640923
3807,0.4582557444032307,0.45825574463119595
3808,0.45825574439431144,0.4582557446215023
3809,0.45825574438542266,0.45825574461184176
3810,0.45825574437656447,0.4582557446022146
3811,0.45825574436773653,0.45825574459262014
3812,0.45825574435893895,0.4582557445830589
3813,0.45825574435017163,0.45825574457353024
3814,0.45825574434143435,0.4582557445640343
3815,0.4582557443327271,0.458255744554571
3816,0.4582557443240495,0.4582557445451402
3817,0.45825574431540184,0.45825574453574164
3818,0.4582557443067839,0.4582557445263753
3819,0.4582557442981953,0.4582557445170411
3820,0.45825574428963634,0.45825574450773904
3821,0.45825574428110666,0.4582557444984688
3822,0.45825574427260624,0.4582557444892303
3823,0.458255744264135,0.4582557444800235
3824,0.4582557442556928,0.4582557444708484
3825,0.4582557442472796,0.4582557444617046
3826,0.45825574423889515,0.4582557444525923
3827,0.45825574423053955,0.45825574444351125
3828,0.4582557442222126,0.45825574443446127
3829,0.45825574421391424,0.4582557444254424
3830,0.45825574420564424,0.45825574441645445
3831,0.4582557441974027,0.4582557444074973
3832,0.45825574418918935,0.4582557443985708
3833,0.4582557441810043,0.458255744389675
3834,0.45825574417284715,0.4582557443808097
3835,0.4582557441647181,0.45825574437197475
3836,0.4582557441566169,0.4582557443631702
3837,0.4582557441485435,0.45825574435439587
3838,0.4582557441404978,0.45825574434565153
3839,0.45825574413247966,0.4582557443369372
3840,0.45825574412448905,0.4582557443282528
3841,0.45825574411652575,0.4582557443195981
3842,0.4582557441085899,0.45825574431097316
3843,0.45825574410068115,0.4582557443023778
3844,0.45825574409279957,0.4582557442938119
3845,0.4582557440849451,0.4582557442852754
3846,0.45825574407711744,0.4582557442767682
3847,0.4582557440693167,0.45825574426829
3848,0.45825574406154274,0.4582557442598411
3849,0.45825574405379543,0.45825574425142107
3850,0.45825574404607466,0.45825574424302995
3851,0.4582557440383803,0.45825574423466753
3852,0.45825574403071245,0.4582557442263339
3853,0.45825574402307084,0.4582557442180288
3854,0.4582557440154555,0.45825574420975224
3855,0.45825574400786623,0.458255744201504
3856,0.458255744000303,0.4582557441932841
3857,0.4582557439927657,0.4582557441850923
3858,0.4582557439852543,0.45825574417692866
3859,0.4582557439777686,0.45825574416879306
3860,0.4582557439703086,0.4582557441606853
3861,0.45825574396287416,0.4582557441526052
3862,0.45825574395546526,0.45825574414455306
3863,0.4582557439480817,0.4582557441365285
3864,0.45825574394072355,0.4582557441285313
3865,0.4582557439333905,0.4582557441205616
3866,0.4582557439260827,0.45825574411261927
3867,0.4582557439188001,0.4582557441047042
3868,0.4582557439115423,0.45825574409681624
3869,0.45825574390430945,0.45825574408895536
3870,0.45825574389710133,0.45825574408112146
3871,0.45825574388991797,0.45825574407331426
3872,0.45825574388275925,0.458255744065534
3873,0.4582557438756251,0.4582557440577804
3874,0.4582557438685153,0.45825574405005337
3875,0.4582557438614301,0.4582557440423528
3876,0.458255743854369,0.45825574403467867
3877,0.45825574384733225,0.45825574402703084
3878,0.4582557438403196,0.4582557440194093
3879,0.45825574383333095,0.45825574401181385
3880,0.4582557438263663,0.45825574400424457
3881,0.45825574381942563,0.458255743996701
3882,0.4582557438125085,0.45825574398918345
3883,0.45825574380561535,0.4582557439816916
3884,0.4582557437987458,0.4582557439742256
3885,0.4582557437918997,0.45825574396678503
3886,0.4582557437850771,0.45825574395937013
3887,0.458255743778278,0.4582557439519806
3888,0.45825574377150213,0.45825574394461643
3889,0.4582557437647496,0.45825574393727747
3890,0.4582557437580201,0.45825574392996365
3891,0.45825574375131367,0.45825574392267493
3892,0.45825574374463035,0.45825574391541124
3893,0.45825574373796985,0.4582557439081725
3894,0.45825574373133227,0.45825574390095847
3895,0.45825574372471745,0.4582557438937693
3896,0.4582557437181252,0.45825574388660467
3897,0.45825574371155575,0.4582557438794646
3898,0.4582557437050087,0.4582557438723491
3899,0.45825574369848415,0.45825574386525797
3900,0.45825574369198185,0.4582557438581912
3901,0.45825574368550204,0.4582557438511486
3902,0.45825574367904426,0.4582557438441302
3903,0.4582557436726088,0.4582557438371358
3904,0.4582557436661953,0.45825574383016543
3905,0.4582557436598038,0.458255743823219
3906,0.4582557436534343,0.45825574381629636
3907,0.4582557436470866,0.4582557438093974
3908,0.45825574364076055,0.45825574380252215
3909,0.45825574363445637,0.45825574379567047
3910,0.4582557436281737,0.4582557437888423
3911,0.4582557436219127,0.4582557437820376
3912,0.45825574361567306,0.45825574377525613
3913,0.45825574360945487,0.4582557437684979
3914,0.4582557436032579,0.458255743761763
3915,0.4582557435970823,0.45825574375505096
3916,0.45825574359092786,0.45825574374836214
3917,0.45825574358479443,0.4582557437416961
3918,0.4582557435786821,0.4582557437350531
3919,0.45825574357259075,0.4582557437284327
3920,0.4582557435665202,0.4582557437218352
3921,0.4582557435604706,0.4582557437152601
3922,0.45825574355444165,0.4582557437087077
3923,0.4582557435484334,0.45825574370217775
3924,0.4582557435424458,0.4582557436956702
3925,0.45825574353647863,0.4582557436891849
3926,0.45825574353053206,0.4582557436827219
3927,0.45825574352460585,0.458255743676281
3928,0.45825574351869985,0.4582557436698623
3929,0.45825574351281423,0.45825574366346544
3930,0.45825574350694875,0.45825574365709065
3931,0.45825574350110326,0.4582557436507377
3932,0.458255743495278,0.45825574364440647
3933,0.4582557434894726,0.458255743638097
3934,0.4582557434836872,0.4582557436318091
3935,0.45825574347792153,0.4582557436255429
3936,0.4582557434721757,0.458255743619298
3937,0.4582557434664495,0.45825574361307464
3938,0.45825574346074305,0.45825574360687255
3939,0.4582557434550561,0.4582557436006919
3940,0.4582557434493887,0.4582557435945322
3941,0.4582557434437406,0.45825574358839377
3942,0.458255743438112,0.4582557435822764
3943,0.4582557434325027,0.45825574357617993
3944,0.45825574342691255,0.4582557435701044
3945,0.4582557434213416,0.4582557435640497
3946,0.4582557434157898,0.4582557435580157
3947,0.45825574341025693,0.4582557435520025
3948,0.4582557434047432,0.4582557435460099
3949,0.45825574339924824,0.45825574354003773
3950,0.4582557433937721,0.45825574353408616
3951,0.4582557433883149,0.45825574352815496
3952,0.45825574338287633,0.4582557435222441
3953,0.45825574337745634,0.45825574351635345
3954,0.45825574337205494,0.4582557435104831
3955,0.4582557433666722,0.45825574350463283
3956,0.45825574336130775,0.4582557434988026
3957,0.4582557433559618,0.4582557434929923
3958,0.4582557433506341,0.45825574348720205
3959,0.45825574334532476,0.4582557434814316
3960,0.4582557433400336,0.45825574347568093
3961,0.4582557433347606,0.45825574346995007
3962,0.45825574332950564,0.4582557434642387
3963,0.45825574332426866,0.4582557434585471
3964,0.4582557433190497,0.45825574345287484
3965,0.45825574331384855,0.4582557434472221
3966,0.4582557433086653,0.45825574344158876
3967,0.4582557433034998,0.4582557434359747
3968,0.4582557432983521,0.4582557434303799
3969,0.458255743293222,0.4582557434248043
3970,0.4582557432881095,0.4582557434192478
3971,0.4582557432830145,0.45825574341371034
3972,0.45825574327793694,0.4582557434081918
3973,0.45825574327287677,0.4582557434026923
3974,0.45825574326783397,0.45825574339721165
3975,0.45825574326280855,0.4582557433917498
3976,0.4582557432578003,0.4582557433863066
3977,0.45825574325280927,0.4582557433808821
3978,0.45825574324783525,0.45825574337547614
3979,0.45825574324287843,0.4582557433700888
3980,0.4582557432379385,0.45825574336472
3981,0.45825574323301554,0.45825574335936936
3982,0.45825574322810947,0.4582557433540373
3983,0.45825574322322016,0.45825574334872343
3984,0.45825574321834767,0.4582557433434278
3985,0.45825574321349183,0.4582557433381503
3986,0.4582557432086527,0.45825574333289093
3987,0.45825574320383017,0.4582557433276495
3988,0.4582557431990242,0.4582557433224262
3989,0.45825574319423457,0.45825574331722063
3990,0.45825574318946144,0.4582557433120331
3991,0.4582557431847047,0.45825574330686325
3992,0.4582557431799643,0.4582557433017111
3993,0.45825574317524015,0.4582557432965767
3994,0.458255743170532,0.4582557432914598
3995,0.4582557431658402,0.45825574328636043
3996,0.45825574316116446,0.45825574328127866
3997,0.45825574315650464,0.45825574327621427
3998,0.4582557431518609,0.45825574327116725
3999,0.4582557431472331,0.4582557432661375
4000,0.4582557431426212,0.458255743261125
4001,0.458255743138025,0.4582557432561298
4002,0.4582557431334445,0.4582557432511515
4003,0.4582557431288799,0.4582557432461904
4004,0.4582557431243308,0.45825574324124635
4005,0.45825574311979733,0.45825574323631924
4006,0.4582557431152795,0.4582557432314089
4007,0.458255743110777,0.45825574322651547
4008,0.4582557431062901,0.4582557432216388
4009,0.4582557431018185,0.4582557432167789
4010,0.4582557430973623,0.4582557432119356
4011,0.45825574309292116,0.458255743207109
4012,0.4582557430884955,0.4582557432022989
4013,0.4582557430840848,0.4582557431975053
4014,0.45825574307968936,0.458255743192728
4015,0.45825574307530903,0.45825574318796725
4016,0.45825574307094363,0.45825574318322276
4017,0.4582557430665932,0.4582557431784945
4018,0.45825574306225775,0.45825574317378254
4019,0.45825574305793704,0.4582557431690866
4020,0.45825574305363126,0.4582557431644069
4021,0.4582557430493402,0.45825574315974327
4022,0.4582557430450639,0.4582557431550955
4023,0.45825574304080213,0.45825574315046363
4024,0.45825574303655503,0.4582557431458478
4025,0.4582557430323226,0.4582557431412477
4026,0.45825574302810457,0.45825574313666345
4027,0.45825574302390104,0.45825574313209483
4028,0.4582557430197119,0.4582557431275418
4029,0.4582557430155371,0.4582557431230045
4030,0.45825574301137667,0.4582557431184827
4031,0.4582557430072305,0.45825574311397654
4032,0.4582557430030984,0.45825574310948564
4033,0.45825574299898064,0.45825574310501027
4034,0.458255742994877,0.4582557431005501
4035,0.45825574299078736,0.45825574309610523
4036,0.4582557429867118,0.45825574309167577
4037,0.45825574298265015,0.45825574308726147
4038,0.4582557429786025,0.4582557430828622
4039,0.4582557429745686,0.4582557430784781
4040,0.45825574297054855,0.4582557430741089
4041,0.45825574296654237,0.4582557430697548
4042,0.4582557429625499,0.4582557430654156
4043,0.4582557429585711,0.4582557430610913
4044,0.45825574295460597,0.45825574305678174
4045,0.45825574295065435,0.45825574305248695
4046,0.45825574294671634,0.458255743048207
4047,0.4582557429427918,0.4582557430439416
4048,0.45825574293888083,0.4582557430396909
4049,0.45825574293498317,0.4582557430354547
4050,0.4582557429310989,0.4582557430312331
4051,0.4582557429272278,0.45825574302702593
4052,0.4582557429233702,0.4582557430228332
4053,0.4582557429195257,0.45825574301865485
4054,0.45825574291569443,0.4582557430144908
4055,0.45825574291187626,0.45825574301034105
4056,0.45825574290807125,0.4582557430062055
4057,0.45825574290427906,0.4582557430020841
4058,0.4582557429005001,0.458255742997977
4059,0.458255742896734,0.4582557429938838
4060,0.4582557428929808,0.4582557429898047
4061,0.45825574288924054,0.4582557429857396
4062,0.4582557428855131,0.4582557429816884
4063,0.4582557428817984,0.45825574297765104
4064,0.4582557428780964,0.4582557429736276
4065,0.4582557428744071,0.45825574296961785
4066,0.4582557428707305,0.45825574296562194
4067,0.45825574286706644,0.45825574296163973
4068,0.458255742863415,0.4582557429576712
4069,0.45825574285977605,0.4582557429537162
4070,0.4582557428561496,0.4582557429497748
4071,0.4582557428525356,0.45825574294584676
4072,0.45825574284893394,0.4582557429419324
4073,0.4582557428453446,0.45825574293803134
4074,0.4582557428417677,0.45825574293414373
4075,0.458255742838203,0.45825574293026944
4076,0.45825574283465037,0.4582557429264084
4077,0.4582557428311101,0.45825574292256055
4078,0.4582557428275819,0.45825574291872595
4079,0.4582557428240657,0.45825574291490445
4080,0.45825574282056175,0.4582557429110961
4081,0.45825574281706966,0.4582557429073007
4082,0.45825574281358966,0.4582557429035185
4083,0.45825574281012144,0.45825574289974913
4084,0.4582557428066652,0.4582557428959927
4085,0.45825574280322084,0.45825574289224913
4086,0.4582557427997882,0.45825574288851845
4087,0.45825574279636744,0.45825574288480053
4088,0.45825574279295833,0.45825574288109533
4089,0.45825574278956094,0.45825574287740284
4090,0.4582557427861752,0.45825574287372306
4091,0.458255742782801,0.4582557428700558
4092,0.4582557427794384,0.4582557428664012
4093,0.4582557427760873,0.45825574286275905
4094,0.4582557427727478,0.45825574285912946
4095,0.45825574276941966,0.45825574285551224
4096,0.45825574276610287,0.4582557428519075
4097,0.45825574276279757,0.4582557428483151
4098,0.4582557427595035,0.458255742844735
4099,0.4582557427562208,0.45825574284116716
4100,0.45825574275294934,0.45825574283761156
4101,0.45825574274968905,0.45825574283406817
4102,0.45825574274644004,0.4582557428305368
4103,0.45825574274320197,0.4582557428270177
4104,0.4582557427399752,0.4582557428235106
4105,0.45825574273675934,0.45825574282001547
4106,0.4582557427335546,0.4582557428165324
4107,0.45825574273036085,0.4582557428130612
4108,0.458255742727178,0.4582557428096019
4109,0.4582557427240061,0.4582557428061546
4110,0.458255742720845,0.45825574280271897
4111,0.45825574271769476,0.45825574279929515
4112,0.45825574271455544,0.4582557427958831
4113,0.4582557427114267,0.45825574279248266
4114,0.4582557427083089,0.45825574278909403
4115,0.45825574270520153,0.4582557427857169
4116,0.458255742702105,0.4582557427823513
4117,0.45825574269901903,0.45825574277899733
4118,0.45825574269594366,0.45825574277565484
4119,0.45825574269287883,0.4582557427723237
4120,0.4582557426898244,0.4582557427690042
4121,0.4582557426867806,0.4582557427656959
4122,0.45825574268374714,0.45825574276239905
4123,0.4582557426807241,0.45825574275911346
4124,0.4582557426777114,0.45825574275583913
4125,0.45825574267470903,0.4582557427525759
4126,0.458255742671717,0.45825574274932407
4127,0.45825574266873514,0.45825574274608327
4128,0.4582557426657635,0.4582557427428535
4129,0.45825574266280217,0.458255742739635
4130,0.4582557426598509,0.45825574273642744
4131,0.4582557426569097,0.45825574273323083
4132,0.4582557426539787,0.4582557427300452
4133,0.45825574265105773,0.45825574272687053
4134,0.4582557426481467,0.45825574272370667
4135,0.45825574264524566,0.45825574272055364
4136,0.4582557426423546,0.45825574271741143
4137,0.45825574263947344,0.4582557427142801
4138,0.4582557426366022,0.45825574271115943
4139,0.45825574263374075,0.4582557427080494
4140,0.45825574263088903,0.4582557427049501
4141,0.4582557426280472,0.4582557427018615
4142,0.458255742625215,0.45825574269878333
4143,0.4582557426223927,0.4582557426957158
4144,0.4582557426195799,0.4582557426926588
4145,0.45825574261677676,0.4582557426896122
4146,0.4582557426139833,0.45825574268657604
4147,0.4582557426111994,0.4582557426835504
4148,0.458255742608425,0.4582557426805351
4149,0.45825574260566015,0.4582557426775301
4150,0.45825574260290475,0.4582557426745353
4151,0.45825574260015883,0.4582557426715509
4152,0.45825574259742224,0.4582557426685767
4153,0.45825574259469515,0.45825574266561275
4154,0.45825574259197727,0.45825574266265884
4155,0.4582557425892688,0.458255742659715
4156,0.45825574258656965,0.4582557426567815
4157,0.4582557425838797,0.4582557426538579
4158,0.458255742581199,0.45825574265094426
4159,0.45825574257852736,0.45825574264804075
4160,0.458255742575865,0.4582557426451471
4161,0.4582557425732117,0.4582557426422634
4162,0.4582557425705676,0.45825574263938956
4163,0.4582557425679325,0.45825574263652563
4164,0.4582557425653064,0.4582557426336714
4165,0.4582557425626893,0.458255742630827
4166,0.4582557425600812,0.4582557426279924
4167,0.4582557425574821,0.45825574262516755
4168,0.4582557425548918,0.4582557426223523
4169,0.4582557425523104,0.45825574261954666
4170,0.4582557425497379,0.4582557426167508
4171,0.4582557425471742,0.45825574261396435
4172,0.4582557425446193,0.4582557426111875
4173,0.45825574254207313,0.4582557426084202
4174,0.45825574253953566,0.4582557426056624
4175,0.45825574253700696,0.4582557426029139
4176,0.45825574253448687,0.45825574260017504
4177,0.4582557425319755,0.45825574259744545
4178,0.4582557425294725,0.4582557425947253
4179,0.4582557425269783,0.4582557425920144
4180,0.45825574252449264,0.4582557425893128
4181,0.45825574252201545,0.45825574258662044
4182,0.45825574251954676,0.45825574258393736
4183,0.4582557425170865,0.45825574258126345
4184,0.4582557425146347,0.45825574257859863
4185,0.4582557425121913,0.4582557425759431
4186,0.4582557425097563,0.45825574257329654
4187,0.45825574250732964,0.45825574257065904
4188,0.4582557425049113,0.4582557425680307
4189,0.4582557425025012,0.4582557425654113
4190,0.45825574250009943,0.4582557425628008
4191,0.45825574249770584,0.4582557425601994
4192,0.4582557424953205,0.45825574255760687
4193,0.4582557424929433,0.45825574255502316
4194,0.45825574249057427,0.45825574255244833
4195,0.45825574248821327,0.4582557425498823
4196,0.4582557424858604,0.4582557425473251
4197,0.45825574248351564,0.45825574254477663
4198,0.4582557424811789,0.458255742542237
4199,0.4582557424788502,0.45825574253970597
4200,0.45825574247652945,0.45825574253718365
4201,0.45825574247421663,0.45825574253467
4202,0.4582557424719118,0.458255742532165
4203,0.45825574246961476,0.45825574252966844
4204,0.45825574246732576,0.4582557425271806
4205,0.45825574246504447,0.45825574252470114
4206,0.458255742462771,0.45825574252223034
4207,0.4582557424605054,0.4582557425197678
4208,0.4582557424582475,0.4582557425173138
4209,0.4582557424559973,0.45825574251486834
4210,0.458255742453755,0.4582557425124311
4211,0.45825574245152023,0.45825574251000223
4212,0.45825574244929307,0.4582557425075818
4213,0.4582557424470737,0.4582557425051695
4214,0.45825574244486184,0.4582557425027656
4215,0.45825574244265754,0.4582557425003698
4216,0.45825574244046086,0.45825574249798223
4217,0.45825574243827166,0.458255742495603
4218,0.45825574243609,0.45825574249323187
4219,0.45825574243391587,0.45825574249086887
4220,0.4582557424317491,0.4582557424885139
4221,0.4582557424295898,0.45825574248616696
4222,0.45825574242743783,0.4582557424838281
4223,0.45825574242529327,0.45825574248149736
4224,0.4582557424231561,0.4582557424791745
4225,0.45825574242102624,0.4582557424768597
4226,0.45825574241890366,0.4582557424745527
4227,0.4582557424167883,0.45825574247225365
4228,0.45825574241468037,0.4582557424699624
4229,0.4582557424125795,0.45825574246767914
4230,0.45825574241048583,0.4582557424654038
4231,0.45825574240839945,0.4582557424631361
4232,0.45825574240632017,0.45825574246087625
4233,0.458255742404248,0.45825574245862405
4234,0.45825574240218286,0.4582557424563797
4235,0.4582557424001249,0.45825574245414286
4236,0.45825574239807393,0.45825574245191375
4237,0.45825574239603006,0.4582557424496923
4238,0.4582557423939932,0.4582557424474786
4239,0.4582557423919632,0.45825574244527234
4240,0.45825574238994027,0.4582557424430736
4241,0.45825574238792427,0.45825574244088246
4242,0.4582557423859151,0.4582557424386988
4243,0.4582557423839128,0.4582557424365227
4244,0.4582557423819175,0.458255742434354
4245,0.45825574237992894,0.45825574243219275
4246,0.45825574237794725,0.45825574243003886
4247,0.4582557423759722,0.4582557424278924
4248,0.4582557423740041,0.4582557424257533
4249,0.45825574237204275,0.4582557424236215
4250,0.458255742370088,0.45825574242149697
4251,0.45825574236814004,0.4582557424193798
4252,0.4582557423661987,0.4582557424172699
4253,0.45825574236426403,0.45825574241516714
4254,0.4582557423623359,0.45825574241307165
4255,0.45825574236041455,0.4582557424109834
4256,0.4582557423584997,0.45825574240890216
4257,0.45825574235659144,0.4582557424068281
4258,0.45825574235468963,0.45825574240476125
4259,0.4582557423527944,0.4582557424027014
4260,0.45825574235090566,0.4582557424006486
4261,0.45825574234902344,0.4582557423986028
4262,0.45825574234714767,0.4582557423965641
4263,0.4582557423452783,0.4582557423945323
4264,0.4582557423434153,0.4582557423925076
4265,0.4582557423415587,0.4582557423904897
4266,0.4582557423397085,0.45825574238847877
4267,0.45825574233786465,0.45825574238647476
4268,0.45825574233602706,0.4582557423844775
4269,0.4582557423341957,0.45825574238248723
4270,0.4582557423323708,0.45825574238050365
4271,0.45825574233055205,0.4582557423785269
4272,0.4582557423287395,0.458255742376557
4273,0.4582557423269332,0.4582557423745939
4274,0.4582557423251331,0.45825574237263733
4275,0.45825574232333915,0.4582557423706876
4276,0.4582557423215514,0.45825574236874456
4277,0.4582557423197698,0.4582557423668081
4278,0.45825574231799415,0.4582557423648783
4279,0.45825574231622473,0.4582557423629552
4280,0.45825574231446126,0.45825574236103866
4281,0.45825574231270383,0.4582557423591286
4282,0.4582557423109526,0.4582557423572251
4283,0.4582557423092072,0.4582557423553282
4284,0.45825574230746785,0.4582557423534377
4285,0.45825574230573457,0.45825574235155375
4286,0.458255742304007,0.45825574234967636
4287,0.4582557423022855,0.4582557423478052
4288,0.4582557423005698,0.4582557423459405
4289,0.45825574229886,0.45825574234408223
4290,0.45825574229715615,0.4582557423422303
4291,0.4582557422954581,0.45825574234038474
4292,0.45825574229376587,0.45825574233854555
4293,0.45825574229207944,0.4582557423367126
4294,0.4582557422903988,0.458255742334886
4295,0.45825574228872384,0.4582557423330656
4296,0.4582557422870546,0.45825574233125144
4297,0.45825574228539123,0.45825574232944355
4298,0.4582557422837335,0.45825574232764177
4299,0.45825574228208144,0.4582557423258462
4300,0.4582557422804351,0.4582557423240568
4301,0.45825574227879423,0.45825574232227345
4302,0.4582557422771591,0.4582557423204964
4303,0.45825574227552957,0.4582557423187253
4304,0.45825574227390564,0.45825574231696026
4305,0.45825574227228727,0.4582557423152013
4306,0.4582557422706744,0.45825574231344834
4307,0.45825574226906707,0.45825574231170146
4308,0.4582557422674653,0.45825574230996047
4309,0.45825574226586896,0.45825574230822547
4310,0.45825574226427807,0.4582557423064964
4311,0.45825574226269267,0.45825574230477334
4312,0.45825574226111276,0.45825574230305616
4313,0.4582557422595382,0.45825574230134486
4314,0.45825574225796906,0.45825574229963945
4315,0.4582557422564052,0.4582557422979398
4316,0.4582557422548469,0.45825574229624605
4317,0.4582557422532938,0.45825574229455807
4318,0.45825574225174603,0.4582557422928758
4319,0.45825574225020355,0.4582557422911994
4320,0.4582557422486664,0.45825574228952876
4321,0.45825574224713445,0.45825574228786375
4322,0.4582557422456079,0.4582557422862045
4323,0.4582557422440865,0.45825574228455096
4324,0.45825574224257026,0.45825574228290294
4325,0.45825574224105925,0.4582557422812608
4326,0.4582557422395534,0.4582557422796242
4327,0.45825574223805265,0.4582557422779931
4328,0.45825574223655724,0.4582557422763677
4329,0.45825574223506677,0.45825574227474786
4330,0.45825574223358156,0.45825574227313354
4331,0.4582557422321013,0.45825574227152477
4332,0.45825574223062615,0.45825574226992144
4333,0.45825574222915605,0.4582557422683237
4334,0.45825574222769105,0.4582557422667314
4335,0.458255742226231,0.4582557422651445
4336,0.458255742224776,0.45825574226356314
4337,0.45825574222332593,0.4582557422619871
4338,0.45825574222188087,0.4582557422604166
4339,0.4582557422204408,0.45825574225885135
4340,0.45825574221900556,0.4582557422572915
4341,0.45825574221757537,0.458255742255737
4342,0.45825574221614995,0.4582557422541878
4343,0.4582557422147296,0.4582557422526439
4344,0.45825574221331394,0.45825574225110544
4345,0.4582557422119032,0.45825574224957216
4346,0.4582557422104973,0.458255742248044
4347,0.4582557422090961,0.4582557422465212
4348,0.4582557422076997,0.45825574224500365
4349,0.45825574220630827,0.4582557422434913
4350,0.45825574220492155,0.4582557422419841
4351,0.45825574220353954,0.4582557422404821
4352,0.4582557422021623,0.45825574223898513
4353,0.4582557422007898,0.4582557422374934
4354,0.45825574219942183,0.4582557422360067
4355,0.4582557421980587,0.45825574223452514
4356,0.45825574219670023,0.4582557422330486
4357,0.4582557421953464,0.4582557422315772
4358,0.45825574219399723,0.45825574223011084
4359,0.4582557421926527,0.4582557422286495
4360,0.4582557421913127,0.4582557422271931
4361,0.45825574218997733,0.4582557422257417
4362,0.45825574218864656,0.4582557422242954
4363,0.45825574218732024,0.458255742222854
4364,0.4582557421859986,0.45825574222141746
4365,0.4582557421846814,0.45825574221998583
4366,0.4582557421833688,0.45825574221855925
4367,0.45825574218206067,0.4582557422171374
4368,0.4582557421807571,0.4582557422157205
4369,0.4582557421794578,0.4582557422143085
4370,0.4582557421781631,0.4582557422129013
4371,0.45825574217687265,0.4582557422114989
4372,0.45825574217558684,0.4582557422101013
4373,0.4582557421743054,0.45825574220870846
4374,0.4582557421730282,0.4582557422073205
4375,0.4582557421717556,0.45825574220593723
4376,0.45825574217048726,0.45825574220455867
4377,0.45825574216922316,0.4582557422031848
4378,0.45825574216796355,0.45825574220181586
4379,0.45825574216670817,0.4582557422004513
4380,0.4582557421654571,0.4582557421990916
4381,0.4582557421642103,0.45825574219773657
4382,0.4582557421629678,0.45825574219638615
4383,0.45825574216172954,0.45825574219504034
4384,0.45825574216049564,0.45825574219369913
4385,0.45825574215926573,0.4582557421923625
4386,0.4582557421580402,0.45825574219103044
4387,0.4582557421568188,0.458255742189703
4388,0.45825574215560166,0.45825574218838017
4389,0.45825574215438863,0.4582557421870617
4390,0.4582557421531798,0.45825574218574794
4391,0.45825574215197507,0.4582557421844386
4392,0.45825574215077447,0.4582557421831337
4393,0.4582557421495781,0.45825574218183324
4394,0.4582557421483857,0.4582557421805374
4395,0.45825574214719744,0.45825574217924586
4396,0.4582557421460132,0.4582557421779588
4397,0.4582557421448331,0.45825574217667614
4398,0.45825574214365694,0.45825574217539783
4399,0.4582557421424849,0.45825574217412396
4400,0.4582557421413168,0.4582557421728545
4401,0.45825574214015286,0.45825574217158926
4402,0.4582557421389927,0.45825574217032844
4403,0.45825574213783654,0.45825574216907194
4404,0.45825574213668446,0.45825574216781967
4405,0.45825574213553627,0.4582557421665718
4406,0.45825574213439196,0.4582557421653281
4407,0.45825574213325165,0.4582557421640887
4408,0.4582557421321153,0.4582557421628536
4409,0.4582557421309827,0.4582557421616227
4410,0.4582557421298541,0.45825574216039594
4411,0.45825574212872927,0.4582557421591734
4412,0.4582557421276084,0.4582557421579551
4413,0.45825574212649123,0.45825574215674103
4414,0.458255742125378,0.4582557421555311
4415,0.45825574212426856,0.4582557421543253
4416,0.4582557421231629,0.45825574215312354
4417,0.4582557421220611,0.458255742151926
4418,0.458255742120963,0.4582557421507325
4419,0.4582557421198686,0.4582557421495432
4420,0.45825574211877806,0.4582557421483578
4421,0.4582557421176912,0.4582557421471766
4422,0.45825574211660813,0.4582557421459994
4423,0.4582557421155288,0.45825574214482623
4424,0.458255742114453,0.45825574214365705
4425,0.45825574211338105,0.45825574214249193
4426,0.4582557421123127,0.45825574214133086
4427,0.458255742111248,0.4582557421401736
4428,0.45825574211018694,0.4582557421390205
4429,0.45825574210912956,0.4582557421378712
4430,0.4582557421080758,0.4582557421367258
4431,0.4582557421070256,0.4582557421355845
4432,0.458255742105979,0.45825574213444703
4433,0.4582557421049361,0.4582557421333134
4434,0.4582557421038967,0.45825574213218373
4435,0.4582557421028608,0.4582557421310579
4436,0.4582557421018285,0.4582557421299359
4437,0.4582557421007997,0.45825574212881776
4438,0.45825574209977454,0.45825574212770354
4439,0.4582557420987527,0.45825574212659304
4440,0.45825574209773456,0.45825574212548636
4441,0.4582557420967199,0.4582557421243835
4442,0.4582557420957085,0.4582557421232844
4443,0.45825574209470077,0.458255742122189
4444,0.45825574209369635,0.4582557421210975
4445,0.4582557420926956,0.4582557421200097
4446,0.45825574209169806,0.45825574211892556
4447,0.4582557420907041,0.45825574211784514
4448,0.4582557420897133,0.4582557421167684
4449,0.4582557420887261,0.4582557421156955
4450,0.4582557420877422,0.45825574211462605
4451,0.45825574208676173,0.45825574211356035
4452,0.4582557420857846,0.4582557421124983
4453,0.45825574208481085,0.45825574211144005
4454,0.4582557420838403,0.4582557421103853
4455,0.4582557420828732,0.4582557421093341
4456,0.4582557420819094,0.45825574210828657
4457,0.4582557420809489,0.45825574210724257
4458,0.45825574207999165,0.45825574210620224
4459,0.45825574207903774,0.4582557421051654
4460,0.4582557420780871,0.4582557421041321
4461,0.45825574207713965,0.45825574210310244
4462,0.45825574207619546,0.4582557421020763
4463,0.4582557420752545,0.4582557421010535
4464,0.4582557420743168,0.45825574210003434
4465,0.4582557420733822,0.45825574209901876
4466,0.45825574207245096,0.4582557420980064
4467,0.4582557420715229,0.45825574209699776
4468,0.45825574207059794,0.4582557420959925
4469,0.45825574206967623,0.45825574209499065
4470,0.4582557420687576,0.45825574209399234
4471,0.4582557420678421,0.4582557420929973
4472,0.4582557420669298,0.45825574209200576
4473,0.4582557420660206,0.45825574209101755
4474,0.4582557420651146,0.4582557420900327
4475,0.4582557420642115,0.4582557420890514
4476,0.4582557420633117,0.4582557420880733
4477,0.45825574206241493,0.4582557420870986
4478,0.45825574206152114,0.4582557420861272
4479,0.4582557420606305,0.45825574208515923
4480,0.45825574205974284,0.4582557420841945
4481,0.45825574205885833,0.45825574208323305
4482,0.45825574205797676,0.458255742082275
4483,0.4582557420570983,0.4582557420813201
4484,0.45825574205622277,0.45825574208036857
4485,0.4582557420553502,0.4582557420794203
4486,0.45825574205448066,0.4582557420784752
4487,0.45825574205361413,0.4582557420775334
4488,0.4582557420527506,0.4582557420765948
4489,0.4582557420518899,0.4582557420756594
4490,0.45825574205103226,0.45825574207472725
4491,0.45825574205017755,0.45825574207379827
4492,0.4582557420493258,0.45825574207287245
4493,0.4582557420484769,0.4582557420719499
4494,0.4582557420476309,0.4582557420710303
4495,0.45825574204678776,0.45825574207011416
4496,0.4582557420459477,0.4582557420692009
4497,0.4582557420451103,0.45825574206829084
4498,0.4582557420442759,0.45825574206738395
4499,0.4582557420434443,0.4582557420664802
4500,0.45825574204261554,0.45825574206557945
4501,0.45825574204178965,0.4582557420646818
4502,0.45825574204096664,0.45825574206378733
4503,0.4582557420401464,0.45825574206289577
4504,0.45825574203932895,0.45825574206200725
4505,0.4582557420385143,0.4582557420611218
4506,0.4582557420377025,0.45825574206023945
4507,0.45825574203689345,0.4582557420593602
4508,0.4582557420360871,0.4582557420584838
4509,0.4582557420352836,0.45825574205761055
4510,0.45825574203448277,0.45825574205674013
4511,0.4582557420336848,0.4582557420558728
4512,0.45825574203288943,0.45825574205500835
4513,0.45825574203209696,0.458255742054147
4514,0.4582557420313071,0.45825574205328856
4515,0.4582557420305199,0.458255742052433
4516,0.4582557420297354,0.45825574205158043
4517,0.45825574202895364,0.4582557420507308
4518,0.4582557420281746,0.45825574204988395
4519,0.4582557420273982,0.45825574204904007
4520,0.45825574202662445,0.45825574204819913
4521,0.45825574202585334,0.458255742047361
4522,0.45825574202508484,0.45825574204652575
4523,0.458255742024319,0.45825574204569347
4524,0.4582557420235559,0.45825574204486397
4525,0.45825574202279523,0.45825574204403724
4526,0.4582557420220372,0.4582557420432134
4527,0.45825574202128183,0.4582557420423924
4528,0.458255742020529,0.45825574204157415
4529,0.45825574201977876,0.4582557420407588
4530,0.45825574201903113,0.4582557420399463
4531,0.45825574201828606,0.4582557420391364
4532,0.4582557420175435,0.45825574203832936
4533,0.4582557420168034,0.45825574203752506
4534,0.45825574201606606,0.45825574203672353
4535,0.45825574201533104,0.45825574203592473
4536,0.4582557420145987,0.45825574203512875
4537,0.45825574201386876,0.4582557420343354
4538,0.4582557420131413,0.45825574203354486
4539,0.45825574201241637,0.458255742032757
4540,0.4582557420116939,0.4582557420319716
4541,0.4582557420109741,0.45825574203118924
4542,0.4582557420102566,0.4582557420304095
4543,0.45825574200954156,0.4582557420296322
4544,0.4582557420088289,0.45825574202885777
4545,0.4582557420081188,0.4582557420280859
4546,0.45825574200741104,0.4582557420273167
4547,0.45825574200670577,0.4582557420265501
4548,0.45825574200600294,0.4582557420257863
4549,0.4582557420053024,0.4582557420250249
4550,0.4582557420046044,0.4582557420242662
4551,0.45825574200390873,0.45825574202351016
4552,0.45825574200321534,0.4582557420227566
4553,0.4582557420025244,0.4582557420220057
4554,0.458255742001836,0.4582557420212573
4555,0.45825574200114977,0.4582557420205115
4556,0.45825574200046587,0.4582557420197684
4557,0.45825574199978447,0.4582557420190275
4558,0.4582557419991052,0.45825574201828945
4559,0.45825574199842845,0.4582557420175538
4560,0.4582557419977539,0.4582557420168207
4561,0.45825574199708174,0.4582557420160901
4562,0.4582557419964118,0.458255742015362
4563,0.45825574199574415,0.45825574201463637
4564,0.4582557419950789,0.4582557420139133
4565,0.4582557419944159,0.4582557420131927
4566,0.458255741993755,0.45825574201247443
4567,0.45825574199309654,0.4582557420117588
4568,0.4582557419924403,0.4582557420110455
4569,0.4582557419917863,0.45825574201033464
4570,0.45825574199113456,0.4582557420096263
4571,0.45825574199048497,0.4582557420089204
4572,0.4582557419898377,0.4582557420082168
4573,0.45825574198919267,0.45825574200751573
4574,0.45825574198854974,0.45825574200681696
4575,0.4582557419879091,0.4582557420061207
4576,0.4582557419872706,0.45825574200542674
4577,0.4582557419866343,0.4582557420047352
4578,0.4582557419860002,0.4582557420040459
4579,0.4582557419853683,0.458255742003359
4580,0.4582557419847385,0.45825574200267466
4581,0.45825574198411084,0.4582557420019925
4582,0.4582557419834854,0.45825574200131264
4583,0.45825574198286206,0.45825574200063524
4584,0.4582557419822409,0.4582557419999601
4585,0.45825574198162183,0.4582557419992872
4586,0.4582557419810049,0.45825574199861674
4587,0.45825574198039004,0.45825574199794844
4588,0.4582557419797773,0.45825574199728253
4589,0.4582557419791667,0.45825574199661884
4590,0.4582557419785581,0.4582557419959574
4591,0.4582557419779517,0.45825574199529834
4592,0.45825574197734736,0.4582557419946414
4593,0.4582557419767451,0.45825574199398683
4594,0.4582557419761448,0.4582557419933344
4595,0.4582557419755467,0.4582557419926843
4596,0.4582557419749505,0.45825574199203634
4597,0.4582557419743564,0.4582557419913907
4598,0.45825574197376445,0.4582557419907472
4599,0.45825574197317437,0.4582557419901059
4600,0.45825574197258634,0.45825574198946695
4601,0.45825574197200036,0.4582557419888299
4602,0.4582557419714164,0.4582557419881953
4603,0.45825574197083435,0.4582557419875627
4604,0.4582557419702544,0.45825574198693236
4605,0.4582557419696764,0.4582557419863042
4606,0.45825574196910035,0.45825574198567803
4607,0.4582557419685264,0.4582557419850541
4608,0.45825574196795427,0.45825574198443236
4609,0.45825574196738417,0.45825574198381275
4610,0.45825574196681595,0.4582557419831952
4611,0.4582557419662498,0.4582557419825798
4612,0.4582557419656855,0.45825574198196645
4613,0.45825574196512303,0.4582557419813553
4614,0.45825574196456276,0.4582557419807462
4615,0.45825574196400415,0.4582557419801392
4616,0.4582557419634476,0.4582557419795342
4617,0.4582557419628929,0.4582557419789314
4618,0.4582557419623401,0.4582557419783306
4619,0.4582557419617892,0.45825574197773183
4620,0.45825574196124025,0.4582557419771351
4621,0.45825574196069313,0.4582557419765405
4622,0.4582557419601479,0.4582557419759479
4623,0.4582557419596045,0.4582557419753573
4624,0.45825574195906293,0.45825574197476865
4625,0.4582557419585233,0.45825574197418223
4626,0.4582557419579855,0.4582557419735977
4627,0.45825574195744945,0.45825574197301505
4628,0.45825574195691543,0.45825574197243457
4629,0.4582557419563831,0.45825574197185603
4630,0.4582557419558526,0.45825574197127944
4631,0.458255741955324,0.4582557419707049
4632,0.458255741954797,0.4582557419701322
4633,0.458255741954272,0.4582557419695615
4634,0.4582557419537488,0.4582557419689928
4635,0.4582557419532274,0.45825574196842606
4636,0.45825574195270763,0.4582557419678613
4637,0.4582557419521897,0.45825574196729835
4638,0.4582557419516736,0.45825574196673746
4639,0.45825574195115926,0.45825574196617835
4640,0.45825574195064667,0.45825574196562124
4641,0.45825574195013585,0.458255741965066
4642,0.45825574194962676,0.45825574196451274
4643,0.45825574194911944,0.4582557419639614
4644,0.45825574194861385,0.4582557419634119
4645,0.4582557419481099,0.4582557419628642
4646,0.4582557419476078,0.4582557419623184
4647,0.4582557419471074,0.45825574196177454
4648,0.45825574194660873,0.4582557419612325
4649,0.45825574194611174,0.4582557419606924
4650,0.45825574194561636,0.45825574196015406
4651,0.4582557419451228,0.45825574195961755
4652,0.45825574194463087,0.45825574195908286
4653,0.45825574194414065,0.45825574195855
4654,0.4582557419436521,0.4582557419580191
4655,0.4582557419431652,0.4582557419574899
4656,0.45825574194268,0.4582557419569625
4657,0.4582557419421964,0.4582557419564369
4658,0.4582557419417146,0.4582557419559133
4659,0.4582557419412343,0.45825574195539126
4660,0.45825574194075575,0.4582557419548711
4661,0.4582557419402788,0.4582557419543527
4662,0.45825574193980345,0.4582557419538361
4663,0.4582557419393298,0.45825574195332125
4664,0.45825574193885765,0.45825574195280816
4665,0.45825574193838725,0.4582557419522969
4666,0.4582557419379185,0.4582557419517873
4667,0.45825574193745117,0.4582557419512795
4668,0.45825574193698554,0.45825574195077334
4669,0.45825574193652147,0.4582557419502691
4670,0.45825574193605906,0.4582557419497665
4671,0.45825574193559826,0.4582557419492655
4672,0.4582557419351389,0.4582557419487663
4673,0.4582557419346812,0.4582557419482689
4674,0.45825574193422497,0.4582557419477731
4675,0.4582557419337704,0.45825574194727897
4676,0.4582557419333174,0.45825574194678664
4677,0.4582557419328659,0.458255741946296
4678,0.458255741932416,0.4582557419458069
4679,0.45825574193196766,0.4582557419453196
4680,0.45825574193152074,0.458255741944834
4681,0.4582557419310755,0.45825574194434987
4682,0.4582557419306317,0.4582557419438676
4683,0.4582557419301894,0.4582557419433869
4684,0.4582557419297486,0.4582557419429078
4685,0.45825574192930935,0.4582557419424304
4686,0.4582557419288717,0.4582557419419546
4687,0.4582557419284354,0.4582557419414805
4688,0.45825574192800067,0.45825574194100793
4689,0.4582557419275674,0.45825574194053703
4690,0.4582557419271356,0.45825574194006774
4691,0.4582557419267054,0.4582557419396001
4692,0.45825574192627644,0.45825574193913404
4693,0.45825574192584917,0.4582557419386695
4694,0.4582557419254232,0.45825574193820673
4695,0.45825574192499874,0.45825574193774543
4696,0.4582557419245758,0.4582557419372856
4697,0.4582557419241543,0.4582557419368275
4698,0.4582557419237342,0.45825574193637086
4699,0.45825574192331553,0.4582557419359159
4700,0.4582557419228983,0.4582557419354624
4701,0.4582557419224826,0.45825574193501056
4702,0.45825574192206814,0.45825574193456015
4703,0.45825574192165525,0.45825574193411134
4704,0.4582557419212437,0.4582557419336641
4705,0.45825574192083357,0.4582557419332183
4706,0.4582557419204249,0.458255741932774
4707,0.45825574192001756,0.45825574193233143
4708,0.45825574191961166,0.4582557419318902
4709,0.45825574191920715,0.4582557419314506
4710,0.45825574191880397,0.4582557419310124
4711,0.4582557419184022,0.4582557419305757
4712,0.4582557419180018,0.4582557419301405
4713,0.45825574191760277,0.45825574192970686
4714,0.45825574191720514,0.4582557419292747
4715,0.4582557419168089,0.45825574192884394
4716,0.45825574191641394,0.4582557419284148
4717,0.45825574191602036,0.45825574192798696
4718,0.4582557419156281,0.4582557419275607
4719,0.4582557419152373,0.4582557419271359
4720,0.45825574191484775,0.4582557419267125
4721,0.4582557419144595,0.45825574192629054
4722,0.4582557419140727,0.45825574192587004
4723,0.458255741913687,0.458255741925451
4724,0.45825574191330287,0.4582557419250334
4725,0.4582557419129199,0.45825574192461727
4726,0.45825574191253826,0.4582557419242025
4727,0.458255741912158,0.4582557419237891
4728,0.458255741911779,0.45825574192337715
4729,0.4582557419114013,0.45825574192296664
4730,0.45825574191102486,0.4582557419225576
4731,0.4582557419106498,0.4582557419221498
4732,0.45825574191027596,0.4582557419217435
4733,0.4582557419099035,0.4582557419213386
4734,0.4582557419095321,0.4582557419209351
4735,0.4582557419091621,0.458255741920533
4736,0.4582557419087934,0.4582557419201322
4737,0.45825574190842594,0.45825574191973273
4738,0.4582557419080597,0.45825574191933477
4739,0.4582557419076948,0.4582557419189381
4740,0.45825574190733104,0.4582557419185427
4741,0.4582557419069685,0.45825574191814883
4742,0.4582557419066074,0.45825574191775625
4743,0.45825574190624735,0.45825574191736496
4744,0.4582557419058886,0.45825574191697505
4745,0.4582557419055311,0.45825574191658647
4746,0.45825574190517476,0.45825574191619917
4747,0.4582557419048197,0.4582557419158133
4748,0.45825574190446594,0.45825574191542867
4749,0.4582557419041132,0.4582557419150454
4750,0.4582557419037617,0.4582557419146634
4751,0.4582557419034115,0.4582557419142827
4752,0.45825574190306245,0.4582557419139034
4753,0.45825574190271456,0.45825574191352525
4754,0.458255741902368,0.45825574191314855
4755,0.4582557419020224,0.45825574191277313
4756,0.45825574190167817,0.4582557419123989
4757,0.4582557419013351,0.458255741912026
4758,0.45825574190099316,0.4582557419116544
4759,0.4582557419006524,0.45825574191128404
4760,0.4582557419003128,0.4582557419109149
4761,0.4582557418999744,0.4582557419105471
4762,0.45825574189963714,0.45825574191018054
4763,0.458255741899301,0.4582557419098152
4764,0.4582557418989661,0.4582557419094512
4765,0.4582557418986323,0.4582557419090883
4766,0.4582557418982996,0.4582557419087268
4767,0.45825574189796814,0.4582557419083665
4768,0.45825574189763757,0.4582557419080074
4769,0.45825574189730844,0.45825574190764956
4770,0.45825574189698026,0.4582557419072928
4771,0.4582557418966533,0.4582557419069374
4772,0.45825574189632734,0.4582557419065832
4773,0.45825574189600254,0.45825574190623014
4774,0.4582557418956789,0.45825574190587837
4775,0.45825574189535634,0.45825574190552787
4776,0.45825574189503493,0.4582557419051785
4777,0.45825574189471463,0.4582557419048303
4778,0.45825574189439533,0.4582557419044833
4779,0.45825574189407714,0.45825574190413754
4780,0.45825574189376006,0.4582557419037929
4781,0.4582557418934441,0.4582557419034495
4782,0.45825574189312923,0.45825574190310725
4783,0.45825574189281537,0.45825574190276613
4784,0.45825574189250273,0.4582557419024262
4785,0.4582557418921909,0.4582557419020875
4786,0.4582557418918804,0.4582557419017499
4787,0.45825574189157076,0.4582557419014135
4788,0.45825574189126234,0.45825574190107815
4789,0.45825574189095486,0.45825574190074403
4790,0.4582557418906485,0.4582557419004111
4791,0.4582557418903432,0.45825574190007917
4792,0.4582557418900389,0.45825574189974844
4793,0.45825574188973567,0.4582557418994189
4794,0.45825574188943347,0.45825574189909046
4795,0.45825574188913226,0.45825574189876317
4796,0.4582557418888322,0.45825574189843693
4797,0.458255741888533,0.45825574189811186
4798,0.45825574188823504,0.4582557418977878
4799,0.45825574188793794,0.458255741897465
4800,0.4582557418876419,0.45825574189714324
4801,0.45825574188734686,0.4582557418968226
4802,0.4582557418870528,0.45825574189650303
4803,0.45825574188675977,0.45825574189618457
4804,0.4582557418864677,0.45825574189586715
4805,0.4582557418861768,0.45825574189555085
4806,0.45825574188588675,0.4582557418952357
4807,0.45825574188559776,0.45825574189492146
4808,0.4582557418853097,0.45825574189460855
4809,0.45825574188502277,0.4582557418942965
4810,0.4582557418847366,0.4582557418939856
4811,0.4582557418844515,0.45825574189367574
4812,0.4582557418841675,0.458255741893367
4813,0.4582557418838843,0.45825574189305923
4814,0.45825574188360224,0.45825574189275253
4815,0.458255741883321,0.458255741892447
4816,0.4582557418830408,0.4582557418921424
4817,0.4582557418827614,0.4582557418918389
4818,0.45825574188248325,0.4582557418915364
4819,0.4582557418822059,0.4582557418912349
4820,0.4582557418819295,0.4582557418909345
4821,0.4582557418816539,0.45825574189063506
4822,0.4582557418813794,0.45825574189033674
4823,0.45825574188110585,0.4582557418900394
4824,0.4582557418808332,0.4582557418897431
4825,0.4582557418805615,0.4582557418894478
4826,0.4582557418802907,0.45825574188915347
4827,0.4582557418800209,0.4582557418888602
4828,0.458255741879752,0.4582557418885679
4829,0.458255741879484,0.45825574188827656
4830,0.45825574187921686,0.4582557418879863
4831,0.4582557418789507,0.458255741887697
4832,0.45825574187868545,0.4582557418874087
4833,0.45825574187842105,0.45825574188712137
4834,0.4582557418781576,0.45825574188683504
4835,0.4582557418778951,0.4582557418865497
4836,0.4582557418776334,0.4582557418862654
4837,0.45825574187737267,0.45825574188598195
4838,0.4582557418771128,0.4582557418856995
4839,0.4582557418768539,0.45825574188541807
4840,0.45825574187659573,0.45825574188513757
4841,0.45825574187633855,0.45825574188485796
4842,0.4582557418760823,0.45825574188457935
4843,0.4582557418758268,0.4582557418843017
4844,0.4582557418755723,0.4582557418840252
4845,0.4582557418753186,0.4582557418837493
4846,0.4582557418750658,0.45825574188347457
4847,0.4582557418748138,0.45825574188320073
4848,0.45825574187456275,0.4582557418829278
4849,0.45825574187431256,0.45825574188265594
4850,0.4582557418740632,0.4582557418823848
4851,0.45825574187381457,0.4582557418821147
4852,0.4582557418735669,0.4582557418818455
4853,0.45825574187332013,0.45825574188157725
4854,0.45825574187307416,0.4582557418813099
4855,0.4582557418728289,0.4582557418810435
4856,0.45825574187258467,0.45825574188077794
4857,0.4582557418723412,0.4582557418805133
4858,0.4582557418720986,0.4582557418802496
4859,0.4582557418718568,0.45825574187998686
4860,0.4582557418716159,0.4582557418797249
4861,0.4582557418713757,0.45825574187946394
4862,0.4582557418711364,0.4582557418792039
4863,0.45825574187089785,0.4582557418789446
4864,0.45825574187066015,0.45825574187868634
4865,0.4582557418704233,0.4582557418784288
4866,0.4582557418701873,0.4582557418781723
4867,0.45825574186995205,0.4582557418779166
4868,0.45825574186971757,0.45825574187766177
4869,0.4582557418694839,0.4582557418774079
4870,0.4582557418692511,0.45825574187715473
4871,0.45825574186901913,0.4582557418769026
4872,0.45825574186878787,0.4582557418766513
4873,0.4582557418685574,0.4582557418764008
4874,0.45825574186832774,0.4582557418761512
4875,0.4582557418680988,0.45825574187590246
4876,0.4582557418678708,0.4582557418756545
4877,0.4582557418676435,0.45825574187540746
4878,0.4582557418674169,0.4582557418751612
4879,0.4582557418671912,0.4582557418749158
4880,0.4582557418669661,0.4582557418746713
4881,0.45825574186674195,0.4582557418744276
4882,0.4582557418665184,0.4582557418741847
4883,0.4582557418662958,0.4582557418739428
4884,0.4582557418660738,0.45825574187370155
4885,0.4582557418658527,0.45825574187346113
4886,0.4582557418656323,0.4582557418732216
4887,0.4582557418654127,0.4582557418729828
4888,0.45825574186519374,0.458255741872745
4889,0.45825574186497564,0.45825574187250784
4890,0.45825574186475826,0.4582557418722716
4891,0.4582557418645415,0.4582557418720361
4892,0.45825574186432566,0.4582557418718014
4893,0.45825574186411044,0.4582557418715675
4894,0.458255741863896,0.4582557418713345
4895,0.4582557418636824,0.45825574187110224
4896,0.45825574186346935,0.45825574187087076
4897,0.4582557418632572,0.4582557418706401
4898,0.45825574186304563,0.4582557418704103
4899,0.45825574186283485,0.4582557418701811
4900,0.45825574186262474,0.45825574186995277
4901,0.45825574186241536,0.4582557418697253
4902,0.4582557418622068,0.4582557418694985
4903,0.45825574186199886,0.45825574186927254
4904,0.4582557418617917,0.4582557418690474
4905,0.45825574186158513,0.4582557418688229
4906,0.45825574186137935,0.4582557418685992
4907,0.45825574186117435,0.45825574186837637
4908,0.45825574186096996,0.45825574186815415
4909,0.45825574186076623,0.4582557418679328
4910,0.4582557418605633,0.45825574186771223
4911,0.45825574186036094,0.45825574186749235
4912,0.4582557418601593,0.45825574186727325
4913,0.4582557418599585,0.45825574186705487
4914,0.45825574185975826,0.4582557418668372
4915,0.4582557418595587,0.4582557418666204
4916,0.45825574185935986,0.4582557418664043
4917,0.4582557418591617,0.45825574186618895
4918,0.4582557418589642,0.4582557418659743
4919,0.45825574185876733,0.45825574186576035
4920,0.4582557418585713,0.4582557418655472
4921,0.4582557418583758,0.4582557418653347
4922,0.45825574185818096,0.458255741865123
4923,0.4582557418579869,0.45825574186491197
4924,0.4582557418577934,0.4582557418647017
4925,0.4582557418576006,0.45825574186449214
4926,0.45825574185740847,0.45825574186428336
4927,0.458255741857217,0.45825574186407525
4928,0.4582557418570262,0.45825574186386786
4929,0.45825574185683604,0.4582557418636611
4930,0.45825574185664647,0.45825574186345513
4931,0.45825574185645757,0.4582557418632498
4932,0.4582557418562693,0.45825574186304524
4933,0.45825574185608176,0.45825574186284135
4934,0.45825574185589485,0.45825574186263823
4935,0.4582557418557085,0.45825574186243573
4936,0.45825574185552287,0.45825574186223395
4937,0.45825574185533785,0.45825574186203283
4938,0.4582557418551535,0.4582557418618325
4939,0.4582557418549697,0.45825574186163276
4940,0.45825574185478657,0.45825574186143364
4941,0.4582557418546041,0.4582557418612353
4942,0.45825574185442214,0.4582557418610376
4943,0.4582557418542409,0.4582557418608406
4944,0.4582557418540603,0.45825574186064433
4945,0.4582557418538803,0.4582557418604486
4946,0.4582557418537009,0.45825574186025364
4947,0.45825574185352214,0.45825574186005935
4948,0.45825574185334395,0.4582557418598656
4949,0.45825574185316637,0.45825574185967266
4950,0.45825574185298945,0.45825574185948037
4951,0.45825574185281304,0.4582557418592887
4952,0.4582557418526373,0.4582557418590977
4953,0.45825574185246215,0.4582557418589073
4954,0.4582557418522877,0.45825574185871765
4955,0.45825574185211365,0.4582557418585286
4956,0.45825574185194023,0.4582557418583401
4957,0.4582557418517675,0.45825574185815243
4958,0.45825574185159534,0.4582557418579652
4959,0.45825574185142387,0.45825574185777873
4960,0.45825574185125284,0.4582557418575929
4961,0.4582557418510824,0.45825574185740775
4962,0.45825574185091256,0.4582557418572232
4963,0.4582557418507434,0.45825574185703927
4964,0.4582557418505747,0.45825574185685586
4965,0.45825574185040663,0.4582557418566732
4966,0.4582557418502391,0.45825574185649115
4967,0.45825574185007223,0.45825574185630974
4968,0.4582557418499058,0.45825574185612894
4969,0.45825574184974005,0.45825574185594875
4970,0.45825574184957485,0.45825574185576917
4971,0.45825574184941015,0.45825574185559015
4972,0.458255741849246,0.45825574185541185
4973,0.4582557418490826,0.45825574185523416
4974,0.4582557418489196,0.458255741855057
4975,0.45825574184875717,0.45825574185488044
4976,0.4582557418485953,0.4582557418547046
4977,0.45825574184843404,0.4582557418545292
4978,0.45825574184827317,0.45825574185435447
4979,0.4582557418481131,0.4582557418541804
4980,0.4582557418479533,0.45825574185400697
4981,0.45825574184779433,0.45825574185383394
4982,0.45825574184763573,0.4582557418536617
4983,0.45825574184747775,0.45825574185348983
4984,0.45825574184732026,0.4582557418533187
4985,0.45825574184716333,0.4582557418531481
4986,0.4582557418470069,0.4582557418529782
4987,0.45825574184685103,0.45825574185280876
4988,0.45825574184669576,0.45825574185264
4989,0.45825574184654094,0.4582557418524717
4990,0.4582557418463867,0.45825574185230405
4991,0.4582557418462329,0.4582557418521369
4992,0.4582557418460797,0.4582557418519704
4993,0.45825574184592704,0.4582557418518044
4994,0.45825574184577483,0.45825574185163914
4995,0.4582557418456233,0.4582557418514743
4996,0.4582557418454721,0.45825574185131
4997,0.45825574184532153,0.45825574185114637
4998,0.4582557418451713,0.45825574185098317
4999,0.45825574184502177,0.4582557418508207
5000,0.4582557418448728,0.45825574185065865
5001,0.4582557418447242,0.45825574185049717
5002,0.4582557418445762,0.45825574185033624
5003,0.45825574184442863,0.4582557418501759
5004,0.4582557418442816,0.45825574185001605
5005,0.45825574184413503,0.45825574184985685
5006,0.45825574184398904,0.45825574184969814
5007,0.4582557418438435,0.45825574184954
5008,0.45825574184369844,0.45825574184938234
5009,0.4582557418435539,0.45825574184922524
5010,0.4582557418434099,0.4582557418490687
5011,0.4582557418432664,0.45825574184891266
5012,0.4582557418431233,0.4582557418487572
5013,0.4582557418429808,0.4582557418486023
5014,0.4582557418428387,0.4582557418484478
5015,0.458255741842697,0.45825574184829404
5016,0.45825574184255596,0.45825574184814055
5017,0.45825574184241535,0.45825574184798773
5018,0.45825574184227524,0.4582557418478354
5019,0.4582557418421356,0.45825574184768364
5020,0.4582557418419964,0.45825574184753237
5021,0.4582557418418577,0.4582557418473816
5022,0.4582557418417194,0.4582557418472314
5023,0.4582557418415817,0.4582557418470816
5024,0.4582557418414444,0.4582557418469324
5025,0.4582557418413076,0.45825574184678375
5026,0.4582557418411712,0.45825574184663553
5027,0.45825574184103546,0.4582557418464878
5028,0.45825574184089995,0.45825574184634066
5029,0.458255741840765,0.458255741846194
5030,0.45825574184063056,0.45825574184604784
5031,0.45825574184049644,0.45825574184590223
5032,0.4582557418403629,0.458255741845757
5033,0.45825574184022977,0.4582557418456124
5034,0.4582557418400972,0.45825574184546813
5035,0.458255741839965,0.45825574184532447
5036,0.45825574183983314,0.45825574184518125
5037,0.4582557418397019,0.45825574184503853
5038,0.45825574183957113,0.45825574184489626
5039,0.4582557418394407,0.4582557418447546
5040,0.4582557418393107,0.45825574184461343
5041,0.45825574183918116,0.45825574184447265
5042,0.4582557418390521,0.4582557418443323
5043,0.4582557418389235,0.4582557418441926
5044,0.4582557418387953,0.45825574184405327
5045,0.4582557418386676,0.4582557418439144
5046,0.4582557418385403,0.45825574184377604
5047,0.45825574183841344,0.4582557418436381
5048,0.458255741838287,0.4582557418435007
5049,0.458255741838161,0.45825574184336376
5050,0.4582557418380354,0.45825574184322726
5051,0.4582557418379103,0.4582557418430913
5052,0.45825574183778556,0.45825574184295575
5053,0.4582557418376613,0.45825574184282064
5054,0.45825574183753737,0.458255741842686
5055,0.458255741837414,0.4582557418425519
5056,0.458255741837291,0.45825574184241824
5057,0.4582557418371684,0.45825574184228496
5058,0.4582557418370462,0.4582557418421522
5059,0.45825574183692447,0.4582557418420199
5060,0.4582557418368031,0.45825574184188794
5061,0.4582557418366823,0.4582557418417565
5062,0.45825574183656176,0.45825574184162554
5063,0.4582557418364416,0.45825574184149503
5064,0.45825574183632195,0.4582557418413649
5065,0.4582557418362027,0.4582557418412353
5066,0.4582557418360838,0.45825574184110607
5067,0.4582557418359653,0.4582557418409774
5068,0.45825574183584733,0.4582557418408491
5069,0.4582557418357296,0.4582557418407212
5070,0.4582557418356124,0.4582557418405938
5071,0.45825574183549556,0.4582557418404668
5072,0.4582557418353791,0.45825574184034024
5073,0.4582557418352631,0.4582557418402141
5074,0.45825574183514745,0.45825574184008844
5075,0.45825574183503215,0.4582557418399632
5076,0.45825574183491735,0.4582557418398383
5077,0.4582557418348029,0.4582557418397139
5078,0.4582557418346888,0.4582557418395899
5079,0.45825574183457507,0.4582557418394663
5080,0.4582557418344619,0.45825574183934326
5081,0.4582557418343489,0.4582557418392205
5082,0.4582557418342364,0.45825574183909823
5083,0.4582557418341243,0.4582557418389763
5084,0.4582557418340125,0.4582557418388549
5085,0.4582557418339012,0.4582557418387339
5086,0.4582557418337902,0.4582557418386133
5087,0.45825574183367956,0.458255741838493
5088,0.4582557418335694,0.4582557418383732
5089,0.45825574183345946,0.4582557418382538
5090,0.45825574183335005,0.4582557418381349
5091,0.45825574183324097,0.4582557418380163
5092,0.45825574183313217,0.45825574183789813
5093,0.4582557418330238,0.4582557418377803
5094,0.4582557418329159,0.4582557418376631
5095,0.4582557418328083,0.458255741837546
5096,0.458255741832701,0.45825574183742945
5097,0.45825574183259415,0.4582557418373134
5098,0.4582557418324877,0.4582557418371976
5099,0.4582557418323815,0.4582557418370822
5100,0.4582557418322758,0.4582557418369672
5101,0.45825574183217027,0.4582557418368527
5102,0.4582557418320653,0.4582557418367385
5103,0.4582557418319606,0.4582557418366247
5104,0.4582557418318562,0.45825574183651135
5105,0.45825574183175233,0.4582557418363983
5106,0.4582557418316485,0.4582557418362857
5107,0.4582557418315453,0.4582557418361734
5108,0.45825574183144246,0.45825574183606155
5109,0.45825574183133977,0.4582557418359501
5110,0.45825574183123763,0.45825574183583906
5111,0.4582557418311358,0.4582557418357283
5112,0.4582557418310343,0.45825574183561796
5113,0.4582557418309332,0.45825574183550805
5114,0.45825574183083234,0.4582557418353984
5115,0.4582557418307318,0.4582557418352892
5116,0.45825574183063167,0.4582557418351804
5117,0.4582557418305319,0.45825574183507195
5118,0.45825574183043244,0.4582557418349638
5119,0.45825574183033335,0.4582557418348562
5120,0.4582557418302347,0.45825574183474876
5121,0.4582557418301362,0.4582557418346418
5122,0.4582557418300381,0.4582557418345352
5123,0.4582557418299404,0.45825574183442896
5124,0.45825574182984297,0.45825574183432305
5125,0.4582557418297458,0.4582557418342175
5126,0.45825574182964907,0.4582557418341124
5127,0.45825574182955264,0.4582557418340076
5128,0.4582557418294566,0.4582557418339031
5129,0.4582557418293608,0.4582557418337991
5130,0.4582557418292654,0.45825574183369533
5131,0.4582557418291703,0.458255741833592
5132,0.45825574182907547,0.458255741833489
5133,0.45825574182898104,0.4582557418333863
5134,0.4582557418288869,0.45825574183328394
5135,0.4582557418287931,0.4582557418331821
5136,0.45825574182869955,0.45825574183308043
5137,0.45825574182860646,0.45825574183297924
5138,0.45825574182851353,0.4582557418328782
5139,0.45825574182842105,0.4582557418327777
5140,0.45825574182832884,0.4582557418326774
5141,0.4582557418282369,0.45825574183257756
5142,0.4582557418281453,0.45825574183247797
5143,0.45825574182805406,0.4582557418323788
5144,0.45825574182796297,0.4582557418322799
5145,0.45825574182787243,0.45825574183218143
5146,0.45825574182778206,0.45825574183208323
5147,0.458255741827692,0.4582557418319854
5148,0.45825574182760237,0.4582557418318879
5149,0.45825574182751294,0.4582557418317907
5150,0.45825574182742385,0.4582557418316938
5151,0.45825574182733503,0.45825574183159723
5152,0.4582557418272465,0.4582557418315012
5153,0.45825574182715834,0.45825574183140527
5154,0.45825574182707046,0.45825574183130974
5155,0.4582557418269828,0.45825574183121454
5156,0.45825574182689555,0.45825574183111967
5157,0.4582557418268086,0.45825574183102513
5158,0.45825574182672185,0.4582557418309309
5159,0.4582557418266355,0.45825574183083695
5160,0.4582557418265494,0.45825574183074336
5161,0.4582557418264635,0.45825574183065015
5162,0.458255741826378,0.4582557418305572
5163,0.45825574182629275,0.4582557418304645
5164,0.45825574182620793,0.45825574183037227
5165,0.4582557418261233,0.4582557418302802
5166,0.45825574182603884,0.4582557418301886
5167,0.45825574182595485,0.45825574183009726
5168,0.45825574182587103,0.45825574183000617
5169,0.45825574182578765,0.45825574182991546
5170,0.45825574182570444,0.4582557418298249
5171,0.4582557418256215,0.45825574182973494
5172,0.4582557418255389,0.4582557418296452
5173,0.4582557418254565,0.4582557418295556
5174,0.4582557418253745,0.4582557418294664
5175,0.4582557418252926,0.4582557418293775
5176,0.45825574182521117,0.45825574182928897
5177,0.45825574182512996,0.45825574182920065
5178,0.45825574182504886,0.45825574182911266
5179,0.4582557418249683,0.45825574182902495
5180,0.4582557418248879,0.4582557418289376
5181,0.45825574182480777,0.45825574182885054
5182,0.45825574182472795,0.4582557418287637
5183,0.45825574182464845,0.45825574182867723
5184,0.458255741824569,0.458255741828591
5185,0.4582557418244901,0.4582557418285052
5186,0.45825574182441126,0.45825574182841955
5187,0.4582557418243328,0.4582557418283343
5188,0.45825574182425455,0.45825574182824924
5189,0.4582557418241766,0.45825574182816453
5190,0.45825574182409895,0.45825574182808004
5191,0.4582557418240215,0.4582557418279959
5192,0.45825574182394435,0.45825574182791207
5193,0.4582557418238675,0.45825574182782847
5194,0.45825574182379086,0.4582557418277452
5195,0.4582557418237146,0.45825574182766227
5196,0.45825574182363843,0.4582557418275795
5197,0.45825574182356255,0.45825574182749707
5198,0.458255741823487,0.4582557418274149
5199,0.4582557418234116,0.4582557418273331
5200,0.45825574182333656,0.45825574182725143
5201,0.4582557418232618,0.4582557418271702
5202,0.45825574182318723,0.45825574182708917
5203,0.4582557418231129,0.4582557418270084
5204,0.45825574182303885,0.45825574182692796
5205,0.4582557418229651,0.45825574182684775
5206,0.4582557418228916,0.4582557418267679
5207,0.4582557418228182,0.4582557418266882
5208,0.4582557418227452,0.4582557418266088
5209,0.4582557418226724,0.4582557418265297
5210,0.4582557418226,0.4582557418264509
5211,0.45825574182252765,0.4582557418263723
5212,0.4582557418224556,0.45825574182629397
5213,0.4582557418223838,0.45825574182621603
5214,0.4582557418223123,0.45825574182613826
5215,0.458255741822241,0.4582557418260607
5216,0.45825574182216994,0.45825574182598344
5217,0.4582557418220991,0.45825574182590645
5218,0.45825574182202855,0.45825574182582984
5219,0.45825574182195816,0.45825574182575335
5220,0.4582557418218881,0.4582557418256772
5221,0.4582557418218183,0.4582557418256013
5222,0.4582557418217487,0.4582557418255257
5223,0.45825574182167933,0.4582557418254502
5224,0.45825574182161016,0.4582557418253751
5225,0.4582557418215413,0.45825574182530027
5226,0.45825574182147255,0.45825574182522566
5227,0.45825574182140416,0.4582557418251512
5228,0.458255741821336,0.4582557418250771
5229,0.45825574182126805,0.4582557418250033
5230,0.4582557418212003,0.4582557418249297
5231,0.4582557418211328,0.4582557418248563
5232,0.45825574182106554,0.4582557418247832
5233,0.45825574182099854,0.45825574182471035
5234,0.45825574182093176,0.45825574182463774
5235,0.45825574182086515,0.45825574182456535
5236,0.45825574182079876,0.45825574182449325
5237,0.45825574182073275,0.4582557418244214
5238,0.45825574182066686,0.4582557418243498
5239,0.45825574182060125,0.45825574182427836
5240,0.4582557418205357,0.4582557418242073
5241,0.45825574182047046,0.45825574182413636
5242,0.4582557418204055,0.45825574182406575
5243,0.45825574182034073,0.45825574182399537
5244,0.4582557418202762,0.45825574182392526
5245,0.4582557418202118,0.4582557418238553
5246,0.45825574182014767,0.45825574182378565
5247,0.4582557418200838,0.4582557418237162
5248,0.45825574182002016,0.45825574182364687
5249,0.45825574181995676,0.45825574182357803
5250,0.4582557418198935,0.4582557418235093
5251,0.45825574181983053,0.4582557418234408
5252,0.45825574181976764,0.45825574182337253
5253,0.4582557418197051,0.45825574182330453
5254,0.45825574181964274,0.4582557418232367
5255,0.45825574181958056,0.45825574182316925
5256,0.4582557418195186,0.45825574182310186
5257,0.45825574181945694,0.45825574182303475
5258,0.4582557418193953,0.4582557418229679
5259,0.45825574181933404,0.45825574182290124
5260,0.458255741819273,0.4582557418228349
5261,0.458255741819212,0.4582557418227687
5262,0.4582557418191514,0.45825574182270273
5263,0.45825574181909096,0.45825574182263695
5264,0.4582557418190306,0.45825574182257145
5265,0.45825574181897055,0.4582557418225062
5266,0.4582557418189107,0.45825574182244116
5267,0.45825574181885104,0.4582557418223763
5268,0.4582557418187916,0.45825574182231166
5269,0.45825574181873235,0.4582557418222473
5270,0.45825574181867323,0.4582557418221831
5271,0.4582557418186145,0.45825574182211914
5272,0.45825574181855583,0.4582557418220554
5273,0.45825574181849743,0.4582557418219919
5274,0.4582557418184391,0.45825574182192863
5275,0.4582557418183811,0.4582557418218655
5276,0.4582557418183233,0.4582557418218027
5277,0.45825574181826567,0.45825574182174006
5278,0.45825574181820816,0.4582557418216776
5279,0.45825574181815093,0.4582557418216154
5280,0.4582557418180939,0.4582557418215534
5281,0.4582557418180371,0.4582557418214916
5282,0.45825574181798034,0.45825574182143
5283,0.45825574181792395,0.4582557418213686
5284,0.4582557418178676,0.4582557418213075
5285,0.4582557418178116,0.45825574182124656
5286,0.45825574181775564,0.4582557418211857
5287,0.45825574181769996,0.4582557418211253
5288,0.45825574181764445,0.4582557418210649
5289,0.45825574181758916,0.4582557418210048
5290,0.458255741817534,0.4582557418209448
5291,0.4582557418174791,0.4582557418208852
5292,0.4582557418174243,0.4582557418208256
5293,0.4582557418173698,0.45825574182076634
5294,0.45825574181731543,0.4582557418207073
5295,0.4582557418172612,0.4582557418206483
5296,0.4582557418172072,0.45825574182058965
5297,0.45825574181715334,0.4582557418205311
5298,0.45825574181709977,0.45825574182047285
5299,0.45825574181704626,0.45825574182041473
5300,0.458255741816993,0.45825574182035683
5301,0.45825574181693995,0.45825574182029916
5302,0.458255741816887,0.45825574182024165
5303,0.45825574181683437,0.45825574182018436
5304,0.45825574181678175,0.45825574182012724
5305,0.4582557418167294,0.4582557418200704
5306,0.4582557418166772,0.45825574182001366
5307,0.4582557418166252,0.4582557418199571
5308,0.45825574181657336,0.4582557418199008
5309,0.4582557418165218,0.45825574181984463
5310,0.45825574181647033,0.4582557418197887
5311,0.4582557418164189,0.4582557418197329
5312,0.45825574181636786,0.4582557418196774
5313,0.45825574181631684,0.45825574181962203
5314,0.4582557418162661,0.45825574181956685
5315,0.45825574181621553,0.4582557418195118
5316,0.45825574181616513,0.45825574181945705
5317,0.45825574181611484,0.45825574181940243
5318,0.4582557418160648,0.4582557418193479
5319,0.45825574181601486,0.4582557418192937
5320,0.45825574181596523,0.45825574181923967
5321,0.45825574181591555,0.4582557418191857
5322,0.4582557418158662,0.4582557418191321
5323,0.4582557418158169,0.4582557418190787
5324,0.4582557418157679,0.45825574181902523
5325,0.458255741815719,0.45825574181897216
5326,0.45825574181567025,0.4582557418189192
5327,0.4582557418156217,0.45825574181886647
5328,0.4582557418155733,0.45825574181881384
5329,0.45825574181552514,0.45825574181876133
5330,0.458255741815477,0.4582557418187091
5331,0.4582557418154291,0.45825574181865714
5332,0.4582557418153814,0.4582557418186052
5333,0.4582557418153338,0.45825574181855355
5334,0.4582557418152864,0.458255741818502
5335,0.4582557418152392,0.4582557418184507
5336,0.45825574181519213,0.4582557418183995
5337,0.4582557418151451,0.4582557418183485
5338,0.4582557418150984,0.45825574181829765
5339,0.4582557418150518,0.45825574181824696
5340,0.4582557418150054,0.4582557418181965
5341,0.4582557418149591,0.45825574181814616
5342,0.45825574181491296,0.4582557418180961
5343,0.45825574181486706,0.45825574181804607
5344,0.4582557418148212,0.4582557418179964
5345,0.45825574181477563,0.45825574181794676
5346,0.4582557418147301,0.4582557418178973
5347,0.45825574181468465,0.458255741817848
5348,0.4582557418146395,0.45825574181779893
5349,0.4582557418145945,0.4582557418177499
5350,0.45825574181454964,0.45825574181770123
5351,0.45825574181450485,0.4582557418176526
5352,0.4582557418144604,0.45825574181760415
5353,0.458255741814416,0.4582557418175559
5354,0.4582557418143716,0.4582557418175077
5355,0.45825574181432754,0.4582557418174598
5356,0.45825574181428363,0.4582557418174121
5357,0.4582557418142397,0.45825574181736445
5358,0.45825574181419615,0.45825574181731704
5359,0.45825574181415263,0.45825574181726975
5360,0.4582557418141093,0.45825574181722245
5361,0.4582557418140661,0.45825574181717565
5362,0.458255741814023,0.4582557418171288
5363,0.4582557418139801,0.4582557418170822
5364,0.4582557418139373,0.45825574181703566
5365,0.4582557418138947,0.45825574181698936
5366,0.4582557418138522,0.4582557418169432
5367,0.4582557418138099,0.45825574181689716
5368,0.4582557418137676,0.4582557418168513
5369,0.45825574181372564,0.45825574181680556
5370,0.4582557418136838,0.4582557418167601
5371,0.4582557418136419,0.4582557418167147
5372,0.45825574181360035,0.45825574181666945
5373,0.4582557418135589,0.4582557418166244
5374,0.45825574181351764,0.45825574181657946
5375,0.45825574181347645,0.4582557418165348
5376,0.45825574181343537,0.45825574181649015
5377,0.4582557418133944,0.45825574181644557
5378,0.45825574181335366,0.45825574181640133
5379,0.4582557418133131,0.4582557418163572
5380,0.45825574181327255,0.4582557418163132
5381,0.4582557418132322,0.4582557418162693
5382,0.45825574181319195,0.4582557418162256
5383,0.45825574181315193,0.4582557418161821
5384,0.458255741813112,0.45825574181613865
5385,0.4582557418130722,0.45825574181609535
5386,0.45825574181303247,0.4582557418160523
5387,0.45825574181299294,0.45825574181600937
5388,0.4582557418129536,0.45825574181596657
5389,0.45825574181291434,0.4582557418159239
5390,0.4582557418128752,0.4582557418158813
5391,0.45825574181283624,0.458255741815839
5392,0.4582557418127974,0.45825574181579676
5393,0.45825574181275874,0.4582557418157546
5394,0.45825574181272005,0.4582557418157127
5395,0.45825574181268164,0.4582557418156709
5396,0.4582557418126433,0.4582557418156293
5397,0.4582557418126051,0.4582557418155878
5398,0.45825574181256706,0.45825574181554635
5399,0.45825574181252915,0.4582557418155051
5400,0.45825574181249124,0.458255741815464
5401,0.45825574181245365,0.4582557418154231
5402,0.45825574181241613,0.4582557418153823
5403,0.4582557418123787,0.4582557418153416
5404,0.4582557418123414,0.4582557418153011
5405,0.4582557418123043,0.45825574181526074
5406,0.45825574181226725,0.4582557418152205
5407,0.45825574181223033,0.45825574181518036
5408,0.4582557418121935,0.45825574181514034
5409,0.4582557418121569,0.4582557418151005
5410,0.45825574181212037,0.45825574181506085
5411,0.458255741812084,0.4582557418150213
5412,0.45825574181204765,0.4582557418149819
5413,0.45825574181201145,0.45825574181494266
5414,0.4582557418119755,0.45825574181490336
5415,0.4582557418119395,0.45825574181486445
5416,0.4582557418119038,0.4582557418148255
5417,0.4582557418118681,0.45825574181478673
5418,0.45825574181183254,0.4582557418147481
5419,0.4582557418117971,0.4582557418147097
5420,0.4582557418117619,0.45825574181467127
5421,0.4582557418117267,0.458255741814633
5422,0.45825574181169165,0.4582557418145949
5423,0.45825574181165674,0.45825574181455697
5424,0.4582557418116219,0.45825574181451917
5425,0.4582557418115872,0.45825574181448137
5426,0.4582557418115526,0.4582557418144438
5427,0.4582557418115181,0.45825574181440637
5428,0.4582557418114839,0.45825574181436907
5429,0.4582557418114496,0.45825574181433176
5430,0.4582557418114155,0.45825574181429474
5431,0.4582557418113815,0.45825574181425793
5432,0.4582557418113476,0.4582557418142211
5433,0.45825574181131384,0.4582557418141843
5434,0.45825574181128026,0.4582557418141478
5435,0.45825574181124673,0.45825574181411133
5436,0.45825574181121326,0.458255741814075
5437,0.45825574181118,0.4582557418140388
5438,0.4582557418111468,0.45825574181400275
5439,0.45825574181111367,0.4582557418139668
5440,0.4582557418110808,0.45825574181393103
5441,0.45825574181104795,0.4582557418138953
5442,0.4582557418110152,0.4582557418138597
5443,0.4582557418109826,0.45825574181382434
5444,0.4582557418109501,0.458255741813789
5445,0.45825574181091766,0.4582557418137538
5446,0.4582557418108854,0.45825574181371864
5447,0.45825574181085316,0.45825574181368367
5448,0.45825574181082107,0.4582557418136488
5449,0.4582557418107892,0.45825574181361406
5450,0.45825574181075734,0.45825574181357953
5451,0.4582557418107256,0.458255741813545
5452,0.45825574181069395,0.45825574181351064
5453,0.4582557418106624,0.45825574181347634
5454,0.45825574181063106,0.45825574181344225
5455,0.4582557418105997,0.4582557418134082
5456,0.4582557418105686,0.4582557418133743
5457,0.4582557418105375,0.4582557418133405
5458,0.4582557418105065,0.4582557418133068
5459,0.4582557418104757,0.4582557418132732
5460,0.4582557418104448,0.4582557418132398
5461,0.4582557418104142,0.4582557418132065
5462,0.45825574181038364,0.45825574181317325
5463,0.45825574181035317,0.45825574181314016
5464,0.4582557418103228,0.4582557418131072
5465,0.4582557418102926,0.4582557418130742
5466,0.4582557418102624,0.4582557418130416
5467,0.45825574181023243,0.4582557418130089
5468,0.45825574181020245,0.45825574181297635
5469,0.4582557418101725,0.45825574181294393
5470,0.45825574181014284,0.45825574181291157
5471,0.45825574181011325,0.45825574181287937
5472,0.4582557418100837,0.4582557418128473
5473,0.45825574181005424,0.4582557418128153
5474,0.458255741810025,0.45825574181278345
5475,0.4582557418099957,0.4582557418127516
5476,0.4582557418099666,0.45825574181272005
5477,0.4582557418099375,0.4582557418126884
5478,0.45825574180990863,0.458255741812657
5479,0.45825574180987977,0.4582557418126257
5480,0.45825574180985107,0.4582557418125945
5481,0.4582557418098224,0.45825574181256334
5482,0.45825574180979384,0.45825574181253237
5483,0.4582557418097654,0.4582557418125014
5484,0.4582557418097371,0.4582557418124706
5485,0.4582557418097089,0.4582557418124399
5486,0.4582557418096807,0.45825574181240936
5487,0.4582557418096526,0.4582557418123788
5488,0.4582557418096247,0.45825574181234846
5489,0.4582557418095968,0.4582557418123182
5490,0.4582557418095691,0.458255741812288
5491,0.45825574180954143,0.458255741812258
5492,0.4582557418095139,0.4582557418122279
5493,0.4582557418094864,0.4582557418121981
5494,0.458255741809459,0.4582557418121683
5495,0.4582557418094317,0.45825574181213863
5496,0.45825574180940454,0.4582557418121091
5497,0.4582557418093774,0.4582557418120796
5498,0.4582557418093504,0.45825574181205025
5499,0.4582557418093235,0.458255741812021
5500,0.45825574180929657,0.45825574181199186
5501,0.4582557418092699,0.4582557418119628
5502,0.4582557418092433,0.4582557418119338
5503,0.4582557418092167,0.45825574181190504
5504,0.4582557418091902,0.45825574181187634
5505,0.45825574180916395,0.4582557418118476
5506,0.4582557418091376,0.45825574181181905
5507,0.4582557418091115,0.4582557418117905
5508,0.4582557418090853,0.45825574181176215
5509,0.4582557418090593,0.4582557418117339
5510,0.4582557418090334,0.45825574181170564
5511,0.4582557418090075,0.4582557418116776
5512,0.45825574180898176,0.4582557418116497
5513,0.4582557418089561,0.4582557418116218
5514,0.4582557418089306,0.458255741811594
5515,0.4582557418089051,0.45825574181156625
5516,0.4582557418088796,0.4582557418115387
5517,0.45825574180885437,0.4582557418115112
5518,0.4582557418088291,0.4582557418114838
5519,0.45825574180880396,0.45825574181145645
5520,0.458255741808779,0.4582557418114292
5521,0.45825574180875395,0.4582557418114021
5522,0.4582557418087292,0.4582557418113751
5523,0.4582557418087044,0.4582557418113481
5524,0.4582557418086796,0.4582557418113212
5525,0.458255741808655,0.45825574181129447
5526,0.4582557418086305,0.45825574181126777
5527,0.45825574180860595,0.45825574181124124
5528,0.4582557418085817,0.4582557418112148
5529,0.4582557418085574,0.45825574181118833
5530,0.4582557418085331,0.4582557418111621
5531,0.458255741808509,0.45825574181113576
5532,0.45825574180848494,0.4582557418111097
5533,0.4582557418084611,0.45825574181108364
5534,0.4582557418084372,0.45825574181105766
5535,0.4582557418084134,0.45825574181103196
5536,0.4582557418083897,0.45825574181100603
5537,0.45825574180836603,0.45825574181098033
5538,0.45825574180834244,0.45825574181095485
5539,0.458255741808319,0.4582557418109293
5540,0.4582557418082957,0.4582557418109039
5541,0.4582557418082724,0.4582557418108786
5542,0.45825574180824913,0.4582557418108533
5543,0.4582557418082259,0.4582557418108282
5544,0.4582557418082029,0.45825574181080303
5545,0.45825574180817985,0.4582557418107781
5546,0.458255741808157,0.45825574181075324
5547,0.45825574180813416,0.4582557418107283
5548,0.4582557418081114,0.45825574181070367
5549,0.45825574180808876,0.45825574181067896
5550,0.45825574180806616,0.4582557418106544
5551,0.4582557418080436,0.4582557418106299
5552,0.4582557418080211,0.4582557418106055
5553,0.4582557418079988,0.45825574181058126
5554,0.45825574180797646,0.45825574181055706
5555,0.45825574180795425,0.4582557418105329
5556,0.4582557418079321,0.45825574181050877
5557,0.45825574180791007,0.45825574181048484
5558,0.4582557418078881,0.45825574181046097
5559,0.45825574180786616,0.45825574181043705
5560,0.45825574180784434,0.4582557418104134
5561,0.4582557418078226,0.4582557418103898
5562,0.4582557418078008,0.45825574181036616
5563,0.4582557418077792,0.4582557418103427
5564,0.45825574180775774,0.45825574181031925
5565,0.4582557418077362,0.4582557418102958
5566,0.4582557418077149,0.4582557418102727
5567,0.4582557418076936,0.45825574181024953
5568,0.45825574180767226,0.4582557418102264
5569,0.4582557418076511,0.4582557418102034
5570,0.45825574180763,0.4582557418101805
5571,0.45825574180760903,0.45825574181015766
5572,0.458255741807588,0.4582557418101348
5573,0.4582557418075671,0.45825574181011214
5574,0.4582557418075463,0.45825574181008943
5575,0.45825574180752565,0.458255741810067
5576,0.45825574180750495,0.4582557418100445
5577,0.45825574180748435,0.45825574181002204
5578,0.4582557418074638,0.4582557418099998
5579,0.45825574180744333,0.4582557418099776
5580,0.45825574180742296,0.4582557418099553
5581,0.45825574180740264,0.4582557418099333
5582,0.4582557418073824,0.45825574180991124
5583,0.45825574180736217,0.45825574180988937
5584,0.4582557418073422,0.4582557418098675
5585,0.45825574180732204,0.4582557418098457
5586,0.45825574180730205,0.458255741809824
5587,0.4582557418072821,0.45825574180980233
5588,0.4582557418072623,0.4582557418097808
5589,0.45825574180724254,0.45825574180975936
5590,0.4582557418072228,0.4582557418097379
5591,0.45825574180720313,0.45825574180971657
5592,0.45825574180718365,0.4582557418096953
5593,0.45825574180716416,0.4582557418096741
5594,0.4582557418071448,0.45825574180965295
5595,0.4582557418071253,0.45825574180963186
5596,0.45825574180710604,0.45825574180961093
5597,0.4582557418070868,0.45825574180959
5598,0.45825574180706763,0.4582557418095692
5599,0.4582557418070485,0.45825574180954837
5600,0.4582557418070295,0.4582557418095277
5601,0.4582557418070105,0.45825574180950707
5602,0.45825574180699163,0.4582557418094866
5603,0.45825574180697276,0.45825574180946604
5604,0.458255741806954,0.4582557418094457
5605,0.4582557418069353,0.4582557418094253
5606,0.4582557418069166,0.45825574180940504
5607,0.458255741806898,0.4582557418093849
5608,0.4582557418068795,0.45825574180936474
5609,0.458255741806861,0.45825574180934464
5610,0.45825574180684264,0.45825574180932466
5611,0.4582557418068243,0.4582557418093048
5612,0.45825574180680606,0.4582557418092849
5613,0.4582557418067878,0.45825574180926504
5614,0.4582557418067697,0.4582557418092454
5615,0.45825574180675166,0.45825574180922574
5616,0.45825574180673356,0.45825574180920614
5617,0.45825574180671563,0.4582557418091866
5618,0.45825574180669776,0.45825574180916717
5619,0.45825574180667994,0.4582557418091478
5620,0.4582557418066621,0.4582557418091285
5621,0.45825574180664436,0.45825574180910916
5622,0.4582557418066267,0.45825574180909
5623,0.45825574180660916,0.45825574180907086
5624,0.4582557418065916,0.4582557418090519
5625,0.4582557418065742,0.4582557418090329
5626,0.4582557418065567,0.4582557418090139
5627,0.4582557418065394,0.4582557418089951
5628,0.458255741806522,0.45825574180897627
5629,0.4582557418065048,0.45825574180895756
5630,0.45825574180648765,0.4582557418089388
5631,0.45825574180647055,0.45825574180892026
5632,0.4582557418064535,0.4582557418089017
5633,0.4582557418064365,0.45825574180888323
5634,0.4582557418064196,0.4582557418088648
5635,0.45825574180640266,0.4582557418088465
5636,0.4582557418063859,0.4582557418088281
5637,0.45825574180636913,0.45825574180880996
5638,0.45825574180635226,0.45825574180879175
5639,0.45825574180633566,0.45825574180877365
5640,0.4582557418063191,0.45825574180875567
5641,0.4582557418063026,0.45825574180873774
5642,0.45825574180628603,0.45825574180871975
5643,0.4582557418062696,0.4582557418087019
5644,0.4582557418062532,0.45825574180868406
5645,0.45825574180623696,0.4582557418086664
5646,0.45825574180622064,0.45825574180864864
5647,0.45825574180620454,0.45825574180863105
5648,0.4582557418061883,0.45825574180861356
5649,0.4582557418061723,0.458255741808596
5650,0.45825574180615614,0.4582557418085786
5651,0.4582557418061402,0.45825574180856116
5652,0.4582557418061243,0.45825574180854384
5653,0.45825574180610845,0.4582557418085267
5654,0.4582557418060926,0.4582557418085096
5655,0.45825574180607676,0.45825574180849227
5656,0.4582557418060611,0.45825574180847517
5657,0.4582557418060455,0.45825574180845824
5658,0.45825574180602985,0.45825574180844125
5659,0.4582557418060143,0.45825574180842443
5660,0.4582557418059988,0.45825574180840756
5661,0.45825574180598333,0.45825574180839074
5662,0.4582557418059679,0.458255741808374
5663,0.45825574180595263,0.45825574180835726
5664,0.4582557418059374,0.4582557418083407
5665,0.4582557418059221,0.4582557418083242
5666,0.4582557418059069,0.45825574180830764
5667,0.4582557418058918,0.4582557418082913
5668,0.45825574180587675,0.45825574180827483
5669,0.4582557418058617,0.4582557418082585
5670,0.45825574180584666,0.45825574180824225
5671,0.45825574180583184,0.458255741808226
5672,0.4582557418058169,0.4582557418082098
5673,0.4582557418058021,0.45825574180819373
5674,0.4582557418057874,0.45825574180817763
5675,0.4582557418057726,0.4582557418081617
5676,0.45825574180575795,0.4582557418081457
5677,0.4582557418057433,0.45825574180812984
5678,0.4582557418057288,0.45825574180811396
5679,0.45825574180571416,0.4582557418080982
5680,0.4582557418056998,0.4582557418080825
5681,0.4582557418056854,0.45825574180806683
5682,0.458255741805671,0.4582557418080512
5683,0.4582557418056566,0.45825574180803563
5684,0.4582557418056424,0.45825574180802015
5685,0.45825574180562817,0.45825574180800466
5686,0.45825574180561396,0.45825574180798934
5687,0.45825574180559986,0.4582557418079739
5688,0.45825574180558576,0.45825574180795864
5689,0.45825574180557177,0.4582557418079433
5690,0.4582557418055577,0.45825574180792816
5691,0.45825574180554385,0.458255741807913
5692,0.4582557418055299,0.45825574180789796
5693,0.4582557418055161,0.4582557418078829
5694,0.4582557418055023,0.4582557418078679
5695,0.45825574180548856,0.45825574180785295
5696,0.45825574180547496,0.458255741807838
5697,0.4582557418054612,0.45825574180782325
5698,0.4582557418054476,0.45825574180780837
5699,0.45825574180543405,0.4582557418077937
5700,0.4582557418054205,0.458255741807779
5701,0.45825574180540707,0.4582557418077644
5702,0.4582557418053937,0.4582557418077498
5703,0.45825574180538026,0.4582557418077352
5704,0.45825574180536693,0.4582557418077208
5705,0.4582557418053536,0.45825574180770634
5706,0.4582557418053404,0.458255741807692
5707,0.45825574180532724,0.45825574180767764
5708,0.4582557418053141,0.4582557418076634
5709,0.458255741805301,0.45825574180764905
5710,0.458255741805288,0.4582557418076349
5711,0.4582557418052749,0.45825574180762074
5712,0.45825574180526196,0.45825574180760664
5713,0.45825574180524903,0.4582557418075926
5714,0.45825574180523615,0.4582557418075786
5715,0.45825574180522327,0.4582557418075646
5716,0.4582557418052105,0.4582557418075508
5717,0.4582557418051978,0.4582557418075369
5718,0.458255741805185,0.45825574180752315
5719,0.4582557418051724,0.4582557418075093
5720,0.4582557418051598,0.4582557418074957
5721,0.4582557418051473,0.45825574180748196
5722,0.45825574180513473,0.45825574180746836
5723,0.45825574180512224,0.45825574180745476
5724,0.4582557418051098,0.45825574180744133
5725,0.4582557418050973,0.4582557418074278
5726,0.458255741805085,0.4582557418074143
5727,0.4582557418050727,0.458255741807401
5728,0.4582557418050604,0.45825574180738765
5729,0.4582557418050482,0.45825574180737433
5730,0.4582557418050361,0.4582557418073611
5731,0.4582557418050238,0.4582557418073479
5732,0.4582557418050118,0.45825574180733475
5733,0.4582557418049996,0.4582557418073216
5734,0.4582557418049877,0.4582557418073086
5735,0.45825574180497575,0.45825574180729556
5736,0.45825574180496376,0.45825574180728257
5737,0.45825574180495177,0.45825574180726963
5738,0.45825574180494,0.4582557418072567
5739,0.4582557418049282,0.45825574180724393
5740,0.45825574180491635,0.4582557418072311
5741,0.45825574180490464,0.4582557418072183
5742,0.4582557418048929,0.4582557418072055
5743,0.45825574180488127,0.45825574180719286
5744,0.45825574180486967,0.45825574180718026
5745,0.45825574180485806,0.45825574180716766
5746,0.4582557418048465,0.45825574180715517
5747,0.4582557418048351,0.4582557418071426
5748,0.45825574180482365,0.4582557418071302
5749,0.45825574180481216,0.4582557418071178
5750,0.4582557418048008,0.4582557418071054
5751,0.4582557418047894,0.45825574180709305
5752,0.4582557418047782,0.4582557418070808
5753,0.45825574180476686,0.4582557418070685
5754,0.45825574180475565,0.4582557418070564
5755,0.4582557418047445,0.4582557418070442
5756,0.45825574180473333,0.45825574180703205
5757,0.4582557418047221,0.45825574180702006
5758,0.4582557418047111,0.45825574180700795
5759,0.4582557418047001,0.45825574180699596
5760,0.45825574180468903,0.458255741806984
5761,0.4582557418046781,0.45825574180697204
5762,0.45825574180466716,0.45825574180696027
5763,0.45825574180465634,0.45825574180694845
5764,0.4582557418046455,0.4582557418069366
5765,0.45825574180463463,0.45825574180692485
5766,0.4582557418046239,0.45825574180691325
5767,0.4582557418046132,0.4582557418069015
5768,0.45825574180460243,0.4582557418068899
5769,0.4582557418045918,0.4582557418068782
5770,0.4582557418045812,0.4582557418068667
5771,0.45825574180457057,0.4582557418068552
5772,0.45825574180455997,0.45825574180684375
5773,0.4582557418045495,0.45825574180683226
5774,0.45825574180453904,0.45825574180682094
5775,0.45825574180452855,0.4582557418068095
5776,0.45825574180451806,0.4582557418067982
5777,0.4582557418045077,0.4582557418067869
5778,0.45825574180449746,0.45825574180677564
5779,0.45825574180448714,0.4582557418067645
5780,0.45825574180447687,0.4582557418067534
5781,0.4582557418044666,0.4582557418067422
5782,0.45825574180445633,0.4582557418067312
5783,0.4582557418044462,0.4582557418067201
5784,0.4582557418044361,0.45825574180670914
5785,0.45825574180442596,0.45825574180669815
5786,0.45825574180441603,0.45825574180668716
5787,0.4582557418044059,0.4582557418066762
5788,0.458255741804396,0.45825574180666545
5789,0.45825574180438594,0.45825574180665457
5790,0.45825574180437606,0.4582557418066438
5791,0.4582557418043662,0.4582557418066331
5792,0.45825574180435624,0.4582557418066223
5793,0.45825574180434653,0.45825574180661166
5794,0.4582557418043367,0.45825574180660106
5795,0.4582557418043269,0.45825574180659046
5796,0.4582557418043172,0.4582557418065799
5797,0.4582557418043075,0.4582557418065694
5798,0.4582557418042979,0.4582557418065587
5799,0.45825574180428824,0.4582557418065484
5800,0.4582557418042787,0.458255741806538
5801,0.45825574180426915,0.4582557418065276
5802,0.4582557418042596,0.45825574180651724
5803,0.4582557418042501,0.4582557418065069
5804,0.4582557418042406,0.4582557418064966
5805,0.45825574180423123,0.45825574180648637
5806,0.45825574180422185,0.4582557418064762
5807,0.4582557418042124,0.458255741806466
5808,0.4582557418042031,0.4582557418064559
5809,0.4582557418041939,0.45825574180644574
5810,0.4582557418041846,0.4582557418064357
5811,0.45825574180417533,0.45825574180642564
5812,0.4582557418041661,0.45825574180641565
5813,0.45825574180415696,0.4582557418064057
5814,0.45825574180414785,0.4582557418063958
5815,0.45825574180413875,0.45825574180638584
5816,0.45825574180412965,0.458255741806376
5817,0.4582557418041206,0.45825574180636613
5818,0.4582557418041116,0.4582557418063563
5819,0.4582557418041026,0.4582557418063466
5820,0.4582557418040936,0.4582557418063369
5821,0.45825574180408474,0.45825574180632717
5822,0.45825574180407586,0.45825574180631745
5823,0.4582557418040669,0.4582557418063079
5824,0.4582557418040581,0.45825574180629824
5825,0.4582557418040494,0.45825574180628864
5826,0.4582557418040406,0.45825574180627915
5827,0.45825574180403184,0.4582557418062697
5828,0.4582557418040231,0.4582557418062603
5829,0.45825574180401446,0.4582557418062507
5830,0.45825574180400586,0.45825574180624135
5831,0.4582557418039972,0.45825574180623196
5832,0.45825574180398854,0.4582557418062227
5833,0.45825574180398,0.4582557418062134
5834,0.4582557418039715,0.4582557418062041
5835,0.458255741803963,0.4582557418061949
5836,0.45825574180395445,0.45825574180618567
5837,0.45825574180394607,0.4582557418061765
5838,0.4582557418039377,0.4582557418061673
5839,0.45825574180392925,0.4582557418061582
5840,0.45825574180392087,0.4582557418061492
5841,0.4582557418039126,0.45825574180614004
5842,0.4582557418039042,0.45825574180613105
5843,0.4582557418038959,0.45825574180612205
5844,0.4582557418038878,0.45825574180611306
5845,0.45825574180387957,0.4582557418061041
5846,0.4582557418038713,0.4582557418060953
5847,0.4582557418038632,0.45825574180608636
5848,0.45825574180385503,0.45825574180607753
5849,0.45825574180384687,0.45825574180606865
5850,0.4582557418038389,0.45825574180606
5851,0.4582557418038308,0.4582557418060512
5852,0.4582557418038228,0.45825574180604245
5853,0.4582557418038148,0.4582557418060338
5854,0.4582557418038068,0.4582557418060251
5855,0.4582557418037989,0.4582557418060165
5856,0.458255741803791,0.45825574180600787
5857,0.4582557418037831,0.45825574180599926
5858,0.45825574180377515,0.45825574180599077
5859,0.45825574180376744,0.4582557418059822
5860,0.45825574180375955,0.4582557418059738
5861,0.4582557418037518,0.4582557418059653
5862,0.45825574180374407,0.4582557418059569
5863,0.4582557418037363,0.4582557418059485
5864,0.4582557418037287,0.4582557418059401
5865,0.4582557418037209,0.4582557418059318
5866,0.4582557418037133,0.4582557418059235
5867,0.4582557418037057,0.4582557418059152
5868,0.45825574180369805,0.458255741805907
5869,0.45825574180369055,0.4582557418058987
5870,0.458255741803683,0.4582557418058905
5871,0.4582557418036755,0.45825574180588236
5872,0.45825574180366796,0.4582557418058742
5873,0.45825574180366047,0.4582557418058661
5874,0.458255741803653,0.458255741805858
5875,0.4582557418036456,0.45825574180584994
5876,0.45825574180363826,0.4582557418058419
5877,0.4582557418036309,0.45825574180583395
5878,0.45825574180362355,0.4582557418058259
5879,0.4582557418036163,0.4582557418058181
5880,0.4582557418036089,0.45825574180581
5881,0.45825574180360173,0.4582557418058022
5882,0.4582557418035944,0.45825574180579426
5883,0.45825574180358725,0.4582557418057865
5884,0.45825574180358014,0.4582557418057786
5885,0.45825574180357287,0.45825574180577083
5886,0.4582557418035657,0.45825574180576306
5887,0.45825574180355866,0.4582557418057554
5888,0.4582557418035515,0.45825574180574763
5889,0.4582557418035445,0.45825574180574
5890,0.45825574180353745,0.45825574180573236
5891,0.45825574180353035,0.4582557418057247
5892,0.45825574180352346,0.4582557418057171
5893,0.45825574180351647,0.4582557418057095
5894,0.4582557418035095,0.458255741805702
5895,0.4582557418035026,0.4582557418056944
5896,0.4582557418034957,0.45825574180568696
5897,0.4582557418034888,0.4582557418056796
5898,0.45825574180348194,0.4582557418056721
5899,0.4582557418034751,0.4582557418056646
5900,0.45825574180346834,0.45825574180565715
5901,0.4582557418034615,0.4582557418056499
5902,0.4582557418034548,0.45825574180564255
5903,0.4582557418034481,0.45825574180563516
5904,0.45825574180344136,0.4582557418056279
5905,0.45825574180343465,0.4582557418056206
5906,0.45825574180342804,0.4582557418056133
5907,0.4582557418034214,0.4582557418056062
5908,0.4582557418034147,0.45825574180559897
5909,0.45825574180340806,0.4582557418055918
5910,0.4582557418034015,0.45825574180558465
5911,0.458255741803395,0.45825574180557754
5912,0.45825574180338846,0.4582557418055705
5913,0.45825574180338197,0.4582557418055633
5914,0.45825574180337547,0.45825574180555634
5915,0.45825574180336903,0.4582557418055492
5916,0.4582557418033626,0.45825574180554224
5917,0.4582557418033562,0.4582557418055353
5918,0.4582557418033497,0.45825574180552836
5919,0.45825574180334333,0.4582557418055214
5920,0.458255741803337,0.45825574180551454
5921,0.4582557418033307,0.4582557418055076
5922,0.45825574180332435,0.45825574180550077
5923,0.4582557418033181,0.458255741805494
5924,0.4582557418033118,0.4582557418054871
5925,0.4582557418033056,0.45825574180548034
5926,0.45825574180329937,0.45825574180547357
5927,0.45825574180329315,0.45825574180546674
5928,0.458255741803287,0.45825574180546014
5929,0.45825574180328077,0.4582557418054534
5930,0.45825574180327466,0.4582557418054467
5931,0.45825574180326856,0.4582557418054401
5932,0.4582557418032624,0.4582557418054334
5933,0.45825574180325634,0.45825574180542683
5934,0.45825574180325035,0.4582557418054202
5935,0.45825574180324424,0.45825574180541373
5936,0.45825574180323825,0.4582557418054072
5937,0.4582557418032323,0.45825574180540063
5938,0.4582557418032263,0.45825574180539413
5939,0.4582557418032203,0.45825574180538764
5940,0.45825574180321443,0.45825574180538126
5941,0.45825574180320855,0.4582557418053748
5942,0.45825574180320267,0.45825574180536843
5943,0.45825574180319667,0.458255741805362
5944,0.45825574180319084,0.45825574180535567
5945,0.45825574180318507,0.4582557418053493
5946,0.4582557418031792,0.458255741805343
5947,0.4582557418031734,0.45825574180533674
5948,0.4582557418031677,0.45825574180533046
5949,0.45825574180316186,0.45825574180532425
5950,0.4582557418031562,0.458255741805318
5951,0.4582557418031505,0.45825574180531176
5952,0.45825574180314477,0.4582557418053056
5953,0.45825574180313916,0.45825574180529943
5954,0.45825574180313344,0.45825574180529327
5955,0.4582557418031278,0.45825574180528716
5956,0.4582557418031222,0.458255741805281
5957,0.45825574180311657,0.45825574180527495
5958,0.45825574180311107,0.4582557418052689
5959,0.45825574180310547,0.45825574180526285
5960,0.45825574180309986,0.4582557418052568
5961,0.4582557418030944,0.4582557418052508
5962,0.45825574180308887,0.4582557418052448
5963,0.4582557418030834,0.4582557418052389
5964,0.45825574180307793,0.4582557418052329
5965,0.4582557418030725,0.45825574180522705
5966,0.4582557418030671,0.45825574180522116
5967,0.4582557418030616,0.4582557418052152
5968,0.4582557418030562,0.4582557418052094
5969,0.458255741803051,0.4582557418052035
5970,0.45825574180304557,0.45825574180519774
5971,0.4582557418030402,0.45825574180519196
5972,0.4582557418030349,0.45825574180518613
5973,0.4582557418030295,0.4582557418051804
5974,0.45825574180302436,0.45825574180517464
5975,0.4582557418030191,0.4582557418051689
5976,0.45825574180301387,0.45825574180516326
5977,0.45825574180300865,0.45825574180515755
5978,0.45825574180300344,0.4582557418051519
5979,0.4582557418029983,0.4582557418051463
5980,0.458255741802993,0.45825574180514056
5981,0.45825574180298784,0.45825574180513495
5982,0.4582557418029828,0.45825574180512946
5983,0.4582557418029776,0.4582557418051239
5984,0.45825574180297246,0.45825574180511836
5985,0.4582557418029674,0.4582557418051128
5986,0.45825574180296236,0.45825574180510725
5987,0.45825574180295725,0.45825574180510187
5988,0.4582557418029523,0.45825574180509643
5989,0.4582557418029473,0.4582557418050909
5990,0.45825574180294226,0.4582557418050855
5991,0.45825574180293727,0.45825574180508005
5992,0.4582557418029324,0.4582557418050746
5993,0.45825574180292733,0.4582557418050692
5994,0.45825574180292244,0.4582557418050639
5995,0.4582557418029175,0.4582557418050586
5996,0.4582557418029126,0.4582557418050532
5997,0.45825574180290773,0.458255741805048
5998,0.45825574180290285,0.4582557418050427
5999,0.458255741802898,0.4582557418050374
6000,0.45825574180289314,0.45825574180503215
6001,0.4582557418028884,0.45825574180502693
6002,0.45825574180288353,0.45825574180502177
6003,0.45825574180287887,0.4582557418050166
6004,0.45825574180287404,0.4582557418050114
6005,0.4582557418028693,0.4582557418050061
6006,0.4582557418028646,0.458255741805001
6007,0.45825574180285983,0.45825574180499595
6008,0.4582557418028552,0.4582557418049908
6009,0.4582557418028505,0.45825574180498574
6010,0.45825574180284584,0.45825574180498063
6011,0.45825574180284123,0.4582557418049756
6012,0.45825574180283657,0.45825574180497053
6013,0.4582557418028319,0.45825574180496553
6014,0.45825574180282735,0.4582557418049606
6015,0.4582557418028227,0.4582557418049555
6016,0.45825574180281814,0.45825574180495054
6017,0.4582557418028136,0.45825574180494555
6018,0.45825574180280904,0.45825574180494066
6019,0.4582557418028046,0.4582557418049358
6020,0.4582557418028,0.45825574180493084
6021,0.4582557418027955,0.4582557418049259
6022,0.4582557418027911,0.4582557418049211
6023,0.4582557418027866,0.45825574180491624
6024,0.4582557418027821,0.4582557418049114
6025,0.4582557418027776,0.45825574180490664
6026,0.45825574180277334,0.45825574180490186
6027,0.4582557418027689,0.45825574180489703
6028,0.4582557418027645,0.45825574180489226
6029,0.45825574180276013,0.45825574180488754
6030,0.45825574180275574,0.4582557418048827
6031,0.4582557418027514,0.4582557418048781
6032,0.4582557418027471,0.45825574180487333
6033,0.4582557418027428,0.4582557418048686
6034,0.45825574180273854,0.45825574180486395
6035,0.4582557418027342,0.45825574180485934
6036,0.45825574180272993,0.4582557418048548
6037,0.4582557418027256,0.45825574180485
6038,0.45825574180272144,0.4582557418048455
6039,0.4582557418027173,0.45825574180484085
6040,0.458255741802713,0.4582557418048363
6041,0.4582557418027088,0.4582557418048317
6042,0.4582557418027047,0.4582557418048272
6043,0.4582557418027005,0.45825574180482265
6044,0.45825574180269635,0.45825574180481815
6045,0.4582557418026922,0.4582557418048136
6046,0.4582557418026881,0.45825574180480916
6047,0.45825574180268397,0.4582557418048047
6048,0.4582557418026798,0.4582557418048003
6049,0.4582557418026757,0.45825574180479584
6050,0.4582557418026717,0.45825574180479134
6051,0.4582557418026676,0.45825574180478695
6052,0.4582557418026636,0.45825574180478257
6053,0.4582557418026596,0.4582557418047782
6054,0.4582557418026555,0.4582557418047739
6055,0.45825574180265155,0.45825574180476947
6056,0.45825574180264755,0.45825574180476514
6057,0.4582557418026436,0.45825574180476086
6058,0.45825574180263967,0.4582557418047566
6059,0.45825574180263573,0.4582557418047522
6060,0.45825574180263173,0.458255741804748
6061,0.4582557418026279,0.4582557418047437
6062,0.4582557418026239,0.4582557418047395
6063,0.4582557418026201,0.4582557418047352
6064,0.4582557418026162,0.45825574180473105
6065,0.4582557418026123,0.45825574180472683
6066,0.4582557418026085,0.4582557418047227
6067,0.4582557418026046,0.4582557418047184
6068,0.45825574180260076,0.4582557418047144
6069,0.458255741802597,0.4582557418047102
6070,0.45825574180259315,0.4582557418047061
6071,0.4582557418025894,0.45825574180470197
6072,0.4582557418025856,0.4582557418046979
6073,0.4582557418025819,0.4582557418046938
6074,0.4582557418025781,0.4582557418046897
6075,0.4582557418025744,0.45825574180468565
6076,0.45825574180257067,0.4582557418046816
6077,0.458255741802567,0.45825574180467754
6078,0.45825574180256323,0.4582557418046735
6079,0.45825574180255957,0.4582557418046695
6080,0.45825574180255585,0.4582557418046655
6081,0.45825574180255224,0.45825574180466155
6082,0.45825574180254863,0.45825574180465756
6083,0.4582557418025449,0.45825574180465356
6084,0.4582557418025413,0.4582557418046497
6085,0.4582557418025377,0.45825574180464573
6086,0.45825574180253414,0.45825574180464185
6087,0.4582557418025306,0.45825574180463796
6088,0.458255741802527,0.4582557418046341
6089,0.45825574180252343,0.4582557418046303
6090,0.4582557418025199,0.4582557418046263
6091,0.4582557418025164,0.45825574180462253
6092,0.45825574180251283,0.4582557418046187
6093,0.4582557418025093,0.4582557418046149
6094,0.4582557418025059,0.4582557418046111
6095,0.45825574180250234,0.4582557418046074
6096,0.4582557418024989,0.4582557418046035
6097,0.4582557418024954,0.45825574180459977
6098,0.4582557418024919,0.458255741804596
6099,0.4582557418024885,0.4582557418045922
6100,0.4582557418024851,0.45825574180458856
6101,0.4582557418024817,0.45825574180458484
6102,0.4582557418024782,0.45825574180458106
6103,0.4582557418024748,0.4582557418045774
6104,0.4582557418024715,0.45825574180457374
6105,0.45825574180246814,0.4582557418045701
6106,0.45825574180246476,0.45825574180456646
6107,0.45825574180246137,0.45825574180456286
6108,0.4582557418024581,0.45825574180455925
6109,0.45825574180245476,0.4582557418045555
6110,0.4582557418024514,0.458255741804552
6111,0.4582557418024481,0.45825574180454837
6112,0.4582557418024448,0.45825574180454476
6113,0.45825574180244155,0.4582557418045413
6114,0.45825574180243833,0.45825574180453765
6115,0.458255741802435,0.4582557418045342
6116,0.45825574180243184,0.45825574180453055
6117,0.4582557418024285,0.45825574180452716
6118,0.4582557418024254,0.4582557418045236
6119,0.45825574180242207,0.45825574180452017
6120,0.4582557418024189,0.45825574180451667
6121,0.4582557418024158,0.45825574180451323
6122,0.4582557418024125,0.45825574180450973
6123,0.45825574180240936,0.4582557418045063
6124,0.45825574180240625,0.45825574180450285
6125,0.458255741802403,0.4582557418044995
6126,0.4582557418023999,0.458255741804496
6127,0.4582557418023968,0.4582557418044927
6128,0.4582557418023937,0.45825574180448925
6129,0.4582557418023907,0.4582557418044859
6130,0.45825574180238754,0.45825574180448253
6131,0.45825574180238443,0.4582557418044792
6132,0.4582557418023814,0.45825574180447576
6133,0.4582557418023783,0.4582557418044725
6134,0.45825574180237527,0.4582557418044692
6135,0.4582557418023722,0.4582557418044659
6136,0.4582557418023692,0.45825574180446255
6137,0.45825574180236617,0.45825574180445927
6138,0.4582557418023631,0.45825574180445605
6139,0.4582557418023601,0.4582557418044528
6140,0.4582557418023571,0.4582557418044495
6141,0.45825574180235423,0.4582557418044463
6142,0.4582557418023512,0.458255741804443
6143,0.4582557418023483,0.4582557418044399
6144,0.45825574180234524,0.4582557418044367
6145,0.4582557418023424,0.45825574180443346
6146,0.45825574180233947,0.4582557418044303
6147,0.4582557418023365,0.45825574180442713
6148,0.45825574180233364,0.45825574180442397
6149,0.45825574180233075,0.45825574180442086
6150,0.45825574180232787,0.4582557418044177
6151,0.45825574180232503,0.45825574180441453
6152,0.45825574180232215,0.4582557418044114
6153,0.45825574180231926,0.4582557418044083
6154,0.4582557418023164,0.4582557418044052
6155,0.4582557418023135,0.45825574180440215
6156,0.4582557418023107,0.458255741804399
6157,0.45825574180230794,0.458255741804396
6158,0.45825574180230505,0.45825574180439294
6159,0.4582557418023023,0.45825574180438994
6160,0.45825574180229955,0.4582557418043869
6161,0.4582557418022967,0.45825574180438383
6162,0.45825574180229395,0.4582557418043809
6163,0.4582557418022912,0.4582557418043779
6164,0.45825574180228845,0.4582557418043748
6165,0.4582557418022857,0.45825574180437184
6166,0.45825574180228296,0.4582557418043689
6167,0.4582557418022802,0.4582557418043659
6168,0.4582557418022775,0.45825574180436296
6169,0.45825574180227485,0.4582557418043601
6170,0.45825574180227213,0.4582557418043571
6171,0.4582557418022694,0.4582557418043542
6172,0.4582557418022668,0.45825574180435125
6173,0.4582557418022641,0.4582557418043483
6174,0.4582557418022614,0.4582557418043454
6175,0.45825574180225875,0.4582557418043426
6176,0.45825574180225614,0.4582557418043397
6177,0.4582557418022534,0.4582557418043369
6178,0.4582557418022508,0.458255741804334
6179,0.45825574180224826,0.45825574180433115
6180,0.4582557418022457,0.4582557418043283
6181,0.4582557418022431,0.45825574180432554
6182,0.45825574180224055,0.45825574180432277
6183,0.4582557418022378,0.45825574180431994
6184,0.45825574180223533,0.4582557418043171
6185,0.45825574180223283,0.4582557418043144
6186,0.4582557418022302,0.45825574180431156
6187,0.45825574180222767,0.4582557418043088
6188,0.45825574180222517,0.458255741804306
6189,0.4582557418022226,0.45825574180430334
6190,0.45825574180222006,0.4582557418043005
6191,0.4582557418022176,0.45825574180429784
6192,0.4582557418022152,0.45825574180429507
6193,0.45825574180221257,0.45825574180429235
6194,0.45825574180221007,0.45825574180428974
6195,0.45825574180220763,0.4582557418042871
6196,0.4582557418022052,0.4582557418042844
6197,0.45825574180220274,0.45825574180428164
6198,0.45825574180220024,0.458255741804279
6199,0.45825574180219775,0.45825574180427636
6200,0.4582557418021954,0.45825574180427375
6201,0.458255741802193,0.45825574180427103
6202,0.45825574180219053,0.4582557418042684
6203,0.4582557418021882,0.45825574180426587
6204,0.45825574180218576,0.45825574180426315
6205,0.4582557418021833,0.45825574180426065
6206,0.458255741802181,0.458255741804258
6207,0.4582557418021786,0.45825574180425543
6208,0.45825574180217626,0.45825574180425294
6209,0.4582557418021739,0.4582557418042504
6210,0.45825574180217155,0.4582557418042478
6211,0.45825574180216927,0.45825574180424516
6212,0.4582557418021669,0.45825574180424267
6213,0.4582557418021645,0.4582557418042401
6214,0.4582557418021622,0.4582557418042376
6215,0.4582557418021599,0.45825574180423506
6216,0.45825574180215756,0.4582557418042326
6217,0.45825574180215534,0.4582557418042301
6218,0.458255741802153,0.4582557418042276
6219,0.45825574180215073,0.4582557418042251
6220,0.4582557418021484,0.4582557418042227
6221,0.45825574180214623,0.45825574180422024
6222,0.45825574180214396,0.45825574180421774
6223,0.4582557418021417,0.4582557418042153
6224,0.45825574180213946,0.45825574180421286
6225,0.45825574180213724,0.4582557418042104
6226,0.458255741802135,0.458255741804208
6227,0.45825574180213274,0.45825574180420564
6228,0.4582557418021306,0.4582557418042032
6229,0.45825574180212836,0.45825574180420087
6230,0.4582557418021262,0.4582557418041985
6231,0.45825574180212403,0.4582557418041962
6232,0.45825574180212186,0.45825574180419365
6233,0.4582557418021196,0.4582557418041914
6234,0.4582557418021174,0.45825574180418904
6235,0.4582557418021153,0.4582557418041867
6236,0.45825574180211315,0.45825574180418427
6237,0.4582557418021111,0.45825574180418194
6238,0.4582557418021089,0.45825574180417966
6239,0.4582557418021067,0.4582557418041774
6240,0.45825574180210465,0.45825574180417505
6241,0.45825574180210255,0.4582557418041728
6242,0.4582557418021004,0.45825574180417045
6243,0.45825574180209827,0.45825574180416817
6244,0.4582557418020962,0.45825574180416595
6245,0.45825574180209416,0.4582557418041636
6246,0.45825574180209205,0.45825574180416134
6247,0.45825574180209,0.45825574180415907
6248,0.458255741802088,0.4582557418041569
6249,0.4582557418020859,0.45825574180415474
6250,0.45825574180208384,0.45825574180415246
6251,0.45825574180208173,0.45825574180415024
6252,0.45825574180207973,0.4582557418041479
6253,0.4582557418020777,0.4582557418041458
6254,0.45825574180207573,0.4582557418041436
6255,0.4582557418020737,0.45825574180414136
6256,0.4582557418020717,0.45825574180413925
6257,0.4582557418020696,0.45825574180413703
6258,0.4582557418020677,0.45825574180413486
6259,0.4582557418020657,0.4582557418041328
6260,0.4582557418020637,0.4582557418041306
6261,0.45825574180206174,0.4582557418041284
6262,0.4582557418020598,0.4582557418041263
6263,0.4582557418020578,0.45825574180412415
6264,0.45825574180205586,0.45825574180412204
6265,0.45825574180205386,0.45825574180411993
6266,0.4582557418020519,0.45825574180411777
6267,0.45825574180205003,0.4582557418041157
6268,0.45825574180204814,0.45825574180411366
6269,0.4582557418020462,0.45825574180411155
6270,0.4582557418020443,0.4582557418041094
6271,0.45825574180204237,0.4582557418041074
6272,0.45825574180204043,0.4582557418041053
6273,0.45825574180203854,0.4582557418041033
6274,0.4582557418020367,0.4582557418041012
6275,0.4582557418020348,0.45825574180409917
6276,0.4582557418020329,0.45825574180409706
6277,0.45825574180203116,0.4582557418040951
6278,0.4582557418020292,0.45825574180409306
6279,0.4582557418020274,0.45825574180409107
6280,0.45825574180202555,0.458255741804089
6281,0.45825574180202355,0.45825574180408707
6282,0.4582557418020219,0.45825574180408507
6283,0.45825574180201994,0.458255741804083
6284,0.45825574180201817,0.4582557418040811
6285,0.45825574180201634,0.4582557418040791
6286,0.4582557418020145,0.45825574180407713
6287,0.4582557418020127,0.4582557418040752
6288,0.45825574180201084,0.4582557418040732
6289,0.4582557418020091,0.45825574180407125
6290,0.45825574180200734,0.4582557418040693
6291,0.4582557418020055,0.45825574180406736
6292,0.4582557418020038,0.4582557418040655
6293,0.458255741802002,0.4582557418040636
6294,0.45825574180200024,0.4582557418040616
6295,0.45825574180199846,0.45825574180405976
6296,0.4582557418019967,0.45825574180405787
6297,0.458255741801995,0.4582557418040559
6298,0.45825574180199324,0.45825574180405404
6299,0.4582557418019915,0.45825574180405215
6300,0.4582557418019898,0.45825574180405027
6301,0.4582557418019881,0.45825574180404843
6302,0.45825574180198636,0.45825574180404655
6303,0.4582557418019847,0.45825574180404466
6304,0.4582557418019829,0.45825574180404277
6305,0.45825574180198125,0.458255741804041
6306,0.4582557418019796,0.45825574180403916
6307,0.458255741801978,0.45825574180403733
6308,0.45825574180197615,0.4582557418040354
6309,0.45825574180197454,0.45825574180403367
6310,0.45825574180197287,0.4582557418040318
6311,0.45825574180197126,0.45825574180403006
6312,0.45825574180196954,0.4582557418040282
6313,0.4582557418019679,0.45825574180402645
6314,0.45825574180196627,0.4582557418040247
6315,0.45825574180196466,0.45825574180402284
6316,0.45825574180196293,0.458255741804021
6317,0.4582557418019613,0.4582557418040193
6318,0.45825574180195966,0.45825574180401757
6319,0.45825574180195816,0.45825574180401585
6320,0.45825574180195644,0.45825574180401407
6321,0.45825574180195483,0.45825574180401235
6322,0.4582557418019533,0.4582557418040105
6323,0.4582557418019517,0.45825574180400885
6324,0.45825574180195017,0.45825574180400713
6325,0.45825574180194856,0.45825574180400536
6326,0.45825574180194695,0.45825574180400364
6327,0.45825574180194534,0.45825574180400197
6328,0.4582557418019438,0.45825574180400025
6329,0.4582557418019423,0.45825574180399853
6330,0.4582557418019407,0.4582557418039968
6331,0.45825574180193906,0.45825574180399514
6332,0.45825574180193757,0.45825574180399353
6333,0.4582557418019361,0.45825574180399187
6334,0.4582557418019345,0.45825574180399015
6335,0.45825574180193296,0.4582557418039885
6336,0.4582557418019315,0.4582557418039868
6337,0.45825574180192996,0.4582557418039852
6338,0.45825574180192835,0.45825574180398354
6339,0.4582557418019269,0.4582557418039819
6340,0.4582557418019254,0.45825574180398027
6341,0.45825574180192385,0.4582557418039786
6342,0.45825574180192236,0.45825574180397705
6343,0.4582557418019209,0.4582557418039753
6344,0.45825574180191947,0.4582557418039737
6345,0.45825574180191797,0.4582557418039722
6346,0.45825574180191647,0.4582557418039705
6347,0.45825574180191503,0.45825574180396894
6348,0.45825574180191353,0.45825574180396744
6349,0.4582557418019121,0.4582557418039658
6350,0.4582557418019106,0.45825574180396417
6351,0.45825574180190914,0.4582557418039626
6352,0.4582557418019077,0.45825574180396106
6353,0.45825574180190626,0.4582557418039595
6354,0.4582557418019048,0.4582557418039579
6355,0.4582557418019034,0.4582557418039564
6356,0.458255741801902,0.45825574180395484
6357,0.4582557418019006,0.45825574180395323
6358,0.45825574180189915,0.45825574180395173
6359,0.4582557418018977,0.4582557418039502
6360,0.4582557418018964,0.4582557418039487
6361,0.45825574180189493,0.4582557418039471
6362,0.4582557418018936,0.4582557418039456
6363,0.4582557418018921,0.4582557418039441
6364,0.4582557418018908,0.45825574180394263
6365,0.4582557418018894,0.4582557418039411
6366,0.45825574180188805,0.4582557418039396
6367,0.45825574180188666,0.4582557418039381
6368,0.4582557418018853,0.45825574180393663
6369,0.45825574180188394,0.45825574180393513
6370,0.4582557418018826,0.45825574180393364
6371,0.4582557418018813,0.45825574180393225
6372,0.4582557418018799,0.45825574180393075
6373,0.4582557418018785,0.4582557418039293
6374,0.4582557418018772,0.4582557418039278
6375,0.45825574180187584,0.4582557418039264
6376,0.4582557418018745,0.4582557418039249
6377,0.4582557418018732,0.4582557418039235
6378,0.4582557418018719,0.45825574180392203
6379,0.45825574180187056,0.45825574180392065
6380,0.4582557418018691,0.4582557418039192
6381,0.4582557418018679,0.4582557418039178
6382,0.4582557418018666,0.45825574180391637
6383,0.4582557418018653,0.458255741803915
6384,0.45825574180186407,0.4582557418039135
6385,0.45825574180186274,0.4582557418039121
6386,0.4582557418018614,0.45825574180391077
6387,0.4582557418018602,0.4582557418039094
6388,0.4582557418018589,0.45825574180390793
6389,0.45825574180185763,0.45825574180390655
6390,0.45825574180185635,0.4582557418039052
6391,0.4582557418018551,0.4582557418039039
6392,0.4582557418018538,0.4582557418039025
6393,0.45825574180185263,0.45825574180390116
6394,0.4582557418018513,0.4582557418038998
6395,0.45825574180185,0.4582557418038984
6396,0.4582557418018489,0.458255741803897
6397,0.4582557418018476,0.45825574180389567
6398,0.4582557418018463,0.45825574180389433
6399,0.45825574180184514,0.458255741803893
6400,0.4582557418018439,0.45825574180389167
6401,0.4582557418018427,0.45825574180389034
6402,0.4582557418018415,0.458255741803889
6403,0.4582557418018402,0.45825574180388773
6404,0.45825574180183903,0.4582557418038864
6405,0.45825574180183787,0.45825574180388506
6406,0.45825574180183665,0.45825574180388373
6407,0.4582557418018355,0.45825574180388245
6408,0.4582557418018343,0.4582557418038811
6409,0.45825574180183304,0.4582557418038799
6410,0.4582557418018319,0.4582557418038786
6411,0.4582557418018307,0.4582557418038773
6412,0.45825574180182954,0.45825574180387607
6413,0.4582557418018284,0.4582557418038748
6414,0.45825574180182715,0.4582557418038735
6415,0.45825574180182604,0.4582557418038723
6416,0.4582557418018249,0.45825574180387096
6417,0.45825574180182366,0.45825574180386974
6418,0.45825574180182255,0.4582557418038685
6419,0.45825574180182144,0.45825574180386724
6420,0.45825574180182027,0.4582557418038659
6421,0.4582557418018191,0.45825574180386475
6422,0.458255741801818,0.45825574180386347
6423,0.45825574180181683,0.45825574180386225
6424,0.4582557418018157,0.4582557418038611
6425,0.4582557418018145,0.4582557418038598
6426,0.45825574180181355,0.4582557418038586
6427,0.45825574180181233,0.4582557418038574
6428,0.4582557418018113,0.4582557418038562
6429,0.45825574180181017,0.458255741803855
6430,0.45825574180180906,0.45825574180385376
6431,0.458255741801808,0.4582557418038526
6432,0.45825574180180684,0.45825574180385137
6433,0.4582557418018057,0.4582557418038502
6434,0.4582557418018047,0.458255741803849
6435,0.45825574180180356,0.45825574180384776
6436,0.45825574180180245,0.45825574180384665
6437,0.45825574180180134,0.4582557418038455
6438,0.4582557418018003,0.4582557418038444
6439,0.4582557418017993,0.45825574180384315
6440,0.4582557418017982,0.45825574180384204
6441,0.4582557418017971,0.4582557418038409
6442,0.458255741801796,0.4582557418038397
6443,0.45825574180179496,0.45825574180383855
6444,0.45825574180179396,0.45825574180383744
6445,0.4582557418017929,0.45825574180383627
6446,0.45825574180179185,0.45825574180383505
6447,0.45825574180179085,0.458255741803834
6448,0.4582557418017898,0.45825574180383283
6449,0.45825574180178874,0.4582557418038317
6450,0.45825574180178774,0.4582557418038306
6451,0.4582557418017867,0.4582557418038295
6452,0.45825574180178563,0.45825574180382833
6453,0.4582557418017846,0.4582557418038273
6454,0.4582557418017836,0.45825574180382617
6455,0.4582557418017826,0.45825574180382506
6456,0.4582557418017815,0.4582557418038239
6457,0.4582557418017806,0.4582557418038229
6458,0.4582557418017796,0.4582557418038218
6459,0.4582557418017785,0.45825574180382067
6460,0.4582557418017776,0.45825574180381956
6461,0.45825574180177664,0.4582557418038185
6462,0.45825574180177564,0.45825574180381745
6463,0.45825574180177453,0.45825574180381634
6464,0.4582557418017736,0.45825574180381534
6465,0.45825574180177264,0.4582557418038143
6466,0.4582557418017716,0.4582557418038131
6467,0.4582557418017707,0.4582557418038122
6468,0.45825574180176976,0.4582557418038111
6469,0.45825574180176876,0.45825574180381007
6470,0.4582557418017678,0.45825574180380896
6471,0.4582557418017668,0.4582557418038079
6472,0.4582557418017658,0.45825574180380685
6473,0.458255741801765,0.45825574180380574
6474,0.458255741801764,0.4582557418038048
6475,0.45825574180176304,0.4582557418038037
6476,0.45825574180176204,0.4582557418038028
6477,0.45825574180176115,0.4582557418038017
6478,0.45825574180176015,0.45825574180380063
6479,0.4582557418017592,0.4582557418037997
6480,0.4582557418017583,0.4582557418037987
6481,0.4582557418017574,0.45825574180379763
6482,0.4582557418017565,0.45825574180379663
6483,0.45825574180175555,0.4582557418037957
6484,0.45825574180175466,0.4582557418037947
6485,0.4582557418017537,0.4582557418037937
6486,0.4582557418017528,0.4582557418037926
6487,0.4582557418017518,0.4582557418037916
6488,0.458255741801751,0.45825574180379075
6489,0.4582557418017501,0.45825574180378975
6490,0.45825574180174916,0.45825574180378875
6491,0.4582557418017483,0.45825574180378775
6492,0.4582557418017474,0.4582557418037868
6493,0.45825574180174644,0.45825574180378587
6494,0.4582557418017456,0.45825574180378487
6495,0.4582557418017448,0.4582557418037839
6496,0.4582557418017439,0.4582557418037829
6497,0.45825574180174294,0.4582557418037819
6498,0.45825574180174217,0.45825574180378104
6499,0.4582557418017412,0.45825574180378004
6500,0.45825574180174034,0.4582557418037792
6501,0.4582557418017395,0.4582557418037782
6502,0.45825574180173867,0.4582557418037772
6503,0.4582557418017377,0.45825574180377626
6504,0.4582557418017369,0.4582557418037754
6505,0.45825574180173595,0.4582557418037745
6506,0.45825574180173523,0.4582557418037736
6507,0.4582557418017343,0.45825574180377265
6508,0.45825574180173356,0.4582557418037716
6509,0.4582557418017327,0.45825574180377077
6510,0.4582557418017318,0.4582557418037698
6511,0.45825574180173095,0.45825574180376893
6512,0.4582557418017301,0.45825574180376805
6513,0.4582557418017293,0.4582557418037671
6514,0.4582557418017285,0.4582557418037663
6515,0.4582557418017276,0.4582557418037653
6516,0.45825574180172685,0.45825574180376444
6517,0.45825574180172607,0.4582557418037636
6518,0.4582557418017252,0.45825574180376266
6519,0.4582557418017243,0.45825574180376183
6520,0.45825574180172357,0.45825574180376094
6521,0.4582557418017228,0.4582557418037601
6522,0.4582557418017219,0.4582557418037591
6523,0.4582557418017212,0.4582557418037583
6524,0.45825574180172035,0.45825574180375744
6525,0.4582557418017196,0.45825574180375656
6526,0.4582557418017188,0.45825574180375567
6527,0.45825574180171796,0.45825574180375483
6528,0.4582557418017172,0.45825574180375395
6529,0.4582557418017164,0.4582557418037531
6530,0.4582557418017156,0.4582557418037523
6531,0.4582557418017148,0.45825574180375134
6532,0.458255741801714,0.45825574180375056
6533,0.45825574180171325,0.45825574180374967
6534,0.4582557418017125,0.4582557418037488
6535,0.4582557418017117,0.45825574180374806
6536,0.45825574180171097,0.4582557418037472
6537,0.4582557418017102,0.45825574180374634
6538,0.4582557418017094,0.4582557418037455
6539,0.4582557418017087,0.45825574180374473
6540,0.45825574180170786,0.45825574180374373
6541,0.4582557418017071,0.45825574180374307
6542,0.4582557418017064,0.4582557418037422
6543,0.4582557418017057,0.4582557418037414
6544,0.4582557418017049,0.45825574180374057
6545,0.4582557418017042,0.4582557418037398
6546,0.4582557418017034,0.4582557418037389
6547,0.45825574180170264,0.4582557418037382
6548,0.4582557418017019,0.4582557418037374
6549,0.4582557418017012,0.45825574180373657
6550,0.4582557418017005,0.4582557418037358
6551,0.4582557418016997,0.458255741803735
6552,0.45825574180169903,0.4582557418037342
6553,0.4582557418016983,0.4582557418037334
6554,0.45825574180169754,0.45825574180373263
6555,0.45825574180169687,0.45825574180373185
6556,0.45825574180169615,0.4582557418037311
6557,0.4582557418016954,0.45825574180373024
6558,0.4582557418016947,0.45825574180372947
6559,0.45825574180169404,0.45825574180372874
6560,0.45825574180169326,0.4582557418037279
6561,0.4582557418016926,0.4582557418037272
6562,0.4582557418016919,0.4582557418037264
6563,0.4582557418016912,0.45825574180372564
6564,0.4582557418016905,0.4582557418037249
6565,0.4582557418016897,0.4582557418037242
6566,0.4582557418016891,0.45825574180372347
6567,0.4582557418016884,0.45825574180372264
6568,0.4582557418016877,0.45825574180372186
6569,0.458255741801687,0.45825574180372114
6570,0.4582557418016864,0.4582557418037204
6571,0.4582557418016856,0.4582557418037197
6572,0.45825574180168493,0.45825574180371886
6573,0.45825574180168427,0.4582557418037182
6574,0.4582557418016836,0.4582557418037175
6575,0.458255741801683,0.45825574180371675
6576,0.4582557418016823,0.45825574180371603
6577,0.45825574180168166,0.4582557418037153
6578,0.4582557418016809,0.45825574180371453
6579,0.4582557418016803,0.4582557418037138
6580,0.45825574180167966,0.4582557418037131
6581,0.45825574180167894,0.4582557418037125
6582,0.45825574180167833,0.4582557418037117
6583,0.45825574180167766,0.458255741803711
6584,0.45825574180167694,0.4582557418037103
6585,0.45825574180167633,0.4582557418037096
6586,0.45825574180167566,0.45825574180370887
6587,0.45825574180167505,0.45825574180370815
6588,0.4582557418016744,0.45825574180370743
6589,0.4582557418016738,0.45825574180370676
6590,0.45825574180167317,0.4582557418037061
6591,0.4582557418016725,0.4582557418037053
6592,0.45825574180167183,0.4582557418037047
6593,0.4582557418016712,0.458255741803704
6594,0.45825574180167056,0.4582557418037033
6595,0.45825574180166995,0.4582557418037026
6596,0.45825574180166934,0.458255741803702
6597,0.4582557418016687,0.4582557418037012
6598,0.4582557418016681,0.4582557418037006
6599,0.4582557418016675,0.45825574180369993
6600,0.4582557418016669,0.45825574180369927
6601,0.4582557418016662,0.4582557418036986
6602,0.4582557418016656,0.458255741803698
6603,0.45825574180166506,0.4582557418036972
6604,0.4582557418016644,0.4582557418036966
6605,0.45825574180166373,0.45825574180369594
6606,0.45825574180166323,0.45825574180369527
6607,0.4582557418016627,0.4582557418036946
6608,0.458255741801662,0.45825574180369394
6609,0.45825574180166134,0.4582557418036933
6610,0.45825574180166084,0.4582557418036927
6611,0.4582557418016602,0.45825574180369205
6612,0.4582557418016596,0.45825574180369133
6613,0.45825574180165907,0.4582557418036907
6614,0.4582557418016584,0.4582557418036901
6615,0.45825574180165785,0.45825574180368944
6616,0.45825574180165723,0.45825574180368883
6617,0.4582557418016567,0.4582557418036882
6618,0.45825574180165607,0.45825574180368756
6619,0.4582557418016555,0.45825574180368694
6620,0.45825574180165496,0.45825574180368633
6621,0.45825574180165435,0.45825574180368567
6622,0.45825574180165374,0.4582557418036851
6623,0.45825574180165324,0.45825574180368445
6624,0.4582557418016527,0.4582557418036839
6625,0.4582557418016521,0.4582557418036832
6626,0.4582557418016515,0.45825574180368256
6627,0.458255741801651,0.45825574180368206
6628,0.4582557418016504,0.4582557418036814
6629,0.45825574180164985,0.4582557418036808
6630,0.45825574180164924,0.4582557418036802
6631,0.4582557418016487,0.45825574180367956
6632,0.4582557418016482,0.458255741803679
6633,0.45825574180164763,0.4582557418036784
6634,0.45825574180164713,0.4582557418036778
6635,0.4582557418016466,0.4582557418036772
6636,0.45825574180164597,0.45825574180367656
6637,0.45825574180164547,0.45825574180367595
6638,0.4582557418016449,0.4582557418036754
6639,0.45825574180164436,0.45825574180367484
6640,0.45825574180164375,0.45825574180367423
6641,0.45825574180164325,0.4582557418036737
6642,0.4582557418016428,0.4582557418036731
6643,0.4582557418016422,0.45825574180367246
6644,0.4582557418016417,0.45825574180367196
6645,0.45825574180164114,0.45825574180367123
6646,0.45825574180164064,0.45825574180367074
6647,0.45825574180164014,0.45825574180367024
6648,0.45825574180163964,0.4582557418036696
6649,0.458255741801639,0.45825574180366907
6650,0.4582557418016385,0.4582557418036685
6651,0.45825574180163803,0.45825574180366796
6652,0.4582557418016376,0.45825574180366746
6653,0.45825574180163703,0.45825574180366685
6654,0.45825574180163653,0.4582557418036663
6655,0.458255741801636,0.4582557418036657
6656,0.45825574180163553,0.4582557418036652
6657,0.458255741801635,0.4582557418036646
6658,0.4582557418016345,0.4582557418036641
6659,0.458255741801634,0.45825574180366346
6660,0.4582557418016334,0.4582557418036629
6661,0.458255741801633,0.4582557418036624
6662,0.4582557418016325,0.45825574180366185
6663,0.458255741801632,0.45825574180366135
6664,0.4582557418016314,0.4582557418036608
6665,0.458255741801631,0.4582557418036603
6666,0.4582557418016304,0.45825574180365963
6667,0.45825574180163,0.45825574180365913
6668,0.4582557418016295,0.4582557418036587
6669,0.458255741801629,0.4582557418036581
6670,0.45825574180162854,0.4582557418036576
6671,0.4582557418016281,0.4582557418036571
6672,0.45825574180162754,0.4582557418036566
6673,0.4582557418016271,0.45825574180365597
6674,0.45825574180162665,0.45825574180365547
6675,0.4582557418016261,0.458255741803655
6676,0.4582557418016256,0.45825574180365447
6677,0.45825574180162515,0.45825574180365397
6678,0.45825574180162476,0.4582557418036534
6679,0.45825574180162426,0.45825574180365297
6680,0.45825574180162376,0.45825574180365236
6681,0.45825574180162326,0.45825574180365186
6682,0.4582557418016229,0.45825574180365136
6683,0.4582557418016223,0.4582557418036509
6684,0.45825574180162193,0.45825574180365036
6685,0.4582557418016215,0.4582557418036498
6686,0.45825574180162093,0.4582557418036494
6687,0.4582557418016205,0.4582557418036489
6688,0.45825574180162004,0.4582557418036484
6689,0.4582557418016196,0.4582557418036479
6690,0.45825574180161915,0.4582557418036474
6691,0.4582557418016187,0.4582557418036469
6692,0.45825574180161827,0.4582557418036464
6693,0.4582557418016179,0.458255741803646
6694,0.4582557418016174,0.4582557418036455
6695,0.45825574180161693,0.4582557418036449
6696,0.4582557418016165,0.4582557418036445
6697,0.45825574180161605,0.458255741803644
6698,0.4582557418016156,0.45825574180364353
6699,0.45825574180161516,0.458255741803643
6700,0.4582557418016147,0.4582557418036426
6701,0.45825574180161427,0.45825574180364215
6702,0.4582557418016138,0.4582557418036416
6703,0.4582557418016134,0.4582557418036411
6704,0.45825574180161294,0.45825574180364065
6705,0.4582557418016125,0.4582557418036402
6706,0.4582557418016121,0.45825574180363976
6707,0.45825574180161166,0.4582557418036392
6708,0.4582557418016113,0.4582557418036388
6709,0.4582557418016109,0.4582557418036384
6710,0.45825574180161033,0.4582557418036378
6711,0.45825574180161005,0.4582557418036375
6712,0.45825574180160955,0.458255741803637
6713,0.45825574180160916,0.45825574180363654
6714,0.45825574180160866,0.4582557418036361
6715,0.45825574180160833,0.45825574180363565
6716,0.45825574180160794,0.45825574180363515
6717,0.45825574180160744,0.4582557418036347
6718,0.4582557418016071,0.45825574180363426
6719,0.45825574180160666,0.4582557418036338
6720,0.4582557418016063,0.4582557418036334
6721,0.4582557418016059,0.45825574180363293
6722,0.45825574180160544,0.45825574180363243
6723,0.45825574180160517,0.4582557418036321
6724,0.4582557418016046,0.45825574180363166
6725,0.4582557418016042,0.45825574180363116
6726,0.4582557418016038,0.45825574180363077
6727,0.45825574180160344,0.45825574180363027
6728,0.4582557418016031,0.4582557418036299
6729,0.4582557418016026,0.4582557418036295
6730,0.4582557418016023,0.458255741803629
6731,0.4582557418016018,0.45825574180362866
6732,0.45825574180160145,0.45825574180362816
6733,0.4582557418016011,0.45825574180362777
6734,0.4582557418016007,0.4582557418036273
6735,0.45825574180160034,0.4582557418036269
6736,0.45825574180159984,0.4582557418036265
6737,0.4582557418015995,0.45825574180362605
6738,0.4582557418015991,0.45825574180362566
6739,0.4582557418015987,0.4582557418036252
6740,0.45825574180159845,0.4582557418036248
6741,0.458255741801598,0.4582557418036243
6742,0.45825574180159756,0.458255741803624
6743,0.4582557418015971,0.4582557418036236
6744,0.4582557418015969,0.4582557418036231
6745,0.45825574180159645,0.4582557418036227
6746,0.4582557418015961,0.4582557418036223
6747,0.4582557418015957,0.45825574180362194
6748,0.4582557418015954,0.45825574180362155
6749,0.45825574180159506,0.4582557418036211
6750,0.4582557418015946,0.45825574180362066
6751,0.45825574180159423,0.4582557418036204
6752,0.45825574180159384,0.4582557418036199
6753,0.45825574180159345,0.4582557418036196
6754,0.4582557418015932,0.4582557418036191
6755,0.4582557418015928,0.4582557418036188
6756,0.4582557418015924,0.4582557418036184
6757,0.458255741801592,0.45825574180361794
6758,0.45825574180159173,0.4582557418036176
6759,0.45825574180159134,0.45825574180361717
6760,0.458255741801591,0.45825574180361683
6761,0.4582557418015906,0.45825574180361645
6762,0.4582557418015903,0.458255741803616
6763,0.45825574180158984,0.4582557418036157
6764,0.4582557418015895,0.4582557418036153
6765,0.45825574180158923,0.4582557418036149
6766,0.45825574180158896,0.4582557418036145
6767,0.4582557418015885,0.45825574180361417
6768,0.4582557418015882,0.4582557418036137
6769,0.45825574180158785,0.45825574180361334
6770,0.4582557418015875,0.458255741803613
6771,0.4582557418015872,0.4582557418036126
6772,0.45825574180158685,0.4582557418036122
6773,0.45825574180158646,0.45825574180361184
6774,0.4582557418015862,0.45825574180361145
6775,0.4582557418015858,0.4582557418036111
6776,0.4582557418015854,0.4582557418036108
6777,0.4582557418015851,0.4582557418036104
6778,0.4582557418015848,0.45825574180361006
6779,0.45825574180158446,0.4582557418036097
6780,0.45825574180158407,0.4582557418036093
6781,0.45825574180158385,0.45825574180360895
6782,0.45825574180158346,0.45825574180360856
6783,0.4582557418015832,0.45825574180360823
6784,0.45825574180158274,0.45825574180360784
6785,0.45825574180158246,0.4582557418036075
6786,0.4582557418015821,0.4582557418036072
6787,0.4582557418015818,0.45825574180360684
6788,0.4582557418015814,0.4582557418036065
6789,0.45825574180158113,0.4582557418036061
6790,0.4582557418015808,0.4582557418036058
6791,0.4582557418015805,0.4582557418036054
6792,0.4582557418015802,0.45825574180360507
6793,0.4582557418015799,0.4582557418036047
6794,0.4582557418015796,0.45825574180360434
6795,0.45825574180157924,0.45825574180360407
6796,0.4582557418015789,0.45825574180360373
6797,0.45825574180157863,0.4582557418036033
6798,0.4582557418015783,0.458255741803603
6799,0.458255741801578,0.4582557418036027
6800,0.45825574180157763,0.45825574180360235
6801,0.4582557418015774,0.458255741803602
6802,0.458255741801577,0.4582557418036017
6803,0.4582557418015768,0.45825574180360135
6804,0.4582557418015765,0.45825574180360096
6805,0.45825574180157613,0.45825574180360074
6806,0.4582557418015759,0.45825574180360035
6807,0.4582557418015756,0.4582557418036
6808,0.4582557418015753,0.4582557418035997
6809,0.45825574180157497,0.45825574180359935
6810,0.4582557418015747,0.458255741803599
6811,0.45825574180157436,0.45825574180359874
6812,0.458255741801574,0.4582557418035983
6813,0.4582557418015737,0.458255741803598
6814,0.45825574180157347,0.4582557418035977
6815,0.4582557418015732,0.4582557418035974
6816,0.4582557418015729,0.45825574180359707
6817,0.4582557418015725,0.4582557418035968
6818,0.4582557418015722,0.45825574180359646
6819,0.45825574180157197,0.4582557418035962
6820,0.45825574180157164,0.45825574180359585
6821,0.4582557418015714,0.45825574180359546
6822,0.4582557418015711,0.4582557418035952
6823,0.45825574180157086,0.4582557418035949
6824,0.4582557418015705,0.45825574180359463
6825,0.45825574180157025,0.45825574180359424
6826,0.45825574180156997,0.4582557418035939
6827,0.45825574180156964,0.4582557418035936
6828,0.45825574180156936,0.45825574180359335
6829,0.45825574180156914,0.458255741803593
6830,0.45825574180156886,0.4582557418035927
6831,0.4582557418015686,0.45825574180359246
6832,0.45825574180156825,0.458255741803592
6833,0.45825574180156803,0.4582557418035918
6834,0.4582557418015677,0.45825574180359147
6835,0.45825574180156753,0.45825574180359124
6836,0.4582557418015672,0.4582557418035909
6837,0.45825574180156686,0.45825574180359063
6838,0.4582557418015666,0.4582557418035903
6839,0.45825574180156636,0.4582557418035901
6840,0.45825574180156603,0.4582557418035897
6841,0.45825574180156586,0.45825574180358947
6842,0.45825574180156553,0.45825574180358913
6843,0.45825574180156525,0.45825574180358886
6844,0.458255741801565,0.4582557418035885
6845,0.45825574180156475,0.45825574180358825
6846,0.4582557418015645,0.4582557418035881
6847,0.45825574180156425,0.4582557418035877
6848,0.4582557418015639,0.4582557418035874
6849,0.4582557418015637,0.4582557418035871
6850,0.4582557418015634,0.4582557418035868
6851,0.4582557418015632,0.4582557418035865
6852,0.458255741801563,0.4582557418035863
6853,0.45825574180156264,0.45825574180358597
6854,0.4582557418015624,0.4582557418035857
6855,0.45825574180156214,0.45825574180358547
6856,0.4582557418015619,0.4582557418035852
6857,0.45825574180156164,0.4582557418035848
6858,0.4582557418015614,0.45825574180358464
6859,0.4582557418015611,0.4582557418035843
6860,0.45825574180156087,0.4582557418035841
6861,0.4582557418015606,0.45825574180358375
6862,0.45825574180156037,0.4582557418035834
6863,0.4582557418015601,0.45825574180358325
6864,0.45825574180155987,0.45825574180358297
6865,0.4582557418015596,0.4582557418035827
6866,0.45825574180155937,0.4582557418035825
6867,0.4582557418015591,0.45825574180358203
6868,0.45825574180155887,0.45825574180358186
6869,0.45825574180155865,0.4582557418035816
6870,0.4582557418015583,0.4582557418035813
6871,0.4582557418015582,0.4582557418035811
6872,0.4582557418015579,0.45825574180358075
6873,0.45825574180155765,0.4582557418035805
6874,0.45825574180155737,0.4582557418035803
6875,0.45825574180155715,0.45825574180358003
6876,0.4582557418015569,0.45825574180357975
6877,0.45825574180155665,0.45825574180357953
6878,0.4582557418015564,0.45825574180357925
6879,0.45825574180155626,0.458255741803579
6880,0.45825574180155604,0.4582557418035787
6881,0.45825574180155565,0.4582557418035785
6882,0.45825574180155554,0.4582557418035782
6883,0.45825574180155526,0.458255741803578
6884,0.45825574180155504,0.45825574180357775
6885,0.45825574180155476,0.4582557418035775
6886,0.45825574180155465,0.4582557418035772
6887,0.45825574180155443,0.458255741803577
6888,0.4582557418015541,0.45825574180357675
6889,0.4582557418015538,0.4582557418035765
6890,0.4582557418015537,0.45825574180357626
6891,0.4582557418015535,0.45825574180357587
6892,0.45825574180155326,0.4582557418035757
6893,0.458255741801553,0.4582557418035755
6894,0.4582557418015527,0.45825574180357526
6895,0.4582557418015526,0.4582557418035751
6896,0.45825574180155226,0.45825574180357465
6897,0.4582557418015521,0.4582557418035745
6898,0.4582557418015518,0.45825574180357426
6899,0.4582557418015516,0.45825574180357403
6900,0.45825574180155143,0.4582557418035738
6901,0.4582557418015512,0.45825574180357354
6902,0.45825574180155093,0.4582557418035733
6903,0.4582557418015507,0.4582557418035731
6904,0.4582557418015506,0.45825574180357287
6905,0.45825574180155026,0.4582557418035726
6906,0.4582557418015501,0.45825574180357237
6907,0.4582557418015499,0.45825574180357215
6908,0.4582557418015497,0.4582557418035719
6909,0.4582557418015495,0.45825574180357165
6910,0.4582557418015492,0.4582557418035714
6911,0.45825574180154893,0.45825574180357126
6912,0.4582557418015489,0.458255741803571
6913,0.45825574180154866,0.45825574180357076
6914,0.45825574180154843,0.4582557418035705
6915,0.4582557418015482,0.4582557418035703
6916,0.45825574180154793,0.45825574180357004
6917,0.45825574180154777,0.4582557418035698
6918,0.4582557418015475,0.4582557418035696
6919,0.4582557418015474,0.45825574180356937
6920,0.45825574180154716,0.4582557418035692
6921,0.458255741801547,0.4582557418035689
6922,0.45825574180154677,0.45825574180356876
6923,0.45825574180154655,0.4582557418035685
6924,0.4582557418015464,0.4582557418035683
6925,0.4582557418015461,0.458255741803568
6926,0.458255741801546,0.4582557418035679
6927,0.4582557418015457,0.45825574180356754
6928,0.45825574180154555,0.45825574180356743
6929,0.4582557418015454,0.45825574180356715
6930,0.45825574180154516,0.4582557418035669
6931,0.45825574180154494,0.45825574180356676
6932,0.45825574180154477,0.45825574180356654
6933,0.45825574180154455,0.4582557418035664
6934,0.4582557418015444,0.45825574180356604
6935,0.4582557418015441,0.4582557418035659
6936,0.45825574180154394,0.45825574180356565
6937,0.4582557418015437,0.4582557418035654
6938,0.45825574180154355,0.4582557418035652
6939,0.4582557418015434,0.45825574180356504
6940,0.4582557418015432,0.45825574180356476
6941,0.458255741801543,0.4582557418035646
6942,0.45825574180154277,0.45825574180356443
6943,0.4582557418015426,0.45825574180356426
6944,0.45825574180154244,0.45825574180356393
6945,0.4582557418015422,0.4582557418035638
6946,0.45825574180154205,0.45825574180356354
6947,0.4582557418015418,0.45825574180356343
6948,0.45825574180154166,0.4582557418035632
6949,0.45825574180154144,0.458255741803563
6950,0.45825574180154127,0.4582557418035628
6951,0.45825574180154105,0.45825574180356266
6952,0.45825574180154094,0.4582557418035623
6953,0.4582557418015408,0.4582557418035622
6954,0.45825574180154055,0.45825574180356193
6955,0.4582557418015404,0.45825574180356177
6956,0.45825574180154016,0.4582557418035616
6957,0.45825574180153994,0.45825574180356143
6958,0.4582557418015398,0.4582557418035612
6959,0.45825574180153966,0.458255741803561
6960,0.45825574180153944,0.4582557418035608
6961,0.45825574180153933,0.4582557418035606
6962,0.4582557418015391,0.45825574180356043
6963,0.458255741801539,0.4582557418035602
6964,0.4582557418015388,0.45825574180356
6965,0.45825574180153855,0.45825574180355977
6966,0.45825574180153833,0.45825574180355966
6967,0.4582557418015382,0.4582557418035595
6968,0.4582557418015381,0.4582557418035592
6969,0.4582557418015379,0.45825574180355905
6970,0.4582557418015377,0.45825574180355894
6971,0.4582557418015375,0.45825574180355877
6972,0.4582557418015374,0.4582557418035585
6973,0.4582557418015373,0.4582557418035583
6974,0.45825574180153694,0.45825574180355816
6975,0.45825574180153683,0.458255741803558
6976,0.4582557418015367,0.45825574180355777
6977,0.4582557418015365,0.4582557418035576
6978,0.4582557418015363,0.4582557418035573
6979,0.4582557418015362,0.4582557418035572
6980,0.45825574180153594,0.45825574180355694
6981,0.45825574180153583,0.4582557418035568
6982,0.45825574180153567,0.45825574180355666
6983,0.45825574180153555,0.4582557418035565
6984,0.4582557418015353,0.4582557418035563
6985,0.4582557418015352,0.4582557418035562
6986,0.458255741801535,0.45825574180355594
6987,0.4582557418015349,0.4582557418035557
6988,0.45825574180153467,0.45825574180355555
6989,0.4582557418015345,0.45825574180355544
6990,0.45825574180153444,0.45825574180355527
6991,0.45825574180153417,0.4582557418035551
6992,0.458255741801534,0.45825574180355494
6993,0.45825574180153383,0.4582557418035547
6994,0.4582557418015337,0.4582557418035546
6995,0.45825574180153356,0.45825574180355444
6996,0.45825574180153344,0.45825574180355416
6997,0.45825574180153317,0.45825574180355405
6998,0.45825574180153317,0.45825574180355383
6999,0.4582557418015329,0.4582557418035538
7000,0.4582557418015328,0.45825574180355355
7001,0.4582557418015326,0.45825574180355333
7002,0.4582557418015324,0.45825574180355316
7003,0.4582557418015323,0.45825574180355305
7004,0.45825574180153217,0.4582557418035528
7005,0.458255741801532,0.4582557418035527
7006,0.45825574180153184,0.4582557418035525
7007,0.45825574180153167,0.4582557418035523
7008,0.45825574180153156,0.4582557418035522
7009,0.45825574180153134,0.45825574180355205
7010,0.4582557418015312,0.4582557418035519
7011,0.45825574180153117,0.4582557418035517
7012,0.4582557418015309,0.4582557418035515
7013,0.4582557418015308,0.45825574180355133
7014,0.45825574180153067,0.45825574180355116
7015,0.45825574180153045,0.458255741803551
7016,0.4582557418015303,0.458255741803551
7017,0.45825574180153017,0.4582557418035507
7018,0.45825574180152995,0.45825574180355055
7019,0.45825574180152984,0.45825574180355033
7020,0.4582557418015298,0.4582557418035503
7021,0.4582557418015296,0.4582557418035501
7022,0.4582557418015295,0.4582557418035499
7023,0.4582557418015293,0.45825574180354967
7024,0.45825574180152917,0.4582557418035496
7025,0.45825574180152906,0.45825574180354944
7026,0.45825574180152884,0.4582557418035493
7027,0.45825574180152884,0.45825574180354917
7028,0.45825574180152856,0.458255741803549
7029,0.4582557418015284,0.45825574180354883
7030,0.45825574180152834,0.45825574180354867
7031,0.45825574180152817,0.4582557418035485
7032,0.45825574180152806,0.45825574180354833
7033,0.4582557418015279,0.45825574180354817
7034,0.4582557418015278,0.4582557418035481
7035,0.4582557418015276,0.45825574180354794
7036,0.4582557418015275,0.45825574180354783
7037,0.45825574180152734,0.45825574180354756
7038,0.45825574180152717,0.45825574180354745
7039,0.45825574180152706,0.4582557418035473
7040,0.45825574180152695,0.45825574180354717
7041,0.45825574180152673,0.458255741803547
7042,0.4582557418015267,0.4582557418035469
7043,0.45825574180152645,0.45825574180354667
7044,0.4582557418015264,0.45825574180354656
7045,0.4582557418015263,0.4582557418035464
7046,0.4582557418015262,0.4582557418035463
7047,0.45825574180152595,0.4582557418035462
7048,0.45825574180152584,0.45825574180354595
7049,0.4582557418015257,0.45825574180354584
7050,0.4582557418015256,0.4582557418035457
7051,0.4582557418015254,0.45825574180354556
7052,0.45825574180152534,0.4582557418035454
7053,0.4582557418015252,0.4582557418035453
7054,0.45825574180152506,0.45825574180354517
7055,0.4582557418015249,0.45825574180354506
7056,0.45825574180152484,0.4582557418035449
7057,0.4582557418015247,0.4582557418035448
7058,0.4582557418015246,0.45825574180354456
7059,0.4582557418015244,0.4582557418035444
7060,0.45825574180152434,0.45825574180354434
7061,0.4582557418015242,0.45825574180354417
7062,0.45825574180152406,0.458255741803544
7063,0.45825574180152395,0.4582557418035439
7064,0.4582557418015238,0.4582557418035437
7065,0.45825574180152373,0.45825574180354356
7066,0.4582557418015235,0.45825574180354345
7067,0.45825574180152334,0.45825574180354334
7068,0.4582557418015233,0.4582557418035432
7069,0.4582557418015232,0.4582557418035431
7070,0.458255741801523,0.4582557418035429
7071,0.4582557418015229,0.4582557418035428
7072,0.4582557418015228,0.4582557418035426
7073,0.4582557418015226,0.45825574180354256
7074,0.4582557418015225,0.4582557418035424
7075,0.45825574180152245,0.4582557418035423
7076,0.45825574180152234,0.4582557418035421
7077,0.45825574180152223,0.458255741803542
7078,0.45825574180152207,0.45825574180354184
7079,0.4582557418015219,0.45825574180354184
7080,0.45825574180152184,0.4582557418035417
7081,0.4582557418015218,0.4582557418035415
7082,0.45825574180152157,0.45825574180354134
7083,0.45825574180152157,0.4582557418035413
7084,0.45825574180152134,0.45825574180354106
7085,0.4582557418015213,0.45825574180354095
7086,0.4582557418015211,0.45825574180354084
7087,0.45825574180152095,0.45825574180354073
7088,0.45825574180152084,0.45825574180354056
7089,0.4582557418015208,0.4582557418035405
7090,0.4582557418015207,0.4582557418035404
7091,0.45825574180152057,0.45825574180354023
7092,0.4582557418015204,0.4582557418035401
7093,0.4582557418015203,0.45825574180354006
7094,0.45825574180152023,0.4582557418035398
7095,0.4582557418015201,0.45825574180353973
7096,0.45825574180152,0.45825574180353956
7097,0.4582557418015199,0.4582557418035395
7098,0.45825574180151973,0.45825574180353934
7099,0.4582557418015196,0.4582557418035393
7100,0.4582557418015195,0.4582557418035391
7101,0.45825574180151935,0.458255741803539
7102,0.45825574180151935,0.45825574180353895
7103,0.45825574180151923,0.45825574180353884
7104,0.4582557418015191,0.4582557418035386
7105,0.458255741801519,0.45825574180353856
7106,0.4582557418015188,0.45825574180353845
7107,0.45825574180151873,0.45825574180353823
7108,0.4582557418015186,0.4582557418035382
7109,0.45825574180151857,0.4582557418035381
7110,0.4582557418015184,0.458255741803538
7111,0.45825574180151835,0.45825574180353784
7112,0.45825574180151823,0.4582557418035377
7113,0.45825574180151807,0.4582557418035376
7114,0.45825574180151807,0.45825574180353756
7115,0.4582557418015179,0.45825574180353734
7116,0.4582557418015179,0.4582557418035373
7117,0.4582557418015177,0.4582557418035372
7118,0.4582557418015176,0.458255741803537
7119,0.4582557418015175,0.4582557418035369
7120,0.4582557418015174,0.4582557418035368
7121,0.4582557418015173,0.4582557418035367
7122,0.4582557418015171,0.4582557418035366
7123,0.45825574180151707,0.45825574180353645
7124,0.45825574180151696,0.4582557418035364
7125,0.4582557418015169,0.4582557418035363
7126,0.4582557418015168,0.4582557418035362
7127,0.4582557418015167,0.458255741803536
7128,0.4582557418015166,0.45825574180353595
7129,0.45825574180151646,0.4582557418035358
7130,0.4582557418015164,0.45825574180353573
7131,0.45825574180151624,0.4582557418035355
7132,0.4582557418015161,0.45825574180353545
7133,0.45825574180151596,0.4582557418035354
7134,0.458255741801516,0.4582557418035352
7135,0.4582557418015159,0.45825574180353523
7136,0.45825574180151585,0.458255741803535
7137,0.4582557418015157,0.4582557418035349
7138,0.4582557418015156,0.45825574180353484
7139,0.4582557418015154,0.45825574180353473
7140,0.4582557418015154,0.4582557418035346
7141,0.4582557418015153,0.4582557418035345
7142,0.4582557418015152,0.4582557418035344
7143,0.4582557418015151,0.45825574180353434
7144,0.458255741801515,0.45825574180353423
7145,0.45825574180151485,0.4582557418035341
7146,0.45825574180151485,0.45825574180353396
7147,0.45825574180151474,0.45825574180353396
7148,0.45825574180151457,0.45825574180353384
7149,0.4582557418015145,0.4582557418035337
7150,0.45825574180151446,0.4582557418035336
7151,0.45825574180151435,0.4582557418035334
7152,0.45825574180151424,0.4582557418035334
7153,0.4582557418015142,0.45825574180353323
7154,0.458255741801514,0.4582557418035332
7155,0.45825574180151396,0.4582557418035331
7156,0.45825574180151385,0.458255741803533
7157,0.4582557418015138,0.4582557418035329
7158,0.45825574180151374,0.4582557418035328
7159,0.4582557418015137,0.4582557418035326
7160,0.4582557418015135,0.4582557418035326
7161,0.4582557418015134,0.45825574180353246
7162,0.45825574180151335,0.45825574180353246
7163,0.45825574180151324,0.4582557418035323
7164,0.45825574180151313,0.45825574180353223
7165,0.4582557418015131,0.45825574180353207
7166,0.45825574180151296,0.458255741803532
7167,0.45825574180151296,0.45825574180353185
7168,0.4582557418015128,0.45825574180353174
7169,0.45825574180151274,0.4582557418035318
7170,0.4582557418015127,0.45825574180353157
7171,0.45825574180151263,0.45825574180353146
7172,0.45825574180151246,0.4582557418035314
7173,0.45825574180151235,0.45825574180353135
7174,0.4582557418015123,0.4582557418035313
7175,0.45825574180151213,0.4582557418035312
7176,0.4582557418015121,0.45825574180353107
7177,0.458255741801512,0.45825574180353096
7178,0.45825574180151196,0.45825574180353085
7179,0.4582557418015118,0.45825574180353085
7180,0.4582557418015118,0.45825574180353074
7181,0.45825574180151163,0.45825574180353057
7182,0.4582557418015116,0.4582557418035305
7183,0.4582557418015115,0.4582557418035304
7184,0.4582557418015114,0.45825574180353035
7185,0.45825574180151135,0.4582557418035303
7186,0.4582557418015113,0.4582557418035302
7187,0.45825574180151124,0.45825574180353007
7188,0.4582557418015111,0.45825574180353
7189,0.458255741801511,0.4582557418035299
7190,0.4582557418015109,0.45825574180352985
7191,0.4582557418015109,0.4582557418035297
7192,0.45825574180151074,0.4582557418035296
7193,0.4582557418015107,0.45825574180352946
7194,0.45825574180151063,0.45825574180352946
7195,0.4582557418015106,0.4582557418035294
7196,0.4582557418015105,0.45825574180352935
7197,0.4582557418015104,0.45825574180352924
7198,0.4582557418015103,0.4582557418035291
7199,0.45825574180151024,0.458255741803529
7200,0.4582557418015101,0.4582557418035289
7201,0.45825574180151013,0.4582557418035288
7202,0.45825574180151,0.4582557418035288
7203,0.45825574180150985,0.4582557418035287
7204,0.45825574180150985,0.45825574180352857
7205,0.45825574180150974,0.45825574180352846
7206,0.4582557418015097,0.4582557418035284
7207,0.45825574180150963,0.45825574180352835
7208,0.4582557418015095,0.4582557418035283
7209,0.45825574180150946,0.4582557418035282
7210,0.4582557418015093,0.458255741803528
7211,0.45825574180150924,0.458255741803528
7212,0.45825574180150924,0.45825574180352796
7213,0.45825574180150913,0.45825574180352785
7214,0.4582557418015091,0.45825574180352774
7215,0.458255741801509,0.4582557418035277
7216,0.4582557418015089,0.45825574180352757
7217,0.4582557418015088,0.4582557418035275
7218,0.45825574180150874,0.45825574180352746
7219,0.4582557418015087,0.4582557418035274
7220,0.45825574180150863,0.4582557418035273
7221,0.4582557418015086,0.45825574180352713
7222,0.4582557418015085,0.45825574180352713
7223,0.4582557418015084,0.458255741803527
7224,0.4582557418015083,0.45825574180352696
7225,0.45825574180150824,0.45825574180352685
7226,0.45825574180150824,0.4582557418035268
7227,0.45825574180150813,0.4582557418035267
7228,0.45825574180150797,0.4582557418035267
7229,0.45825574180150797,0.45825574180352663
7230,0.4582557418015079,0.4582557418035266
7231,0.4582557418015079,0.4582557418035264
7232,0.4582557418015077,0.4582557418035263
7233,0.45825574180150763,0.45825574180352624
7234,0.45825574180150763,0.45825574180352613
7235,0.4582557418015075,0.4582557418035261
7236,0.45825574180150747,0.45825574180352596
7237,0.4582557418015074,0.458255741803526
7238,0.45825574180150735,0.4582557418035259
7239,0.45825574180150735,0.45825574180352585
7240,0.45825574180150713,0.4582557418035257
7241,0.4582557418015071,0.45825574180352563
7242,0.4582557418015071,0.4582557418035255
7243,0.458255741801507,0.45825574180352546
7244,0.45825574180150686,0.45825574180352535
7245,0.4582557418015069,0.4582557418035254
7246,0.45825574180150674,0.45825574180352524
7247,0.45825574180150674,0.4582557418035252
7248,0.4582557418015067,0.45825574180352513
7249,0.4582557418015066,0.4582557418035251
7250,0.4582557418015065,0.45825574180352496
7251,0.4582557418015064,0.4582557418035249
7252,0.45825574180150636,0.45825574180352496
7253,0.45825574180150636,0.4582557418035248
7254,0.4582557418015063,0.4582557418035247
7255,0.4582557418015062,0.4582557418035247
7256,0.4582557418015061,0.4582557418035246
7257,0.4582557418015061,0.4582557418035245
7258,0.4582557418015061,0.45825574180352446
7259,0.45825574180150597,0.4582557418035243
7260,0.45825574180150586,0.45825574180352424
7261,0.45825574180150574,0.4582557418035242
7262,0.4582557418015058,0.4582557418035242
7263,0.45825574180150563,0.4582557418035241
7264,0.4582557418015056,0.458255741803524
7265,0.4582557418015055,0.4582557418035239
7266,0.4582557418015055,0.45825574180352385
7267,0.45825574180150547,0.4582557418035238
7268,0.45825574180150536,0.4582557418035237
7269,0.4582557418015053,0.45825574180352363
7270,0.45825574180150525,0.4582557418035236
7271,0.4582557418015052,0.4582557418035235
7272,0.4582557418015051,0.45825574180352346
7273,0.4582557418015051,0.4582557418035234
7274,0.45825574180150497,0.4582557418035233
7275,0.4582557418015049,0.4582557418035233
7276,0.4582557418015049,0.45825574180352313
7277,0.4582557418015048,0.45825574180352313
7278,0.4582557418015048,0.458255741803523
7279,0.4582557418015047,0.4582557418035231
7280,0.4582557418015046,0.4582557418035229
7281,0.4582557418015045,0.4582557418035229
7282,0.45825574180150447,0.45825574180352274
7283,0.4582557418015045,0.45825574180352274
7284,0.45825574180150436,0.45825574180352263
7285,0.4582557418015043,0.45825574180352263
7286,0.4582557418015043,0.4582557418035226
7287,0.4582557418015042,0.4582557418035225
7288,0.45825574180150414,0.45825574180352247
7289,0.4582557418015041,0.45825574180352235
7290,0.458255741801504,0.4582557418035223
7291,0.458255741801504,0.4582557418035223
7292,0.45825574180150397,0.45825574180352213
7293,0.4582557418015039,0.4582557418035221
7294,0.4582557418015038,0.4582557418035221
7295,0.45825574180150375,0.458255741803522
7296,0.4582557418015037,0.4582557418035219
7297,0.45825574180150364,0.45825574180352185
7298,0.4582557418015036,0.4582557418035218
7299,0.4582557418015035,0.45825574180352174
7300,0.45825574180150347,0.45825574180352174
7301,0.45825574180150347,0.4582557418035215
7302,0.4582557418015034,0.45825574180352163
7303,0.4582557418015033,0.4582557418035215
7304,0.4582557418015033,0.45825574180352135
7305,0.45825574180150325,0.45825574180352135
7306,0.45825574180150314,0.45825574180352135
7307,0.4582557418015031,0.4582557418035212
7308,0.458255741801503,0.4582557418035212
7309,0.458255741801503,0.45825574180352113
7310,0.4582557418015029,0.4582557418035211
7311,0.45825574180150297,0.458255741803521
7312,0.4582557418015028,0.458255741803521
7313,0.4582557418015027,0.4582557418035209
7314,0.45825574180150275,0.4582557418035208
7315,0.4582557418015027,0.45825574180352086
7316,0.4582557418015026,0.45825574180352074
7317,0.4582557418015026,0.45825574180352063
7318,0.4582557418015025,0.45825574180352063
7319,0.4582557418015025,0.4582557418035205
7320,0.45825574180150236,0.45825574180352047
7321,0.4582557418015024,0.45825574180352036
7322,0.4582557418015023,0.4582557418035204
7323,0.4582557418015022,0.4582557418035203
7324,0.4582557418015022,0.4582557418035203
7325,0.45825574180150214,0.45825574180352024
7326,0.4582557418015021,0.45825574180352013
7327,0.45825574180150214,0.45825574180352013
7328,0.458255741801502,0.45825574180352
7329,0.45825574180150197,0.45825574180351997
7330,0.4582557418015019,0.45825574180351997
7331,0.4582557418015018,0.4582557418035199
7332,0.4582557418015018,0.45825574180351986
7333,0.4582557418015018,0.45825574180351974
7334,0.4582557418015017,0.4582557418035197
7335,0.4582557418015017,0.45825574180351974
7336,0.45825574180150164,0.4582557418035196
7337,0.4582557418015016,0.4582557418035195
7338,0.45825574180150147,0.45825574180351947
7339,0.4582557418015014,0.4582557418035194
7340,0.45825574180150136,0.45825574180351936
7341,0.45825574180150136,0.45825574180351936
7342,0.45825574180150136,0.4582557418035193
7343,0.45825574180150125,0.45825574180351936
7344,0.4582557418015012,0.4582557418035192
7345,0.4582557418015012,0.45825574180351913
7346,0.458255741801501,0.458255741803519
7347,0.458255741801501,0.4582557418035191
7348,0.45825574180150097,0.45825574180351897
7349,0.45825574180150097,0.45825574180351897
7350,0.4582557418015009,0.45825574180351886
7351,0.4582557418015009,0.45825574180351886
7352,0.4582557418015008,0.45825574180351886
7353,0.4582557418015008,0.4582557418035187
7354,0.45825574180150075,0.4582557418035187
7355,0.4582557418015006,0.45825574180351863
7356,0.4582557418015006,0.4582557418035185
7357,0.4582557418015006,0.4582557418035185
7358,0.45825574180150047,0.4582557418035185
7359,0.4582557418015005,0.4582557418035184
7360,0.45825574180150047,0.45825574180351836
7361,0.4582557418015004,0.45825574180351836
7362,0.45825574180150036,0.4582557418035183
7363,0.45825574180150036,0.4582557418035182
7364,0.45825574180150036,0.45825574180351814
7365,0.4582557418015002,0.4582557418035182
7366,0.45825574180150014,0.4582557418035181
7367,0.45825574180150014,0.45825574180351797
7368,0.45825574180150014,0.4582557418035181
7369,0.4582557418015001,0.45825574180351797
7370,0.4582557418015,0.4582557418035179
7371,0.45825574180149997,0.4582557418035179
7372,0.45825574180149997,0.45825574180351786
7373,0.45825574180149986,0.45825574180351775
7374,0.45825574180149986,0.45825574180351775
7375,0.45825574180149975,0.4582557418035177
7376,0.4582557418014997,0.4582557418035176
7377,0.45825574180149975,0.4582557418035175
7378,0.4582557418014996,0.4582557418035175
7379,0.4582557418014997,0.4582557418035174
7380,0.4582557418014996,0.45825574180351747
7381,0.4582557418014995,0.45825574180351736
7382,0.45825574180149947,0.45825574180351736
7383,0.4582557418014994,0.4582557418035173
7384,0.45825574180149936,0.45825574180351725
7385,0.4582557418014993,0.45825574180351725
7386,0.4582557418014993,0.4582557418035172
7387,0.4582557418014993,0.45825574180351714
7388,0.4582557418014992,0.458255741803517
7389,0.45825574180149914,0.45825574180351697
7390,0.45825574180149914,0.45825574180351697
7391,0.4582557418014991,0.45825574180351697
7392,0.4582557418014991,0.45825574180351686
7393,0.4582557418014991,0.45825574180351675
7394,0.458255741801499,0.4582557418035168
7395,0.45825574180149886,0.45825574180351675
7396,0.4582557418014989,0.45825574180351675
7397,0.45825574180149886,0.45825574180351664
7398,0.4582557418014988,0.45825574180351664
7399,0.45825574180149875,0.4582557418035166
7400,0.4582557418014987,0.4582557418035165
7401,0.45825574180149864,0.45825574180351647
7402,0.45825574180149864,0.45825574180351647
7403,0.4582557418014986,0.4582557418035164
7404,0.45825574180149853,0.4582557418035163
7405,0.45825574180149853,0.45825574180351636
7406,0.45825574180149853,0.4582557418035163
7407,0.4582557418014984,0.4582557418035162
7408,0.4582557418014984,0.4582557418035163
7409,0.45825574180149836,0.45825574180351614
7410,0.45825574180149836,0.458255741803516
7411,0.4582557418014983,0.458255741803516
7412,0.4582557418014983,0.458255741803516
7413,0.4582557418014982,0.45825574180351597
7414,0.4582557418014982,0.45825574180351597
7415,0.45825574180149814,0.4582557418035158
7416,0.4582557418014981,0.45825574180351586
7417,0.45825574180149814,0.45825574180351586
7418,0.4582557418014981,0.45825574180351575
7419,0.45825574180149803,0.4582557418035157
7420,0.4582557418014981,0.4582557418035157
7421,0.45825574180149786,0.4582557418035157
7422,0.4582557418014979,0.4582557418035156
7423,0.45825574180149786,0.4582557418035156
7424,0.45825574180149786,0.4582557418035155
7425,0.4582557418014978,0.4582557418035155
7426,0.45825574180149775,0.45825574180351547
7427,0.4582557418014977,0.45825574180351547
7428,0.4582557418014977,0.45825574180351536
7429,0.4582557418014976,0.45825574180351536
7430,0.4582557418014976,0.4582557418035153
7431,0.4582557418014976,0.45825574180351525
7432,0.4582557418014976,0.4582557418035153
7433,0.4582557418014975,0.4582557418035152
7434,0.45825574180149753,0.4582557418035151
7435,0.4582557418014974,0.4582557418035151
7436,0.4582557418014974,0.458255741803515
7437,0.4582557418014974,0.45825574180351497
7438,0.45825574180149736,0.45825574180351497
7439,0.4582557418014973,0.45825574180351497
7440,0.45825574180149725,0.45825574180351486
7441,0.4582557418014972,0.45825574180351486
7442,0.4582557418014972,0.45825574180351486
7443,0.45825574180149714,0.4582557418035148
7444,0.4582557418014971,0.45825574180351475
7445,0.4582557418014971,0.45825574180351475
7446,0.45825574180149703,0.4582557418035147
7447,0.4582557418014971,0.45825574180351464
7448,0.458255741801497,0.45825574180351464
7449,0.4582557418014969,0.4582557418035146
7450,0.4582557418014969,0.4582557418035146
7451,0.45825574180149686,0.4582557418035145
7452,0.45825574180149686,0.45825574180351447
7453,0.45825574180149675,0.45825574180351447
7454,0.4582557418014968,0.4582557418035144
7455,0.4582557418014968,0.45825574180351436
7456,0.4582557418014968,0.4582557418035143
7457,0.45825574180149675,0.4582557418035143
7458,0.45825574180149664,0.4582557418035143
7459,0.4582557418014966,0.45825574180351425
7460,0.45825574180149664,0.4582557418035142
7461,0.4582557418014966,0.45825574180351414
7462,0.4582557418014966,0.45825574180351414
7463,0.4582557418014964,0.4582557418035141
7464,0.4582557418014965,0.458255741803514
7465,0.4582557418014964,0.4582557418035141
7466,0.4582557418014965,0.45825574180351397
7467,0.4582557418014963,0.4582557418035139
7468,0.4582557418014963,0.4582557418035139
7469,0.45825574180149625,0.45825574180351386
7470,0.45825574180149636,0.45825574180351386
7471,0.45825574180149625,0.4582557418035138
7472,0.45825574180149625,0.45825574180351375
7473,0.4582557418014962,0.45825574180351375
7474,0.4582557418014962,0.4582557418035137
7475,0.4582557418014961,0.45825574180351375
7476,0.4582557418014961,0.45825574180351364
7477,0.45825574180149603,0.4582557418035136
7478,0.45825574180149603,0.4582557418035136
7479,0.45825574180149603,0.4582557418035135
7480,0.458255741801496,0.4582557418035136
7481,0.4582557418014959,0.4582557418035135
7482,0.45825574180149586,0.45825574180351347
7483,0.4582557418014958,0.45825574180351336
7484,0.45825574180149586,0.45825574180351336
7485,0.45825574180149586,0.4582557418035134
7486,0.45825574180149575,0.4582557418035133
7487,0.4582557418014958,0.4582557418035133
7488,0.4582557418014957,0.45825574180351325
7489,0.45825574180149575,0.45825574180351325
7490,0.4582557418014957,0.45825574180351314
7491,0.4582557418014957,0.45825574180351314
7492,0.45825574180149553,0.45825574180351314
7493,0.4582557418014956,0.4582557418035131
7494,0.4582557418014956,0.4582557418035131
7495,0.45825574180149553,0.45825574180351303
7496,0.45825574180149553,0.458255741803513
7497,0.4582557418014955,0.458255741803513
7498,0.4582557418014955,0.45825574180351303
7499,0.45825574180149536,0.4582557418035129
7500,0.45825574180149536,0.45825574180351286
7501,0.45825574180149536,0.45825574180351286
7502,0.4582557418014953,0.45825574180351275
7503,0.4582557418014953,0.45825574180351275
7504,0.45825574180149525,0.4582557418035128
7505,0.45825574180149525,0.4582557418035128
7506,0.4582557418014952,0.4582557418035127
7507,0.4582557418014952,0.45825574180351264
7508,0.4582557418014952,0.4582557418035127
7509,0.4582557418014951,0.45825574180351264
7510,0.45825574180149514,0.4582557418035126
7511,0.45825574180149503,0.4582557418035126
7512,0.45825574180149503,0.4582557418035126
7513,0.45825574180149503,0.4582557418035125
7514,0.4582557418014951,0.4582557418035125
7515,0.4582557418014949,0.4582557418035125
7516,0.458255741801495,0.45825574180351236
7517,0.4582557418014949,0.45825574180351236
7518,0.4582557418014949,0.45825574180351236
7519,0.45825574180149486,0.4582557418035123
7520,0.45825574180149486,0.4582557418035123
7521,0.45825574180149486,0.4582557418035123
7522,0.45825574180149486,0.4582557418035123
7523,0.4582557418014947,0.4582557418035122
7524,0.45825574180149475,0.45825574180351214
7525,0.4582557418014947,0.45825574180351214
7526,0.4582557418014947,0.4582557418035121
7527,0.45825574180149464,0.45825574180351214
7528,0.45825574180149464,0.4582557418035121
7529,0.4582557418014946,0.45825574180351203
7530,0.45825574180149453,0.458255741803512
7531,0.45825574180149453,0.458255741803512
7532,0.4582557418014945,0.458255741803512
7533,0.4582557418014945,0.458255741803512
7534,0.4582557418014945,0.4582557418035119
7535,0.4582557418014945,0.45825574180351186
7536,0.4582557418014945,0.45825574180351186
7537,0.4582557418014945,0.4582557418035118
7538,0.45825574180149437,0.45825574180351175
7539,0.45825574180149437,0.4582557418035118
7540,0.45825574180149437,0.45825574180351175
7541,0.4582557418014943,0.4582557418035117
7542,0.45825574180149425,0.4582557418035117
7543,0.45825574180149425,0.4582557418035117
7544,0.4582557418014942,0.45825574180351164
7545,0.45825574180149425,0.45825574180351164
7546,0.45825574180149414,0.4582557418035116
7547,0.4582557418014942,0.45825574180351153
7548,0.45825574180149414,0.45825574180351153
7549,0.4582557418014941,0.4582557418035114
7550,0.4582557418014941,0.4582557418035114
7551,0.45825574180149414,0.4582557418035114
7552,0.4582557418014941,0.4582557418035114
7553,0.458255741801494,0.4582557418035114
7554,0.45825574180149403,0.45825574180351136
7555,0.458255741801494,0.4582557418035113
7556,0.45825574180149387,0.45825574180351136
7557,0.4582557418014939,0.45825574180351125
7558,0.4582557418014939,0.45825574180351125
7559,0.4582557418014939,0.4582557418035112
7560,0.45825574180149387,0.4582557418035112
7561,0.4582557418014939,0.4582557418035112
7562,0.4582557418014938,0.45825574180351114
7563,0.45825574180149375,0.4582557418035111
7564,0.45825574180149375,0.45825574180351114
7565,0.45825574180149375,0.45825574180351114
7566,0.45825574180149375,0.4582557418035111
7567,0.4582557418014937,0.4582557418035111
7568,0.45825574180149364,0.45825574180351103
7569,0.45825574180149364,0.45825574180351103
7570,0.45825574180149364,0.45825574180351103
7571,0.4582557418014936,0.4582557418035109
7572,0.4582557418014936,0.4582557418035109
7573,0.45825574180149353,0.4582557418035109
7574,0.4582557418014936,0.45825574180351086
7575,0.4582557418014936,0.45825574180351086
7576,0.45825574180149353,0.45825574180351086
7577,0.4582557418014935,0.45825574180351075
7578,0.4582557418014936,0.4582557418035108
7579,0.4582557418014934,0.45825574180351075
7580,0.4582557418014934,0.45825574180351075
7581,0.45825574180149337,0.4582557418035107
7582,0.45825574180149337,0.4582557418035107
7583,0.4582557418014933,0.4582557418035107
7584,0.45825574180149337,0.4582557418035107
7585,0.4582557418014933,0.4582557418035106
7586,0.45825574180149325,0.4582557418035106
7587,0.45825574180149325,0.4582557418035106
7588,0.45825574180149325,0.45825574180351053
7589,0.45825574180149325,0.4582557418035106
7590,0.4582557418014932,0.45825574180351053
7591,0.4582557418014931,0.45825574180351053
7592,0.4582557418014931,0.45825574180351053
7593,0.4582557418014931,0.4582557418035105
7594,0.4582557418014931,0.4582557418035105
7595,0.4582557418014931,0.45825574180351036
7596,0.4582557418014931,0.45825574180351036
7597,0.45825574180149303,0.45825574180351036
7598,0.45825574180149303,0.45825574180351025
7599,0.45825574180149303,0.4582557418035103
7600,0.45825574180149303,0.4582557418035102
7601,0.458255741801493,0.45825574180351025
7602,0.458255741801493,0.45825574180351025
7603,0.4582557418014929,0.45825574180351025
7604,0.458255741801493,0.4582557418035102
7605,0.45825574180149287,0.4582557418035102
7606,0.45825574180149287,0.45825574180351014
7607,0.45825574180149287,0.4582557418035102
7608,0.4582557418014928,0.4582557418035101
7609,0.4582557418014928,0.45825574180351014
7610,0.4582557418014928,0.45825574180351003
7611,0.4582557418014928,0.45825574180351003
7612,0.45825574180149276,0.45825574180351003
7613,0.4582557418014927,0.45825574180351003
7614,0.4582557418014927,0.45825574180351003
7615,0.45825574180149276,0.4582557418035099
7616,0.4582557418014927,0.45825574180351
7617,0.4582557418014927,0.45825574180350986
7618,0.45825574180149264,0.45825574180351
7619,0.45825574180149264,0.4582557418035099
7620,0.45825574180149264,0.45825574180350986
7621,0.4582557418014926,0.45825574180350986
7622,0.4582557418014926,0.45825574180350986
7623,0.45825574180149253,0.4582557418035098
7624,0.45825574180149253,0.4582557418035098
7625,0.45825574180149253,0.45825574180350975
7626,0.4582557418014925,0.45825574180350975
7627,0.4582557418014924,0.4582557418035097
7628,0.4582557418014925,0.4582557418035097
7629,0.4582557418014925,0.4582557418035097
7630,0.45825574180149237,0.45825574180350975
7631,0.45825574180149237,0.4582557418035096
7632,0.4582557418014923,0.4582557418035097
7633,0.4582557418014925,0.4582557418035096
7634,0.45825574180149237,0.4582557418035096
7635,0.45825574180149237,0.4582557418035096
7636,0.4582557418014923,0.4582557418035095
7637,0.4582557418014923,0.45825574180350953
7638,0.4582557418014923,0.45825574180350953
7639,0.45825574180149237,0.45825574180350953
7640,0.4582557418014922,0.4582557418035094
7641,0.4582557418014922,0.4582557418035095
7642,0.45825574180149226,0.4582557418035094
7643,0.4582557418014922,0.4582557418035095
7644,0.4582557418014922,0.45825574180350936
7645,0.45825574180149214,0.45825574180350936
7646,0.4582557418014922,0.45825574180350936
7647,0.45825574180149214,0.45825574180350936
7648,0.45825574180149214,0.4582557418035093
7649,0.4582557418014921,0.45825574180350936
7650,0.45825574180149214,0.4582557418035093
7651,0.4582557418014921,0.4582557418035093
7652,0.45825574180149203,0.45825574180350925
7653,0.4582557418014921,0.45825574180350925
7654,0.45825574180149203,0.45825574180350925
7655,0.458255741801492,0.4582557418035092
7656,0.458255741801492,0.4582557418035092
7657,0.458255741801492,0.4582557418035092
7658,0.458255741801492,0.4582557418035092
7659,0.458255741801492,0.45825574180350914
7660,0.458255741801492,0.4582557418035091
7661,0.4582557418014919,0.45825574180350903
7662,0.4582557418014919,0.4582557418035091
7663,0.45825574180149187,0.4582557418035091
7664,0.45825574180149187,0.45825574180350903
7665,0.4582557418014918,0.45825574180350903
7666,0.4582557418014918,0.458255741803509
7667,0.4582557418014918,0.45825574180350903
7668,0.45825574180149176,0.4582557418035089
7669,0.4582557418014918,0.4582557418035089
7670,0.45825574180149176,0.458255741803509
7671,0.45825574180149176,0.4582557418035089
7672,0.4582557418014917,0.4582557418035089
7673,0.4582557418014917,0.45825574180350886
7674,0.45825574180149176,0.4582557418035088
7675,0.4582557418014917,0.45825574180350886
7676,0.45825574180149165,0.45825574180350886
7677,0.45825574180149165,0.45825574180350886
7678,0.4582557418014916,0.4582557418035088
7679,0.45825574180149165,0.45825574180350886
7680,0.45825574180149153,0.4582557418035088
7681,0.4582557418014916,0.4582557418035088
7682,0.4582557418014916,0.4582557418035087
7683,0.4582557418014916,0.4582557418035087
7684,0.4582557418014915,0.4582557418035087
7685,0.45825574180149153,0.4582557418035087
7686,0.4582557418014915,0.45825574180350864
7687,0.4582557418014915,0.4582557418035087
7688,0.45825574180149153,0.4582557418035087
7689,0.4582557418014915,0.4582557418035086
7690,0.4582557418014914,0.4582557418035086
7691,0.4582557418014915,0.45825574180350864
7692,0.4582557418014914,0.4582557418035086
7693,0.4582557418014915,0.45825574180350853
7694,0.4582557418014914,0.4582557418035086
7695,0.45825574180149137,0.45825574180350853
7696,0.45825574180149137,0.4582557418035086
7697,0.45825574180149137,0.45825574180350853
7698,0.45825574180149137,0.4582557418035085
7699,0.45825574180149137,0.4582557418035085
7700,0.45825574180149126,0.4582557418035085
7701,0.4582557418014913,0.4582557418035085
7702,0.45825574180149126,0.4582557418035085
7703,0.4582557418014913,0.4582557418035084
7704,0.45825574180149126,0.45825574180350837
7705,0.45825574180149126,0.45825574180350837
7706,0.45825574180149126,0.4582557418035083
7707,0.45825574180149126,0.4582557418035084
7708,0.4582557418014912,0.45825574180350837
7709,0.45825574180149126,0.4582557418035084
7710,0.45825574180149115,0.4582557418035083
7711,0.45825574180149115,0.45825574180350825
7712,0.45825574180149115,0.4582557418035082
7713,0.4582557418014911,0.45825574180350825
7714,0.45825574180149115,0.4582557418035083
7715,0.4582557418014911,0.45825574180350825
7716,0.45825574180149103,0.4582557418035083
7717,0.45825574180149103,0.4582557418035082
7718,0.4582557418014911,0.45825574180350814
7719,0.45825574180149103,0.45825574180350814
7720,0.4582557418014911,0.4582557418035082
7721,0.45825574180149103,0.4582557418035082
7722,0.45825574180149103,0.4582557418035081
7723,0.4582557418014909,0.4582557418035081
7724,0.458255741801491,0.4582557418035081
7725,0.458255741801491,0.4582557418035081
7726,0.458255741801491,0.4582557418035081
7727,0.458255741801491,0.45825574180350803
7728,0.45825574180149087,0.45825574180350803
7729,0.45825574180149087,0.458255741803508
7730,0.45825574180149087,0.4582557418035079
7731,0.45825574180149087,0.4582557418035079
7732,0.4582557418014908,0.45825574180350803
7733,0.45825574180149087,0.458255741803508
7734,0.4582557418014908,0.458255741803508
7735,0.45825574180149087,0.4582557418035079
7736,0.45825574180149087,0.458255741803508
7737,0.4582557418014908,0.4582557418035079
7738,0.4582557418014908,0.45825574180350787
7739,0.45825574180149087,0.45825574180350787
7740,0.4582557418014908,0.4582557418035078
7741,0.45825574180149076,0.45825574180350787
7742,0.45825574180149076,0.45825574180350775
7743,0.45825574180149076,0.4582557418035078
7744,0.45825574180149076,0.4582557418035078
7745,0.45825574180149076,0.45825574180350775
7746,0.4582557418014907,0.45825574180350775
7747,0.45825574180149065,0.4582557418035078
7748,0.4582557418014907,0.4582557418035078
7749,0.45825574180149065,0.4582557418035078
7750,0.45825574180149065,0.45825574180350775
7751,0.4582557418014907,0.45825574180350775
7752,0.45825574180149065,0.45825574180350775
7753,0.45825574180149065,0.4582557418035077
7754,0.45825574180149065,0.45825574180350764
7755,0.4582557418014906,0.45825574180350764
7756,0.45825574180149053,0.4582557418035077
7757,0.4582557418014906,0.45825574180350764
7758,0.45825574180149053,0.4582557418035077
7759,0.45825574180149053,0.4582557418035077
7760,0.45825574180149053,0.45825574180350764
7761,0.45825574180149053,0.4582557418035076
7762,0.45825574180149053,0.4582557418035076
7763,0.45825574180149053,0.4582557418035076
7764,0.45825574180149053,0.45825574180350753
7765,0.45825574180149053,0.45825574180350753
7766,0.4582557418014904,0.4582557418035076
7767,0.4582557418014905,0.45825574180350753
7768,0.4582557418014905,0.45825574180350753
7769,0.4582557418014904,0.4582557418035075
7770,0.4582557418014905,0.45825574180350753
7771,0.45825574180149037,0.45825574180350753
7772,0.4582557418014905,0.4582557418035074
7773,0.45825574180149037,0.4582557418035074
7774,0.45825574180149037,0.4582557418035074
7775,0.4582557418014904,0.4582557418035075
7776,0.45825574180149037,0.4582557418035074
7777,0.4582557418014903,0.4582557418035074
7778,0.4582557418014904,0.4582557418035074
7779,0.45825574180149026,0.4582557418035074
7780,0.45825574180149037,0.45825574180350737
7781,0.45825574180149037,0.45825574180350737
7782,0.45825574180149037,0.4582557418035074
7783,0.4582557418014903,0.45825574180350737
7784,0.45825574180149026,0.45825574180350737
7785,0.4582557418014903,0.45825574180350737
7786,0.45825574180149026,0.4582557418035073
7787,0.4582557418014902,0.4582557418035073
7788,0.45825574180149026,0.45825574180350725
7789,0.4582557418014902,0.4582557418035072
7790,0.45825574180149026,0.4582557418035073
7791,0.4582557418014902,0.45825574180350737
7792,0.4582557418014902,0.4582557418035072
7793,0.45825574180149015,0.45825574180350725
7794,0.4582557418014901,0.4582557418035073
7795,0.45825574180149015,0.4582557418035072
7796,0.45825574180149015,0.4582557418035072
7797,0.4582557418014901,0.45825574180350714
7798,0.4582557418014902,0.45825574180350714
7799,0.45825574180149015,0.45825574180350714
7800,0.45825574180149015,0.4582557418035071
7801,0.4582557418014901,0.4582557418035071
7802,0.4582557418014901,0.45825574180350714
7803,0.4582557418014901,0.45825574180350703
7804,0.4582557418014901,0.4582557418035071
7805,0.45825574180149,0.45825574180350714
7806,0.45825574180149004,0.45825574180350703
7807,0.4582557418014901,0.4582557418035071
7808,0.45825574180149004,0.45825574180350703
7809,0.45825574180149,0.45825574180350703
7810,0.45825574180149004,0.4582557418035071
7811,0.45825574180149,0.458255741803507
7812,0.45825574180149,0.45825574180350703
7813,0.45825574180149,0.458255741803507
7814,0.45825574180149,0.458255741803507
7815,0.45825574180148987,0.4582557418035069
7816,0.45825574180149,0.458255741803507
7817,0.4582557418014899,0.458255741803507
7818,0.45825574180149004,0.4582557418035069
7819,0.45825574180148987,0.4582557418035069
7820,0.4582557418014898,0.4582557418035069
7821,0.45825574180149,0.458255741803507
7822,0.4582557418014899,0.4582557418035069
7823,0.4582557418014899,0.458255741803507
7824,0.4582557418014899,0.45825574180350687
7825,0.45825574180148987,0.4582557418035069
7826,0.45825574180148987,0.4582557418035068
7827,0.4582557418014898,0.4582557418035068
7828,0.4582557418014898,0.45825574180350687
7829,0.4582557418014898,0.45825574180350687
7830,0.45825574180148976,0.4582557418035069
7831,0.4582557418014898,0.4582557418035068
7832,0.45825574180148987,0.45825574180350687
7833,0.45825574180148976,0.45825574180350687
7834,0.4582557418014898,0.4582557418035068
7835,0.4582557418014898,0.4582557418035068
7836,0.4582557418014898,0.4582557418035068
7837,0.45825574180148976,0.4582557418035068
7838,0.45825574180148976,0.45825574180350676
7839,0.45825574180148976,0.45825574180350676
7840,0.4582557418014897,0.4582557418035067
7841,0.4582557418014897,0.45825574180350676
7842,0.45825574180148976,0.4582557418035067
7843,0.4582557418014897,0.4582557418035067
7844,0.45825574180148965,0.45825574180350676
7845,0.4582557418014897,0.45825574180350664
7846,0.45825574180148965,0.45825574180350676
7847,0.4582557418014897,0.4582557418035067
7848,0.4582557418014897,0.4582557418035067
7849,0.45825574180148965,0.45825574180350664
7850,0.45825574180148965,0.45825574180350664
7851,0.45825574180148965,0.45825574180350664
7852,0.45825574180148954,0.4582557418035067
7853,0.4582557418014896,0.45825574180350664
7854,0.4582557418014896,0.45825574180350664
7855,0.4582557418014896,0.4582557418035066
7856,0.4582557418014896,0.4582557418035066
7857,0.4582557418014896,0.4582557418035066
7858,0.45825574180148954,0.45825574180350653
7859,0.4582557418014896,0.4582557418035066
7860,0.45825574180148954,0.4582557418035066
7861,0.4582557418014896,0.45825574180350653
7862,0.45825574180148965,0.45825574180350653
7863,0.45825574180148954,0.45825574180350653
7864,0.45825574180148954,0.4582557418035065
7865,0.4582557418014895,0.4582557418035065
7866,0.4582557418014896,0.45825574180350653
7867,0.45825574180148954,0.45825574180350653
7868,0.4582557418014895,0.45825574180350653
7869,0.45825574180148954,0.45825574180350637
7870,0.4582557418014895,0.4582557418035065
7871,0.4582557418014894,0.4582557418035065
7872,0.4582557418014895,0.4582557418035065
7873,0.4582557418014894,0.4582557418035064
7874,0.4582557418014895,0.4582557418035065
7875,0.4582557418014894,0.4582557418035065
7876,0.4582557418014894,0.4582557418035065
7877,0.4582557418014895,0.4582557418035064
7878,0.45825574180148937,0.4582557418035064
7879,0.4582557418014894,0.4582557418035064
7880,0.45825574180148937,0.4582557418035064
7881,0.4582557418014895,0.4582557418035063
7882,0.4582557418014893,0.4582557418035063
7883,0.4582557418014894,0.45825574180350637
7884,0.4582557418014893,0.45825574180350637
7885,0.4582557418014894,0.45825574180350637
7886,0.45825574180148937,0.4582557418035063
7887,0.45825574180148937,0.4582557418035063
7888,0.45825574180148937,0.4582557418035063
7889,0.45825574180148937,0.45825574180350637
7890,0.4582557418014893,0.45825574180350626
7891,0.45825574180148937,0.4582557418035063
7892,0.4582557418014893,0.45825574180350626
7893,0.4582557418014894,0.45825574180350626
7894,0.4582557418014893,0.45825574180350626
7895,0.4582557418014893,0.4582557418035063
7896,0.45825574180148926,0.45825574180350626
7897,0.4582557418014893,0.4582557418035062
7898,0.45825574180148926,0.4582557418035062
7899,0.4582557418014893,0.4582557418035063
7900,0.45825574180148926,0.4582557418035062
7901,0.45825574180148926,0.45825574180350626
7902,0.4582557418014892,0.4582557418035062
7903,0.4582557418014892,0.4582557418035062
7904,0.4582557418014893,0.45825574180350614
7905,0.45825574180148926,0.4582557418035062
7906,0.4582557418014892,0.45825574180350614
7907,0.45825574180148915,0.45825574180350614
7908,0.4582557418014892,0.45825574180350626
7909,0.4582557418014892,0.4582557418035062
7910,0.45825574180148915,0.4582557418035062
7911,0.45825574180148915,0.4582557418035062
7912,0.4582557418014892,0.4582557418035061
7913,0.45825574180148915,0.45825574180350614
7914,0.45825574180148915,0.4582557418035061
7915,0.45825574180148915,0.45825574180350614
7916,0.4582557418014892,0.4582557418035061
7917,0.4582557418014891,0.45825574180350614
7918,0.45825574180148915,0.4582557418035061
7919,0.4582557418014892,0.4582557418035061
7920,0.4582557418014891,0.45825574180350603
7921,0.45825574180148915,0.4582557418035061
7922,0.4582557418014891,0.4582557418035061
7923,0.45825574180148915,0.4582557418035061
7924,0.4582557418014891,0.4582557418035061
7925,0.45825574180148904,0.45825574180350603
7926,0.45825574180148904,0.45825574180350603
7927,0.4582557418014891,0.45825574180350603
7928,0.45825574180148904,0.458255741803506
7929,0.4582557418014891,0.4582557418035061
7930,0.45825574180148904,0.45825574180350603
7931,0.4582557418014891,0.458255741803506
7932,0.45825574180148904,0.45825574180350603
7933,0.45825574180148904,0.45825574180350603
7934,0.45825574180148904,0.4582557418035059
7935,0.458255741801489,0.458255741803506
7936,0.45825574180148904,0.458255741803506
7937,0.458255741801489,0.4582557418035059
7938,0.458255741801489,0.4582557418035059
7939,0.458255741801489,0.4582557418035059
7940,0.458255741801489,0.4582557418035059
7941,0.4582557418014889,0.45825574180350603
7942,0.458255741801489,0.458255741803506
7943,0.45825574180148904,0.4582557418035059
7944,0.458255741801489,0.4582557418035059
7945,0.458255741801489,0.45825574180350587
7946,0.4582557418014889,0.4582557418035059
7947,0.458255741801489,0.45825574180350587
7948,0.458255741801489,0.4582557418035059
7949,0.4582557418014889,0.45825574180350587
7950,0.45825574180148887,0.4582557418035059
7951,0.4582557418014889,0.45825574180350587
7952,0.458255741801489,0.45825574180350587
7953,0.458255741801489,0.4582557418035058
7954,0.45825574180148887,0.4582557418035058
7955,0.4582557418014889,0.45825574180350587
7956,0.45825574180148887,0.4582557418035058
7957,0.45825574180148887,0.4582557418035058
7958,0.45825574180148887,0.4582557418035058
7959,0.45825574180148887,0.4582557418035058
7960,0.4582557418014888,0.45825574180350576
7961,0.4582557418014888,0.45825574180350576
7962,0.4582557418014888,0.45825574180350576
7963,0.45825574180148887,0.4582557418035058
7964,0.4582557418014888,0.45825574180350587
7965,0.45825574180148876,0.45825574180350576
7966,0.4582557418014888,0.4582557418035058
7967,0.4582557418014888,0.45825574180350576
7968,0.45825574180148876,0.45825574180350576
7969,0.4582557418014888,0.45825574180350576
7970,0.45825574180148887,0.45825574180350576
7971,0.4582557418014888,0.45825574180350576
7972,0.4582557418014888,0.45825574180350565
7973,0.4582557418014888,0.45825574180350565
7974,0.4582557418014888,0.4582557418035057
7975,0.4582557418014888,0.45825574180350576
7976,0.45825574180148876,0.45825574180350565
7977,0.4582557418014888,0.45825574180350565
7978,0.4582557418014888,0.4582557418035057
7979,0.45825574180148876,0.4582557418035057
7980,0.4582557418014888,0.45825574180350565
7981,0.45825574180148876,0.45825574180350565
7982,0.45825574180148876,0.45825574180350565
7983,0.4582557418014887,0.4582557418035057
7984,0.4582557418014888,0.4582557418035057
7985,0.4582557418014887,0.4582557418035056
7986,0.4582557418014887,0.45825574180350565
7987,0.45825574180148876,0.45825574180350565
7988,0.4582557418014887,0.4582557418035056
7989,0.45825574180148876,0.45825574180350565
7990,0.4582557418014887,0.4582557418035056
7991,0.4582557418014887,0.45825574180350565
7992,0.45825574180148865,0.45825574180350565
7993,0.45825574180148876,0.45825574180350553
7994,0.4582557418014887,0.4582557418035056
7995,0.45825574180148865,0.4582557418035055
7996,0.45825574180148865,0.45825574180350553
7997,0.45825574180148865,0.45825574180350565
7998,0.45825574180148865,0.45825574180350553
7999,0.4582557418014887,0.4582557418035056
8000,0.45825574180148865,0.4582557418035056
8001,0.45825574180148865,0.4582557418035056
8002,0.4582557418014887,0.4582557418035056
8003,0.45825574180148865,0.45825574180350553
8004,0.45825574180148865,0.45825574180350553
8005,0.4582557418014886,0.45825574180350553
8006,0.4582557418014886,0.4582557418035055
8007,0.4582557418014886,0.45825574180350553
8008,0.4582557418014886,0.45825574180350553
8009,0.45825574180148854,0.4582557418035055
8010,0.45825574180148865,0.45825574180350553
8011,0.4582557418014886,0.4582557418035055
8012,0.45825574180148865,0.45825574180350553
8013,0.45825574180148865,0.4582557418035055
8014,0.45825574180148865,0.45825574180350553
8015,0.4582557418014886,0.45825574180350553
8016,0.4582557418014886,0.4582557418035055
8017,0.4582557418014886,0.4582557418035055
8018,0.4582557418014886,0.4582557418035055
8019,0.4582557418014886,0.45825574180350553
8020,0.45825574180148854,0.4582557418035054
8021,0.45825574180148854,0.4582557418035055
8022,0.4582557418014886,0.4582557418035055
8023,0.45825574180148854,0.4582557418035055
8024,0.45825574180148854,0.4582557418035054
8025,0.45825574180148854,0.45825574180350537
8026,0.4582557418014886,0.4582557418035054
8027,0.4582557418014885,0.4582557418035054
8028,0.4582557418014885,0.45825574180350537
8029,0.4582557418014885,0.4582557418035055
8030,0.45825574180148854,0.4582557418035054
8031,0.45825574180148854,0.45825574180350537
8032,0.4582557418014885,0.4582557418035054
8033,0.4582557418014884,0.45825574180350537
8034,0.4582557418014885,0.45825574180350537
8035,0.4582557418014884,0.45825574180350537
8036,0.4582557418014884,0.4582557418035054
8037,0.4582557418014885,0.4582557418035053
8038,0.4582557418014885,0.4582557418035053
8039,0.45825574180148854,0.45825574180350537
8040,0.4582557418014885,0.45825574180350537
8041,0.4582557418014885,0.4582557418035053
8042,0.4582557418014884,0.4582557418035054
8043,0.4582557418014884,0.45825574180350537
8044,0.4582557418014884,0.45825574180350537
8045,0.4582557418014884,0.4582557418035053
8046,0.4582557418014884,0.45825574180350537
8047,0.4582557418014884,0.4582557418035053
8048,0.4582557418014884,0.4582557418035053
8049,0.45825574180148837,0.45825574180350537
8050,0.45825574180148837,0.4582557418035053
8051,0.45825574180148837,0.4582557418035053
8052,0.45825574180148837,0.4582557418035053
8053,0.4582557418014884,0.45825574180350526
8054,0.4582557418014884,0.45825574180350526
8055,0.4582557418014884,0.45825574180350526
8056,0.45825574180148837,0.45825574180350526
8057,0.4582557418014883,0.45825574180350526
8058,0.45825574180148837,0.45825574180350526
8059,0.45825574180148837,0.4582557418035053
8060,0.4582557418014884,0.45825574180350526
8061,0.45825574180148837,0.45825574180350526
8062,0.45825574180148837,0.4582557418035053
8063,0.45825574180148837,0.45825574180350526
8064,0.45825574180148837,0.4582557418035053
8065,0.45825574180148837,0.45825574180350526
8066,0.45825574180148837,0.45825574180350526
8067,0.45825574180148826,0.4582557418035052
8068,0.45825574180148837,0.4582557418035052
8069,0.4582557418014883,0.4582557418035053
8070,0.4582557418014883,0.45825574180350526
8071,0.4582557418014883,0.45825574180350526
8072,0.45825574180148837,0.45825574180350526
8073,0.4582557418014883,0.4582557418035053
8074,0.45825574180148837,0.45825574180350515
8075,0.4582557418014883,0.4582557418035052
8076,0.4582557418014883,0.45825574180350515
8077,0.45825574180148826,0.45825574180350515
8078,0.4582557418014883,0.45825574180350515
8079,0.45825574180148826,0.45825574180350515
8080,0.45825574180148826,0.45825574180350515
8081,0.4582557418014883,0.45825574180350526
8082,0.4582557418014883,0.4582557418035052
8083,0.45825574180148826,0.45825574180350515
8084,0.45825574180148826,0.4582557418035052
8085,0.45825574180148826,0.45825574180350515
8086,0.45825574180148826,0.45825574180350515
8087,0.4582557418014882,0.45825574180350515
8088,0.4582557418014883,0.45825574180350515
8089,0.45825574180148826,0.45825574180350515
8090,0.45825574180148826,0.45825574180350515
8091,0.45825574180148826,0.45825574180350515
8092,0.4582557418014883,0.45825574180350515
8093,0.45825574180148826,0.45825574180350515
8094,0.45825574180148826,0.4582557418035051
8095,0.4582557418014882,0.45825574180350515
8096,0.45825574180148826,0.4582557418035052
8097,0.4582557418014882,0.4582557418035051
8098,0.45825574180148826,0.4582557418035051
8099,0.4582557418014882,0.45825574180350503
8100,0.45825574180148826,0.4582557418035051
8101,0.4582557418014882,0.4582557418035051
8102,0.4582557418014882,0.4582557418035051
8103,0.4582557418014882,0.4582557418035051
8104,0.4582557418014882,0.4582557418035051
8105,0.4582557418014882,0.4582557418035051
8106,0.45825574180148826,0.4582557418035051
8107,0.45825574180148815,0.4582557418035051
8108,0.4582557418014882,0.45825574180350503
8109,0.45825574180148815,0.45825574180350503
8110,0.4582557418014882,0.45825574180350503
8111,0.45825574180148826,0.45825574180350503
8112,0.45825574180148815,0.458255741803505
8113,0.45825574180148815,0.45825574180350503
8114,0.4582557418014882,0.4582557418035051
8115,0.4582557418014882,0.45825574180350503
8116,0.4582557418014881,0.45825574180350503
8117,0.4582557418014882,0.45825574180350503
8118,0.45825574180148815,0.45825574180350503
8119,0.45825574180148815,0.45825574180350515
8120,0.4582557418014882,0.45825574180350503
8121,0.4582557418014881,0.45825574180350503
8122,0.4582557418014881,0.458255741803505
8123,0.4582557418014882,0.4582557418035051
8124,0.4582557418014881,0.458255741803505
8125,0.4582557418014882,0.458255741803505
8126,0.4582557418014882,0.458255741803505
8127,0.4582557418014881,0.458255741803505
8128,0.4582557418014881,0.4582557418035049
8129,0.45825574180148815,0.45825574180350503
8130,0.45825574180148815,0.45825574180350503
8131,0.45825574180148815,0.4582557418035049
8132,0.4582557418014881,0.45825574180350503
8133,0.4582557418014881,0.458255741803505
8134,0.45825574180148804,0.458255741803505
8135,0.45825574180148815,0.458255741803505
8136,0.45825574180148815,0.458255741803505
8137,0.45825574180148815,0.458255741803505
8138,0.4582557418014881,0.4582557418035049
8139,0.45825574180148804,0.458255741803505
8140,0.4582557418014881,0.458255741803505
8141,0.4582557418014881,0.4582557418035049
8142,0.45825574180148815,0.4582557418035049
8143,0.45825574180148804,0.458255741803505
8144,0.45825574180148804,0.45825574180350503
8145,0.45825574180148804,0.4582557418035049
8146,0.45825574180148804,0.4582557418035049
8147,0.4582557418014881,0.4582557418035049
8148,0.4582557418014881,0.45825574180350487
8149,0.4582557418014881,0.4582557418035049
8150,0.4582557418014881,0.4582557418035049
8151,0.4582557418014881,0.45825574180350487
8152,0.4582557418014881,0.4582557418035049
8153,0.45825574180148804,0.4582557418035049
8154,0.45825574180148804,0.45825574180350487
8155,0.45825574180148804,0.45825574180350487
8156,0.45825574180148804,0.45825574180350487
8157,0.458255741801488,0.4582557418035049
8158,0.45825574180148804,0.4582557418035048
8159,0.45825574180148804,0.45825574180350487
8160,0.45825574180148804,0.4582557418035049
8161,0.458255741801488,0.45825574180350487
8162,0.45825574180148804,0.45825574180350487
8163,0.45825574180148804,0.45825574180350487
8164,0.458255741801488,0.45825574180350487
8165,0.45825574180148804,0.4582557418035048
8166,0.45825574180148804,0.45825574180350487
8167,0.458255741801488,0.45825574180350487
8168,0.458255741801488,0.4582557418035048
8169,0.45825574180148804,0.45825574180350487
8170,0.458255741801488,0.4582557418035049
8171,0.45825574180148804,0.45825574180350487
8172,0.458255741801488,0.45825574180350487
8173,0.45825574180148804,0.4582557418035048
8174,0.458255741801488,0.45825574180350487
8175,0.45825574180148804,0.45825574180350487
8176,0.458255741801488,0.4582557418035048
8177,0.45825574180148804,0.4582557418035048
8178,0.4582557418014879,0.45825574180350487
8179,0.458255741801488,0.4582557418035048
8180,0.4582557418014879,0.45825574180350487
8181,0.458255741801488,0.4582557418035048
8182,0.45825574180148804,0.45825574180350487
8183,0.4582557418014879,0.4582557418035048
8184,0.4582557418014879,0.4582557418035048
8185,0.4582557418014879,0.45825574180350487
8186,0.458255741801488,0.45825574180350476
8187,0.4582557418014879,0.4582557418035048
8188,0.458255741801488,0.45825574180350487
8189,0.458255741801488,0.45825574180350476
8190,0.4582557418014879,0.45825574180350487
8191,0.458255741801488,0.45825574180350476
8192,0.4582557418014879,0.45825574180350476
8193,0.45825574180148787,0.45825574180350476
8194,0.4582557418014879,0.4582557418035048
8195,0.4582557418014879,0.4582557418035048
8196,0.458255741801488,0.45825574180350487
8197,0.4582557418014879,0.45825574180350487
8198,0.4582557418014879,0.4582557418035047
8199,0.4582557418014879,0.4582557418035048
8200,0.4582557418014879,0.45825574180350476
8201,0.45825574180148787,0.45825574180350476
8202,0.4582557418014878,0.45825574180350476
8203,0.458255741801488,0.4582557418035048
8204,0.4582557418014879,0.4582557418035047
8205,0.45825574180148787,0.45825574180350476
8206,0.458255741801488,0.45825574180350476
8207,0.45825574180148787,0.45825574180350476
8208,0.458255741801488,0.45825574180350465
8209,0.4582557418014879,0.45825574180350476
8210,0.4582557418014879,0.4582557418035048
8211,0.45825574180148787,0.45825574180350476
8212,0.4582557418014878,0.4582557418035047
8213,0.4582557418014879,0.4582557418035047
8214,0.45825574180148787,0.4582557418035047
8215,0.45825574180148787,0.4582557418035047
8216,0.4582557418014879,0.4582557418035047
8217,0.4582557418014878,0.45825574180350476
8218,0.45825574180148787,0.4582557418035047
8219,0.45825574180148787,0.4582557418035047
8220,0.45825574180148787,0.45825574180350465
8221,0.45825574180148787,0.4582557418035047
8222,0.45825574180148787,0.4582557418035047
8223,0.45825574180148787,0.45825574180350476
8224,0.45825574180148787,0.45825574180350476
8225,0.45825574180148787,0.4582557418035047
8226,0.4582557418014878,0.45825574180350465
8227,0.45825574180148787,0.45825574180350476
8228,0.4582557418014878,0.45825574180350465
8229,0.4582557418014878,0.45825574180350476
8230,0.4582557418014878,0.4582557418035047
8231,0.45825574180148787,0.45825574180350476
8232,0.4582557418014878,0.45825574180350465
8233,0.4582557418014878,0.4582557418035047
8234,0.4582557418014878,0.45825574180350465
8235,0.4582557418014878,0.4582557418035047
8236,0.4582557418014878,0.4582557418035047
8237,0.4582557418014878,0.45825574180350465
8238,0.45825574180148787,0.4582557418035047
8239,0.45825574180148787,0.4582557418035046
8240,0.45825574180148787,0.4582557418035047
8241,0.45825574180148787,0.4582557418035046
8242,0.45825574180148787,0.45825574180350465
8243,0.4582557418014878,0.4582557418035046
8244,0.4582557418014878,0.4582557418035047
8245,0.4582557418014878,0.4582557418035047
8246,0.45825574180148776,0.45825574180350465
8247,0.4582557418014878,0.45825574180350465
8248,0.45825574180148787,0.45825574180350476
8249,0.4582557418014878,0.45825574180350465
8250,0.4582557418014878,0.45825574180350465
8251,0.45825574180148776,0.45825574180350465
8252,0.45825574180148776,0.45825574180350453
8253,0.4582557418014878,0.4582557418035046
8254,0.45825574180148787,0.4582557418035047
8255,0.4582557418014878,0.4582557418035046
8256,0.45825574180148776,0.4582557418035047
8257,0.4582557418014877,0.45825574180350465
8258,0.4582557418014878,0.45825574180350465
8259,0.4582557418014878,0.45825574180350465
8260,0.4582557418014877,0.4582557418035046
8261,0.45825574180148776,0.4582557418035046
8262,0.45825574180148776,0.45825574180350453
8263,0.45825574180148776,0.45825574180350465
8264,0.45825574180148787,0.45825574180350465
8265,0.45825574180148776,0.4582557418035046
8266,0.45825574180148776,0.4582557418035046
8267,0.45825574180148776,0.4582557418035046
8268,0.4582557418014878,0.45825574180350465
8269,0.45825574180148776,0.45825574180350453
8270,0.45825574180148776,0.45825574180350465
8271,0.45825574180148776,0.4582557418035046
8272,0.4582557418014878,0.45825574180350465
8273,0.45825574180148776,0.4582557418035046
8274,0.45825574180148776,0.4582557418035046
8275,0.4582557418014877,0.4582557418035046
8276,0.45825574180148776,0.4582557418035046
8277,0.45825574180148776,0.4582557418035046
8278,0.45825574180148776,0.4582557418035045
8279,0.45825574180148776,0.4582557418035046
8280,0.45825574180148776,0.45825574180350465
8281,0.4582557418014877,0.4582557418035046
8282,0.4582557418014877,0.45825574180350453
8283,0.4582557418014877,0.45825574180350453
8284,0.45825574180148776,0.4582557418035046
8285,0.45825574180148765,0.4582557418035046
8286,0.45825574180148776,0.4582557418035046
8287,0.4582557418014877,0.4582557418035046
8288,0.45825574180148765,0.45825574180350453
8289,0.4582557418014877,0.4582557418035046
8290,0.4582557418014877,0.45825574180350465
8291,0.4582557418014877,0.45825574180350453
8292,0.45825574180148765,0.45825574180350453
8293,0.45825574180148776,0.4582557418035046
8294,0.4582557418014877,0.45825574180350453
8295,0.4582557418014877,0.4582557418035046
8296,0.4582557418014878,0.45825574180350453
8297,0.4582557418014877,0.45825574180350453
8298,0.4582557418014877,0.45825574180350465
8299,0.45825574180148765,0.45825574180350453
8300,0.45825574180148765,0.45825574180350453
8301,0.4582557418014877,0.45825574180350453
8302,0.45825574180148776,0.4582557418035045
8303,0.4582557418014877,0.4582557418035045
8304,0.45825574180148765,0.4582557418035046
8305,0.4582557418014877,0.45825574180350465
8306,0.4582557418014877,0.4582557418035046
8307,0.4582557418014877,0.4582557418035046
8308,0.45825574180148765,0.45825574180350453
8309,0.4582557418014877,0.4582557418035045
8310,0.45825574180148765,0.45825574180350453
8311,0.45825574180148765,0.45825574180350453
8312,0.45825574180148765,0.4582557418035046
8313,0.4582557418014876,0.45825574180350453
8314,0.4582557418014877,0.4582557418035045
8315,0.45825574180148776,0.45825574180350453
8316,0.4582557418014876,0.45825574180350453
8317,0.4582557418014877,0.4582557418035045
8318,0.4582557418014877,0.4582557418035045
8319,0.45825574180148765,0.45825574180350453
8320,0.4582557418014877,0.4582557418035045
8321,0.4582557418014877,0.4582557418035045
8322,0.4582557418014877,0.45825574180350453
8323,0.4582557418014877,0.45825574180350453
8324,0.4582557418014877,0.45825574180350453
8325,0.45825574180148765,0.4582557418035045
8326,0.45825574180148765,0.4582557418035044
8327,0.45825574180148765,0.4582557418035045
8328,0.4582557418014877,0.45825574180350453
8329,0.45825574180148765,0.4582557418035044
8330,0.4582557418014877,0.4582557418035045
8331,0.45825574180148765,0.45825574180350453
8332,0.4582557418014877,0.4582557418035044
8333,0.45825574180148765,0.4582557418035044
8334,0.45825574180148765,0.45825574180350453
8335,0.45825574180148765,0.4582557418035045
8336,0.4582557418014877,0.4582557418035045
8337,0.45825574180148765,0.4582557418035044
8338,0.45825574180148765,0.4582557418035044
8339,0.45825574180148765,0.4582557418035044
8340,0.45825574180148765,0.4582557418035045
8341,0.45825574180148765,0.4582557418035045
8342,0.4582557418014876,0.4582557418035044
8343,0.4582557418014876,0.4582557418035045
8344,0.4582557418014876,0.4582557418035045
8345,0.4582557418014876,0.4582557418035045
8346,0.4582557418014876,0.4582557418035045
8347,0.4582557418014876,0.4582557418035044
8348,0.45825574180148765,0.4582557418035045
8349,0.45825574180148765,0.4582557418035044
8350,0.45825574180148765,0.4582557418035044
8351,0.45825574180148765,0.4582557418035044
8352,0.45825574180148765,0.45825574180350437
8353,0.45825574180148765,0.4582557418035045
8354,0.4582557418014876,0.4582557418035045
8355,0.4582557418014876,0.4582557418035045
8356,0.4582557418014877,0.4582557418035044
8357,0.45825574180148765,0.4582557418035044
8358,0.4582557418014876,0.4582557418035045
8359,0.45825574180148765,0.45825574180350437
8360,0.4582557418014876,0.45825574180350437
8361,0.4582557418014876,0.45825574180350437
8362,0.4582557418014876,0.4582557418035045
8363,0.45825574180148765,0.4582557418035044
8364,0.4582557418014876,0.4582557418035044
8365,0.45825574180148765,0.4582557418035044
8366,0.45825574180148754,0.45825574180350437
8367,0.45825574180148765,0.4582557418035045
8368,0.45825574180148765,0.45825574180350437
8369,0.45825574180148765,0.4582557418035045
8370,0.45825574180148754,0.4582557418035044
8371,0.45825574180148754,0.4582557418035044
8372,0.45825574180148754,0.4582557418035044
8373,0.45825574180148754,0.4582557418035044
8374,0.45825574180148754,0.4582557418035044
8375,0.45825574180148754,0.4582557418035044
8376,0.4582557418014876,0.45825574180350437
8377,0.45825574180148754,0.4582557418035044
8378,0.45825574180148765,0.45825574180350437
8379,0.4582557418014876,0.4582557418035043
8380,0.4582557418014876,0.4582557418035044
8381,0.45825574180148754,0.45825574180350437
8382,0.45825574180148765,0.4582557418035044
8383,0.4582557418014876,0.4582557418035044
8384,0.4582557418014876,0.45825574180350437
8385,0.45825574180148754,0.4582557418035043
8386,0.4582557418014876,0.4582557418035044
8387,0.45825574180148754,0.4582557418035044
8388,0.45825574180148754,0.45825574180350437
8389,0.4582557418014876,0.45825574180350437
8390,0.4582557418014876,0.45825574180350437
8391,0.45825574180148754,0.4582557418035044
8392,0.4582557418014876,0.45825574180350437
8393,0.4582557418014876,0.45825574180350437
8394,0.4582557418014876,0.4582557418035044
8395,0.45825574180148754,0.45825574180350437
8396,0.45825574180148754,0.45825574180350437
8397,0.45825574180148754,0.4582557418035043
8398,0.45825574180148754,0.45825574180350437
8399,0.45825574180148754,0.4582557418035044
8400,0.45825574180148754,0.45825574180350437
8401,0.4582557418014875,0.4582557418035044
8402,0.4582557418014876,0.4582557418035044
8403,0.45825574180148754,0.4582557418035044
8404,0.4582557418014875,0.4582557418035043
8405,0.4582557418014876,0.45825574180350437
8406,0.45825574180148754,0.45825574180350437
8407,0.4582557418014875,0.45825574180350437
8408,0.45825574180148754,0.45825574180350437
8409,0.4582557418014876,0.45825574180350437
8410,0.4582557418014876,0.4582557418035044
8411,0.4582557418014875,0.45825574180350437
8412,0.45825574180148754,0.45825574180350437
8413,0.4582557418014876,0.4582557418035043
8414,0.45825574180148754,0.45825574180350437
8415,0.45825574180148754,0.4582557418035043
8416,0.45825574180148754,0.45825574180350437
8417,0.45825574180148754,0.4582557418035043
8418,0.4582557418014875,0.45825574180350437
8419,0.45825574180148754,0.4582557418035043
8420,0.4582557418014875,0.45825574180350437
8421,0.4582557418014876,0.45825574180350437
8422,0.45825574180148754,0.4582557418035043
8423,0.45825574180148754,0.45825574180350437
8424,0.4582557418014876,0.4582557418035043
8425,0.4582557418014876,0.4582557418035043
8426,0.4582557418014875,0.4582557418035043
8427,0.4582557418014875,0.4582557418035043
8428,0.45825574180148754,0.4582557418035043
8429,0.4582557418014875,0.45825574180350426
8430,0.4582557418014875,0.45825574180350426
8431,0.4582557418014875,0.45825574180350426
8432,0.45825574180148754,0.4582557418035043
8433,0.4582557418014875,0.45825574180350437
8434,0.45825574180148754,0.45825574180350437
8435,0.4582557418014875,0.4582557418035043
8436,0.4582557418014875,0.45825574180350426
8437,0.4582557418014875,0.4582557418035043
8438,0.45825574180148754,0.45825574180350437
8439,0.45825574180148754,0.45825574180350426
8440,0.4582557418014875,0.45825574180350426
8441,0.45825574180148754,0.4582557418035043
8442,0.45825574180148754,0.4582557418035043
8443,0.45825574180148754,0.45825574180350426
8444,0.4582557418014875,0.4582557418035043
8445,0.45825574180148754,0.45825574180350437
8446,0.4582557418014875,0.45825574180350437
8447,0.4582557418014875,0.45825574180350437
8448,0.45825574180148754,0.4582557418035043
8449,0.4582557418014875,0.4582557418035043
8450,0.4582557418014875,0.4582557418035043
8451,0.4582557418014874,0.4582557418035043
8452,0.45825574180148754,0.4582557418035043
8453,0.45825574180148754,0.4582557418035043
8454,0.45825574180148754,0.4582557418035043
8455,0.45825574180148754,0.45825574180350426
8456,0.45825574180148754,0.45825574180350426
8457,0.4582557418014875,0.45825574180350437
8458,0.4582557418014874,0.4582557418035043
8459,0.4582557418014875,0.45825574180350426
8460,0.4582557418014875,0.45825574180350426
8461,0.4582557418014875,0.45825574180350426
8462,0.4582557418014875,0.4582557418035043
8463,0.4582557418014874,0.4582557418035043
8464,0.4582557418014875,0.4582557418035043
8465,0.4582557418014874,0.4582557418035043
8466,0.4582557418014875,0.4582557418035042
8467,0.4582557418014874,0.4582557418035043
8468,0.4582557418014874,0.4582557418035043
8469,0.45825574180148754,0.4582557418035043
8470,0.4582557418014874,0.45825574180350426
8471,0.45825574180148754,0.45825574180350426
8472,0.45825574180148754,0.45825574180350426
8473,0.4582557418014874,0.4582557418035043
8474,0.4582557418014874,0.4582557418035043
8475,0.4582557418014875,0.45825574180350426
8476,0.4582557418014874,0.45825574180350426
8477,0.4582557418014874,0.45825574180350426
8478,0.4582557418014874,0.4582557418035043
8479,0.4582557418014874,0.45825574180350426
8480,0.4582557418014875,0.45825574180350426
8481,0.4582557418014874,0.4582557418035043
8482,0.4582557418014874,0.45825574180350426
8483,0.4582557418014875,0.4582557418035042
8484,0.4582557418014875,0.45825574180350426
8485,0.4582557418014875,0.4582557418035043
8486,0.4582557418014875,0.45825574180350426
8487,0.45825574180148754,0.45825574180350426
8488,0.4582557418014875,0.45825574180350426
8489,0.4582557418014875,0.45825574180350426
8490,0.4582557418014874,0.45825574180350426
8491,0.4582557418014874,0.45825574180350426
8492,0.45825574180148754,0.4582557418035043
8493,0.4582557418014875,0.45825574180350426
8494,0.4582557418014874,0.45825574180350426
8495,0.4582557418014875,0.45825574180350426
8496,0.4582557418014874,0.45825574180350426
8497,0.4582557418014875,0.4582557418035042
8498,0.4582557418014874,0.4582557418035042
8499,0.4582557418014874,0.45825574180350426
8500,0.4582557418014874,0.45825574180350426
8501,0.4582557418014874,0.4582557418035042
8502,0.4582557418014874,0.4582557418035042
8503,0.4582557418014875,0.4582557418035042
8504,0.4582557418014875,0.4582557418035042
8505,0.4582557418014875,0.4582557418035042
8506,0.4582557418014875,0.45825574180350426
8507,0.4582557418014874,0.4582557418035042
8508,0.4582557418014874,0.45825574180350426
8509,0.4582557418014875,0.45825574180350426
8510,0.4582557418014874,0.45825574180350426
8511,0.4582557418014874,0.4582557418035043
8512,0.4582557418014874,0.4582557418035043
8513,0.4582557418014874,0.4582557418035042
8514,0.4582557418014875,0.45825574180350426
8515,0.4582557418014874,0.45825574180350426
8516,0.45825574180148737,0.4582557418035042
8517,0.4582557418014874,0.45825574180350426
8518,0.4582557418014874,0.45825574180350426
8519,0.4582557418014874,0.45825574180350426
8520,0.4582557418014875,0.4582557418035042
8521,0.4582557418014874,0.45825574180350426
8522,0.45825574180148737,0.45825574180350426
8523,0.45825574180148737,0.4582557418035042
8524,0.4582557418014875,0.45825574180350426
8525,0.4582557418014874,0.4582557418035042
8526,0.4582557418014874,0.4582557418035042
8527,0.45825574180148737,0.4582557418035042
8528,0.4582557418014874,0.45825574180350426
8529,0.4582557418014874,0.4582557418035042
8530,0.4582557418014874,0.4582557418035042
8531,0.4582557418014874,0.4582557418035043
8532,0.4582557418014874,0.4582557418035042
8533,0.4582557418014875,0.45825574180350426
8534,0.4582557418014875,0.4582557418035042
8535,0.4582557418014874,0.4582557418035043
8536,0.4582557418014874,0.4582557418035042
8537,0.45825574180148737,0.45825574180350426
8538,0.45825574180148737,0.45825574180350426
8539,0.4582557418014873,0.4582557418035042
8540,0.45825574180148737,0.45825574180350415
8541,0.4582557418014875,0.45825574180350415
8542,0.45825574180148737,0.4582557418035042
8543,0.45825574180148737,0.45825574180350426
8544,0.45825574180148737,0.45825574180350426
8545,0.4582557418014874,0.4582557418035042
8546,0.4582557418014874,0.4582557418035042
8547,0.4582557418014874,0.45825574180350415
8548,0.4582557418014874,0.4582557418035041
8549,0.45825574180148737,0.4582557418035042
8550,0.4582557418014874,0.45825574180350426
8551,0.4582557418014874,0.45825574180350415
8552,0.45825574180148737,0.4582557418035042
8553,0.45825574180148737,0.4582557418035042
8554,0.45825574180148737,0.45825574180350426
8555,0.45825574180148737,0.4582557418035042
8556,0.45825574180148737,0.4582557418035042
8557,0.4582557418014874,0.45825574180350415
8558,0.4582557418014874,0.4582557418035042
8559,0.4582557418014874,0.4582557418035042
8560,0.4582557418014875,0.4582557418035042
8561,0.4582557418014874,0.4582557418035042
8562,0.45825574180148737,0.4582557418035042
8563,0.4582557418014874,0.4582557418035042
8564,0.45825574180148737,0.4582557418035042
8565,0.4582557418014873,0.4582557418035042
8566,0.45825574180148737,0.45825574180350426
8567,0.45825574180148737,0.45825574180350415
8568,0.4582557418014873,0.4582557418035042
8569,0.45825574180148737,0.4582557418035042
8570,0.4582557418014874,0.45825574180350426
8571,0.45825574180148737,0.4582557418035042
8572,0.45825574180148737,0.4582557418035042
8573,0.4582557418014873,0.4582557418035042
8574,0.4582557418014875,0.45825574180350415
8575,0.4582557418014873,0.45825574180350426
8576,0.4582557418014874,0.45825574180350415
8577,0.45825574180148737,0.4582557418035042
8578,0.45825574180148737,0.45825574180350426
8579,0.45825574180148737,0.4582557418035041
8580,0.4582557418014874,0.45825574180350415
8581,0.45825574180148737,0.4582557418035042
8582,0.45825574180148737,0.45825574180350426
8583,0.4582557418014873,0.4582557418035042
8584,0.45825574180148737,0.45825574180350415
8585,0.45825574180148737,0.4582557418035041
8586,0.4582557418014873,0.4582557418035042
8587,0.45825574180148737,0.45825574180350415
8588,0.4582557418014873,0.45825574180350415
8589,0.4582557418014874,0.4582557418035042
8590,0.45825574180148737,0.45825574180350415
8591,0.45825574180148737,0.45825574180350415
8592,0.45825574180148737,0.45825574180350415
8593,0.4582557418014873,0.45825574180350415
8594,0.45825574180148737,0.4582557418035042
8595,0.4582557418014873,0.45825574180350426
8596,0.45825574180148737,0.45825574180350415
8597,0.4582557418014874,0.4582557418035041
8598,0.4582557418014874,0.45825574180350415
8599,0.45825574180148737,0.45825574180350415
8600,0.4582557418014873,0.45825574180350415
8601,0.45825574180148737,0.45825574180350415
8602,0.45825574180148737,0.45825574180350415
8603,0.45825574180148737,0.4582557418035042
8604,0.45825574180148737,0.4582557418035042
8605,0.45825574180148737,0.4582557418035041
8606,0.45825574180148737,0.4582557418035041
8607,0.4582557418014873,0.45825574180350415
8608,0.4582557418014873,0.4582557418035042
8609,0.4582557418014873,0.45825574180350415
8610,0.4582557418014874,0.45825574180350415
8611,0.45825574180148737,0.45825574180350415
8612,0.45825574180148737,0.4582557418035042
8613,0.45825574180148737,0.4582557418035042
8614,0.4582557418014874,0.4582557418035042
8615,0.4582557418014874,0.45825574180350415
8616,0.45825574180148737,0.4582557418035041
8617,0.45825574180148737,0.45825574180350415
8618,0.45825574180148737,0.4582557418035041
8619,0.45825574180148737,0.45825574180350415
8620,0.4582557418014873,0.4582557418035041
8621,0.4582557418014873,0.45825574180350415
8622,0.45825574180148737,0.4582557418035041
8623,0.45825574180148737,0.45825574180350415
8624,0.4582557418014873,0.4582557418035041
8625,0.4582557418014873,0.4582557418035041
8626,0.4582557418014873,0.4582557418035042
8627,0.4582557418014873,0.4582557418035041
8628,0.45825574180148737,0.4582557418035042
8629,0.4582557418014873,0.45825574180350415
8630,0.45825574180148737,0.45825574180350415
8631,0.45825574180148737,0.45825574180350415
8632,0.4582557418014873,0.45825574180350415
8633,0.45825574180148726,0.45825574180350415
8634,0.4582557418014873,0.45825574180350404
8635,0.45825574180148737,0.45825574180350415
8636,0.45825574180148737,0.4582557418035042
8637,0.45825574180148737,0.4582557418035041
8638,0.4582557418014874,0.45825574180350415
8639,0.45825574180148737,0.45825574180350415
8640,0.4582557418014873,0.45825574180350415
8641,0.4582557418014873,0.45825574180350415
8642,0.45825574180148737,0.4582557418035042
8643,0.45825574180148737,0.4582557418035041
8644,0.4582557418014873,0.45825574180350415
8645,0.4582557418014873,0.45825574180350415
8646,0.45825574180148737,0.4582557418035041
8647,0.45825574180148737,0.45825574180350415
8648,0.4582557418014873,0.45825574180350415
8649,0.45825574180148737,0.45825574180350415
8650,0.45825574180148737,0.4582557418035042
8651,0.4582557418014873,0.4582557418035041
8652,0.4582557418014873,0.45825574180350415
8653,0.4582557418014873,0.45825574180350415
8654,0.4582557418014873,0.4582557418035041
8655,0.4582557418014873,0.4582557418035041
8656,0.4582557418014873,0.45825574180350415
8657,0.45825574180148737,0.4582557418035041
8658,0.45825574180148737,0.45825574180350415
8659,0.45825574180148726,0.4582557418035041
8660,0.4582557418014873,0.45825574180350415
8661,0.45825574180148737,0.4582557418035042
8662,0.45825574180148737,0.4582557418035041
8663,0.45825574180148737,0.45825574180350415
8664,0.4582557418014873,0.45825574180350415
8665,0.4582557418014873,0.4582557418035041
8666,0.4582557418014873,0.4582557418035041
8667,0.4582557418014873,0.4582557418035041
8668,0.4582557418014873,0.4582557418035042
8669,0.4582557418014873,0.4582557418035041
8670,0.45825574180148737,0.4582557418035041
8671,0.4582557418014873,0.4582557418035042
8672,0.45825574180148737,0.4582557418035041
8673,0.4582557418014873,0.45825574180350415
8674,0.45825574180148737,0.45825574180350415
8675,0.45825574180148737,0.45825574180350415
8676,0.4582557418014873,0.45825574180350415
8677,0.4582557418014873,0.45825574180350415
8678,0.4582557418014873,0.4582557418035041
8679,0.45825574180148737,0.4582557418035041
8680,0.4582557418014873,0.4582557418035041
8681,0.4582557418014873,0.4582557418035041
8682,0.45825574180148737,0.45825574180350415
8683,0.45825574180148737,0.45825574180350415
8684,0.4582557418014873,0.4582557418035041
8685,0.4582557418014873,0.4582557418035041
8686,0.45825574180148737,0.4582557418035041
8687,0.4582557418014873,0.45825574180350415
8688,0.4582557418014873,0.4582557418035041
8689,0.45825574180148726,0.4582557418035041
8690,0.45825574180148726,0.4582557418035041
8691,0.45825574180148726,0.45825574180350415
8692,0.45825574180148737,0.45825574180350415
8693,0.45825574180148726,0.4582557418035041
8694,0.45825574180148726,0.45825574180350415
8695,0.4582557418014873,0.4582557418035041
8696,0.45825574180148737,0.4582557418035041
8697,0.4582557418014873,0.4582557418035041
8698,0.4582557418014873,0.4582557418035041
8699,0.4582557418014873,0.45825574180350415
8700,0.4582557418014873,0.45825574180350415
8701,0.4582557418014872,0.45825574180350415
8702,0.4582557418014873,0.45825574180350404
8703,0.45825574180148726,0.45825574180350404
8704,0.4582557418014873,0.4582557418035041
8705,0.4582557418014873,0.4582557418035041
8706,0.45825574180148726,0.4582557418035041
8707,0.4582557418014873,0.45825574180350404
8708,0.45825574180148726,0.45825574180350404
8709,0.45825574180148726,0.4582557418035041
8710,0.4582557418014873,0.4582557418035041
8711,0.4582557418014873,0.45825574180350404
8712,0.4582557418014873,0.4582557418035041
8713,0.4582557418014873,0.45825574180350415
8714,0.45825574180148726,0.4582557418035041
8715,0.4582557418014873,0.45825574180350404
8716,0.45825574180148726,0.45825574180350415
8717,0.4582557418014873,0.45825574180350415
8718,0.4582557418014873,0.4582557418035041
8719,0.4582557418014872,0.4582557418035041
8720,0.4582557418014873,0.45825574180350415
8721,0.4582557418014873,0.4582557418035041
8722,0.45825574180148737,0.4582557418035041
8723,0.45825574180148737,0.45825574180350415
8724,0.4582557418014873,0.45825574180350415
8725,0.4582557418014873,0.4582557418035041
8726,0.45825574180148726,0.458255741803504
8727,0.4582557418014873,0.45825574180350404
8728,0.4582557418014873,0.45825574180350404
8729,0.45825574180148726,0.4582557418035041
8730,0.45825574180148726,0.4582557418035041
8731,0.4582557418014873,0.4582557418035041
8732,0.4582557418014873,0.4582557418035041
8733,0.4582557418014873,0.4582557418035041
8734,0.4582557418014873,0.45825574180350404
8735,0.45825574180148726,0.4582557418035041
8736,0.4582557418014873,0.4582557418035041
8737,0.45825574180148726,0.4582557418035041
8738,0.4582557418014873,0.45825574180350404
8739,0.45825574180148726,0.4582557418035041
8740,0.4582557418014873,0.45825574180350404
8741,0.4582557418014873,0.45825574180350415
8742,0.4582557418014873,0.45825574180350404
8743,0.4582557418014873,0.4582557418035041
8744,0.4582557418014873,0.4582557418035041
8745,0.4582557418014873,0.4582557418035041
8746,0.45825574180148726,0.45825574180350404
8747,0.4582557418014873,0.4582557418035041
8748,0.45825574180148726,0.4582557418035041
8749,0.4582557418014873,0.45825574180350404
8750,0.4582557418014873,0.45825574180350415
8751,0.45825574180148737,0.45825574180350415
8752,0.45825574180148726,0.45825574180350415
8753,0.4582557418014873,0.4582557418035041
8754,0.4582557418014873,0.4582557418035041
8755,0.45825574180148726,0.458255741803504
8756,0.45825574180148726,0.4582557418035041
8757,0.45825574180148726,0.45825574180350404
8758,0.4582557418014873,0.4582557418035041
8759,0.45825574180148737,0.4582557418035041
8760,0.45825574180148726,0.45825574180350404
8761,0.4582557418014873,0.45825574180350404
8762,0.45825574180148726,0.45825574180350404
8763,0.4582557418014872,0.45825574180350404
8764,0.4582557418014873,0.4582557418035041
8765,0.45825574180148726,0.4582557418035041
8766,0.4582557418014873,0.4582557418035041
8767,0.4582557418014873,0.45825574180350415
8768,0.4582557418014873,0.4582557418035041
8769,0.45825574180148726,0.45825574180350404
8770,0.4582557418014873,0.4582557418035041
8771,0.4582557418014873,0.4582557418035041
8772,0.4582557418014873,0.4582557418035041
8773,0.4582557418014873,0.45825574180350415
8774,0.4582557418014873,0.4582557418035041
8775,0.45825574180148726,0.45825574180350404
8776,0.45825574180148726,0.4582557418035041
8777,0.45825574180148726,0.45825574180350404
8778,0.4582557418014873,0.4582557418035041
8779,0.45825574180148726,0.45825574180350404
8780,0.45825574180148726,0.45825574180350415
8781,0.45825574180148726,0.4582557418035041
8782,0.45825574180148726,0.4582557418035041
8783,0.4582557418014873,0.4582557418035041
8784,0.4582557418014872,0.45825574180350404
8785,0.4582557418014873,0.4582557418035041
8786,0.4582557418014873,0.45825574180350404
8787,0.4582557418014873,0.45825574180350404
8788,0.4582557418014873,0.45825574180350404
8789,0.45825574180148726,0.45825574180350404
8790,0.45825574180148726,0.45825574180350415
8791,0.4582557418014873,0.4582557418035041
8792,0.45825574180148726,0.45825574180350404
8793,0.4582557418014873,0.4582557418035041
8794,0.4582557418014873,0.45825574180350404
8795,0.4582557418014873,0.45825574180350404
8796,0.4582557418014873,0.45825574180350404
8797,0.45825574180148726,0.4582557418035041
8798,0.45825574180148726,0.4582557418035041
8799,0.4582557418014873,0.4582557418035041
8800,0.45825574180148726,0.45825574180350404
8801,0.4582557418014873,0.45825574180350404
8802,0.4582557418014873,0.4582557418035041
8803,0.4582557418014873,0.45825574180350404
8804,0.4582557418014873,0.4582557418035041
8805,0.45825574180148726,0.4582557418035041
8806,0.45825574180148726,0.45825574180350415
8807,0.45825574180148726,0.4582557418035041
8808,0.45825574180148726,0.4582557418035041
8809,0.4582557418014872,0.45825574180350415
8810,0.45825574180148726,0.45825574180350404
8811,0.45825574180148726,0.45825574180350404
8812,0.4582557418014873,0.45825574180350404
8813,0.45825574180148726,0.45825574180350404
8814,0.4582557418014873,0.45825574180350404
8815,0.4582557418014873,0.458255741803504
8816,0.45825574180148726,0.4582557418035041
8817,0.4582557418014873,0.45825574180350415
8818,0.45825574180148726,0.45825574180350404
8819,0.45825574180148726,0.45825574180350404
8820,0.45825574180148726,0.4582557418035041
8821,0.4582557418014873,0.45825574180350415
8822,0.4582557418014872,0.4582557418035041
8823,0.4582557418014873,0.45825574180350404
8824,0.4582557418014872,0.458255741803504
8825,0.4582557418014873,0.45825574180350404
8826,0.45825574180148726,0.45825574180350404
8827,0.4582557418014872,0.4582557418035041
8828,0.4582557418014872,0.4582557418035041
8829,0.45825574180148726,0.45825574180350404
8830,0.45825574180148726,0.45825574180350404
8831,0.4582557418014872,0.4582557418035041
8832,0.45825574180148726,0.4582557418035041
8833,0.4582557418014873,0.45825574180350404
8834,0.45825574180148726,0.45825574180350404
8835,0.45825574180148726,0.458255741803504
8836,0.4582557418014873,0.4582557418035041
8837,0.4582557418014873,0.45825574180350404
8838,0.4582557418014873,0.4582557418035041
8839,0.4582557418014872,0.45825574180350404
8840,0.45825574180148726,0.4582557418035041
8841,0.45825574180148726,0.45825574180350404
8842,0.45825574180148726,0.45825574180350404
8843,0.45825574180148726,0.458255741803504
8844,0.4582557418014872,0.45825574180350404
8845,0.4582557418014873,0.45825574180350404
8846,0.45825574180148726,0.4582557418035041
8847,0.45825574180148726,0.45825574180350404
8848,0.45825574180148726,0.45825574180350404
8849,0.4582557418014872,0.45825574180350404
8850,0.45825574180148715,0.45825574180350404
8851,0.4582557418014872,0.45825574180350404
8852,0.4582557418014872,0.45825574180350404
8853,0.45825574180148726,0.45825574180350404
8854,0.4582557418014872,0.45825574180350404
8855,0.45825574180148726,0.45825574180350404
8856,0.4582557418014872,0.45825574180350404
8857,0.45825574180148726,0.45825574180350404
8858,0.45825574180148726,0.4582557418035041
8859,0.45825574180148726,0.45825574180350404
8860,0.4582557418014873,0.4582557418035041
8861,0.45825574180148726,0.45825574180350404
8862,0.45825574180148726,0.45825574180350404
8863,0.4582557418014873,0.45825574180350404
8864,0.45825574180148715,0.45825574180350404
8865,0.45825574180148726,0.45825574180350404
8866,0.4582557418014873,0.45825574180350404
8867,0.4582557418014873,0.45825574180350404
8868,0.4582557418014872,0.458255741803504
8869,0.4582557418014873,0.4582557418035041
8870,0.45825574180148726,0.45825574180350404
8871,0.4582557418014872,0.45825574180350404
8872,0.4582557418014872,0.4582557418035041
8873,0.45825574180148726,0.458255741803504
8874,0.45825574180148726,0.45825574180350404
8875,0.45825574180148726,0.45825574180350404
8876,0.45825574180148726,0.45825574180350404
8877,0.45825574180148726,0.45825574180350404
8878,0.45825574180148726,0.458255741803504
8879,0.45825574180148726,0.45825574180350404
8880,0.45825574180148726,0.4582557418035041
8881,0.4582557418014872,0.458255741803504
8882,0.4582557418014872,0.45825574180350404
8883,0.45825574180148726,0.458255741803504
8884,0.45825574180148726,0.45825574180350404
8885,0.4582557418014872,0.45825574180350404
8886,0.4582557418014872,0.45825574180350404
8887,0.45825574180148726,0.4582557418035041
8888,0.45825574180148726,0.458255741803504
8889,0.45825574180148726,0.45825574180350404
8890,0.45825574180148726,0.4582557418035041
8891,0.4582557418014873,0.45825574180350404
8892,0.4582557418014873,0.4582557418035041
8893,0.45825574180148726,0.458255741803504
8894,0.45825574180148726,0.4582557418035041
8895,0.45825574180148726,0.45825574180350404
8896,0.45825574180148726,0.458255741803504
8897,0.4582557418014873,0.45825574180350404
8898,0.4582557418014872,0.4582557418035041
8899,0.4582557418014872,0.458255741803504
8900,0.4582557418014872,0.45825574180350404
8901,0.45825574180148715,0.45825574180350404
8902,0.45825574180148715,0.458255741803504
8903,0.45825574180148726,0.45825574180350404
8904,0.4582557418014873,0.45825574180350404
8905,0.45825574180148726,0.458255741803504
8906,0.45825574180148726,0.458255741803504
8907,0.45825574180148726,0.458255741803504
8908,0.4582557418014872,0.45825574180350404
8909,0.4582557418014872,0.458255741803504
8910,0.45825574180148726,0.45825574180350404
8911,0.4582557418014872,0.458255741803504
8912,0.4582557418014872,0.45825574180350404
8913,0.45825574180148726,0.458255741803504
8914,0.45825574180148726,0.458255741803504
8915,0.4582557418014873,0.4582557418035041
8916,0.45825574180148726,0.45825574180350404
8917,0.45825574180148726,0.45825574180350404
8918,0.4582557418014872,0.458255741803504
8919,0.4582557418014872,0.4582557418035041
8920,0.4582557418014872,0.458255741803504
8921,0.45825574180148726,0.458255741803504
8922,0.45825574180148726,0.45825574180350404
8923,0.4582557418014872,0.45825574180350404
8924,0.4582557418014873,0.45825574180350404
8925,0.45825574180148726,0.458255741803504
8926,0.4582557418014872,0.458255741803504
8927,0.4582557418014873,0.45825574180350404
8928,0.4582557418014872,0.458255741803504
8929,0.45825574180148726,0.45825574180350404
8930,0.4582557418014873,0.45825574180350404
8931,0.4582557418014873,0.458255741803504
8932,0.45825574180148726,0.4582557418035041
8933,0.45825574180148726,0.45825574180350404
8934,0.4582557418014872,0.4582557418035041
8935,0.45825574180148726,0.45825574180350404
8936,0.4582557418014872,0.4582557418035041
8937,0.4582557418014872,0.458255741803504
8938,0.45825574180148726,0.45825574180350404
8939,0.4582557418014872,0.4582557418035041
8940,0.4582557418014872,0.4582557418035041
8941,0.4582557418014872,0.45825574180350404
8942,0.45825574180148726,0.45825574180350404
8943,0.45825574180148726,0.45825574180350404
8944,0.4582557418014872,0.45825574180350404
8945,0.4582557418014872,0.4582557418035041
8946,0.45825574180148726,0.458255741803504
8947,0.45825574180148715,0.45825574180350404
8948,0.4582557418014872,0.458255741803504
8949,0.45825574180148726,0.458255741803504
8950,0.4582557418014872,0.45825574180350404
8951,0.4582557418014872,0.458255741803504
8952,0.4582557418014872,0.45825574180350404
8953,0.4582557418014872,0.45825574180350404
8954,0.4582557418014872,0.45825574180350404
8955,0.4582557418014872,0.45825574180350404
8956,0.45825574180148726,0.458255741803504
8957,0.45825574180148726,0.458255741803504
8958,0.45825574180148726,0.4582557418035041
8959,0.45825574180148726,0.45825574180350404
8960,0.45825574180148726,0.458255741803504
8961,0.4582557418014873,0.4582557418035041
8962,0.4582557418014872,0.458255741803504
8963,0.45825574180148726,0.4582557418035041
8964,0.4582557418014872,0.458255741803504
8965,0.45825574180148726,0.45825574180350404
8966,0.4582557418014872,0.45825574180350404
8967,0.4582557418014872,0.458255741803504
8968,0.45825574180148726,0.458255741803504
8969,0.4582557418014872,0.4582557418035041
8970,0.4582557418014872,0.45825574180350404
8971,0.4582557418014872,0.458255741803504
8972,0.45825574180148726,0.458255741803504
8973,0.45825574180148715,0.458255741803504
8974,0.4582557418014872,0.45825574180350404
8975,0.4582557418014872,0.45825574180350404
8976,0.4582557418014872,0.458255741803504
8977,0.4582557418014872,0.458255741803504
8978,0.45825574180148726,0.45825574180350404
8979,0.45825574180148726,0.45825574180350404
8980,0.4582557418014872,0.458255741803504
8981,0.45825574180148726,0.45825574180350404
8982,0.45825574180148726,0.45825574180350404
8983,0.45825574180148726,0.458255741803504
8984,0.4582557418014872,0.4582557418035041
8985,0.45825574180148726,0.45825574180350404
8986,0.45825574180148726,0.458255741803504
8987,0.45825574180148726,0.45825574180350404
8988,0.45825574180148726,0.458255741803504
8989,0.4582557418014872,0.458255741803504
8990,0.45825574180148726,0.458255741803504
8991,0.4582557418014872,0.458255741803504
8992,0.4582557418014872,0.458255741803504
8993,0.45825574180148726,0.45825574180350404
8994,0.4582557418014872,0.458255741803504
8995,0.4582557418014872,0.45825574180350404
8996,0.45825574180148715,0.45825574180350404
8997,0.4582557418014872,0.458255741803504
8998,0.4582557418014872,0.45825574180350404
8999,0.4582557418014872,0.458255741803504
9000,0.4582557418014872,0.458255741803504
9001,0.4582557418014872,0.458255741803504
9002,0.4582557418014872,0.45825574180350404
9003,0.45825574180148726,0.458255741803504
9004,0.45825574180148726,0.45825574180350404
9005,0.45825574180148726,0.458255741803504
9006,0.4582557418014872,0.458255741803504
9007,0.45825574180148715,0.458255741803504
9008,0.45825574180148726,0.458255741803504
9009,0.4582557418014872,0.45825574180350404
9010,0.4582557418014872,0.45825574180350404
9011,0.4582557418014872,0.4582557418035041
9012,0.45825574180148726,0.4582557418035039
9013,0.45825574180148726,0.45825574180350404
9014,0.4582557418014872,0.458255741803504
9015,0.45825574180148715,0.45825574180350404
9016,0.4582557418014873,0.45825574180350404
9017,0.4582557418014872,0.458255741803504
9018,0.45825574180148726,0.45825574180350404
9019,0.45825574180148726,0.45825574180350404
9020,0.45825574180148726,0.45825574180350404
9021,0.45825574180148726,0.45825574180350404
9022,0.45825574180148726,0.4582557418035039
9023,0.45825574180148726,0.45825574180350404
9024,0.45825574180148726,0.45825574180350404
9025,0.4582557418014872,0.458255741803504
9026,0.4582557418014872,0.4582557418035039
9027,0.45825574180148726,0.45825574180350404
9028,0.45825574180148726,0.4582557418035039
9029,0.45825574180148726,0.458255741803504
9030,0.4582557418014872,0.4582557418035041
9031,0.4582557418014872,0.45825574180350404
9032,0.4582557418014872,0.458255741803504
9033,0.45825574180148726,0.45825574180350404
9034,0.45825574180148726,0.458255741803504
9035,0.45825574180148726,0.458255741803504
9036,0.4582557418014872,0.458255741803504
9037,0.45825574180148726,0.4582557418035039
9038,0.4582557418014872,0.45825574180350404
9039,0.45825574180148726,0.45825574180350404
9040,0.4582557418014872,0.4582557418035039
9041,0.4582557418014872,0.45825574180350404
9042,0.4582557418014872,0.458255741803504
9043,0.45825574180148726,0.458255741803504
9044,0.4582557418014872,0.458255741803504
9045,0.4582557418014872,0.4582557418035041
9046,0.4582557418014872,0.45825574180350404
9047,0.4582557418014872,0.458255741803504
9048,0.4582557418014872,0.458255741803504
9049,0.4582557418014872,0.458255741803504
9050,0.45825574180148726,0.45825574180350404
9051,0.45825574180148726,0.458255741803504
9052,0.45825574180148726,0.4582557418035039
9053,0.45825574180148726,0.458255741803504
9054,0.45825574180148726,0.458255741803504
9055,0.4582557418014872,0.458255741803504
9056,0.4582557418014872,0.4582557418035039
9057,0.45825574180148726,0.458255741803504
9058,0.4582557418014872,0.458255741803504
9059,0.4582557418014872,0.45825574180350404
9060,0.45825574180148726,0.458255741803504
9061,0.45825574180148715,0.45825574180350404
9062,0.45825574180148726,0.458255741803504
9063,0.4582557418014872,0.45825574180350404
9064,0.4582557418014872,0.458255741803504
9065,0.45825574180148715,0.458255741803504
9066,0.4582557418014872,0.45825574180350404
9067,0.45825574180148726,0.458255741803504
9068,0.4582557418014872,0.45825574180350404
9069,0.4582557418014872,0.4582557418035039
9070,0.45825574180148726,0.458255741803504
9071,0.45825574180148715,0.45825574180350404
9072,0.4582557418014872,0.45825574180350404
9073,0.4582557418014872,0.45825574180350404
9074,0.45825574180148726,0.458255741803504
9075,0.4582557418014872,0.458255741803504
9076,0.45825574180148715,0.458255741803504
9077,0.45825574180148726,0.4582557418035039
9078,0.4582557418014872,0.458255741803504
9079,0.4582557418014872,0.4582557418035039
9080,0.45825574180148726,0.45825574180350404
9081,0.45825574180148715,0.458255741803504
9082,0.4582557418014872,0.458255741803504
9083,0.45825574180148726,0.458255741803504
9084,0.4582557418014872,0.4582557418035039
9085,0.4582557418014872,0.45825574180350404
9086,0.45825574180148715,0.45825574180350404
9087,0.45825574180148726,0.45825574180350404
9088,0.45825574180148726,0.458255741803504
9089,0.45825574180148726,0.458255741803504
9090,0.45825574180148726,0.4582557418035039
9091,0.45825574180148726,0.458255741803504
9092,0.45825574180148715,0.458255741803504
9093,0.4582557418014872,0.45825574180350404
9094,0.45825574180148726,0.45825574180350404
9095,0.45825574180148715,0.458255741803504
9096,0.4582557418014872,0.45825574180350404
9097,0.4582557418014872,0.45825574180350404
9098,0.4582557418014872,0.4582557418035039
9099,0.4582557418014872,0.45825574180350404
9100,0.4582557418014872,0.458255741803504
9101,0.45825574180148715,0.45825574180350404
9102,0.4582557418014872,0.458255741803504
9103,0.4582557418014872,0.458255741803504
9104,0.4582557418014872,0.4582557418035039
9105,0.4582557418014872,0.458255741803504
9106,0.4582557418014872,0.458255741803504
9107,0.4582557418014872,0.45825574180350404
9108,0.45825574180148726,0.4582557418035039
9109,0.45825574180148726,0.4582557418035039
9110,0.4582557418014872,0.45825574180350404
9111,0.45825574180148726,0.4582557418035039
9112,0.45825574180148715,0.45825574180350404
9113,0.45825574180148726,0.45825574180350404
9114,0.45825574180148726,0.45825574180350404
9115,0.4582557418014872,0.4582557418035039
9116,0.4582557418014872,0.4582557418035039
9117,0.45825574180148715,0.458255741803504
9118,0.4582557418014872,0.4582557418035039
9119,0.4582557418014872,0.458255741803504
9120,0.4582557418014872,0.4582557418035039
9121,0.45825574180148726,0.4582557418035039
9122,0.4582557418014872,0.45825574180350404
9123,0.45825574180148715,0.458255741803504
9124,0.4582557418014871,0.45825574180350404
9125,0.4582557418014872,0.458255741803504
9126,0.4582557418014872,0.45825574180350404
9127,0.45825574180148715,0.458255741803504
9128,0.45825574180148715,0.45825574180350404
9129,0.4582557418014872,0.458255741803504
9130,0.45825574180148726,0.458255741803504
9131,0.4582557418014872,0.458255741803504
9132,0.4582557418014872,0.45825574180350404
9133,0.4582557418014872,0.458255741803504
9134,0.4582557418014872,0.45825574180350404
9135,0.45825574180148726,0.458255741803504
9136,0.4582557418014872,0.45825574180350404
9137,0.45825574180148726,0.4582557418035039
9138,0.4582557418014872,0.45825574180350404
9139,0.45825574180148726,0.45825574180350404
9140,0.4582557418014872,0.45825574180350404
9141,0.45825574180148715,0.458255741803504
9142,0.4582557418014872,0.458255741803504
9143,0.4582557418014872,0.4582557418035039
9144,0.4582557418014872,0.458255741803504
9145,0.45825574180148726,0.45825574180350404
9146,0.45825574180148715,0.45825574180350404
9147,0.45825574180148715,0.458255741803504
9148,0.45825574180148715,0.458255741803504
9149,0.4582557418014872,0.458255741803504
9150,0.4582557418014872,0.458255741803504
9151,0.45825574180148726,0.45825574180350404
9152,0.45825574180148726,0.45825574180350404
9153,0.45825574180148715,0.45825574180350404
9154,0.4582557418014872,0.458255741803504
9155,0.4582557418014872,0.458255741803504
9156,0.45825574180148726,0.45825574180350404
9157,0.4582557418014872,0.45825574180350404
9158,0.45825574180148715,0.458255741803504
9159,0.45825574180148726,0.458255741803504
9160,0.4582557418014872,0.45825574180350404
9161,0.4582557418014872,0.45825574180350387
9162,0.4582557418014872,0.45825574180350404
9163,0.45825574180148726,0.458255741803504
9164,0.4582557418014872,0.4582557418035039
9165,0.4582557418014872,0.458255741803504
9166,0.4582557418014872,0.45825574180350404
9167,0.4582557418014872,0.45825574180350404
9168,0.4582557418014872,0.45825574180350404
9169,0.45825574180148726,0.458255741803504
9170,0.4582557418014872,0.4582557418035039
9171,0.45825574180148726,0.45825574180350404
9172,0.4582557418014872,0.458255741803504
9173,0.4582557418014872,0.458255741803504
9174,0.4582557418014872,0.458255741803504
9175,0.45825574180148715,0.458255741803504
9176,0.4582557418014872,0.458255741803504
9177,0.4582557418014872,0.458255741803504
9178,0.45825574180148715,0.458255741803504
9179,0.4582557418014872,0.458255741803504
9180,0.4582557418014872,0.458255741803504
9181,0.45825574180148726,0.458255741803504
9182,0.4582557418014872,0.45825574180350404
9183,0.4582557418014872,0.4582557418035039
9184,0.45825574180148715,0.458255741803504
9185,0.4582557418014872,0.458255741803504
9186,0.45825574180148726,0.458255741803504
9187,0.4582557418014872,0.45825574180350404
9188,0.4582557418014872,0.458255741803504
9189,0.45825574180148715,0.45825574180350404
9190,0.4582557418014872,0.4582557418035039
9191,0.4582557418014872,0.458255741803504
9192,0.4582557418014872,0.458255741803504
9193,0.4582557418014872,0.45825574180350404
9194,0.4582557418014872,0.458255741803504
9195,0.4582557418014872,0.4582557418035041
9196,0.4582557418014872,0.458255741803504
9197,0.4582557418014872,0.458255741803504
9198,0.4582557418014872,0.45825574180350404
9199,0.4582557418014872,0.458255741803504
9200,0.4582557418014872,0.458255741803504
9201,0.45825574180148715,0.4582557418035039
9202,0.45825574180148715,0.4582557418035039
9203,0.45825574180148715,0.458255741803504
9204,0.4582557418014872,0.45825574180350404
9205,0.45825574180148726,0.458255741803504
9206,0.4582557418014872,0.458255741803504
9207,0.4582557418014872,0.4582557418035039
9208,0.4582557418014872,0.458255741803504
9209,0.4582557418014872,0.45825574180350404
9210,0.4582557418014872,0.45825574180350404
9211,0.45825574180148726,0.458255741803504
9212,0.4582557418014872,0.4582557418035039
9213,0.45825574180148726,0.45825574180350404
9214,0.45825574180148715,0.458255741803504
9215,0.45825574180148715,0.458255741803504
9216,0.4582557418014872,0.45825574180350404
9217,0.4582557418014872,0.458255741803504
9218,0.4582557418014872,0.4582557418035039
9219,0.45825574180148715,0.458255741803504
9220,0.45825574180148726,0.4582557418035039
9221,0.45825574180148726,0.45825574180350404
9222,0.45825574180148715,0.458255741803504
9223,0.4582557418014872,0.458255741803504
9224,0.4582557418014872,0.458255741803504
9225,0.4582557418014872,0.4582557418035039
9226,0.45825574180148715,0.458255741803504
9227,0.4582557418014872,0.4582557418035039
9228,0.45825574180148715,0.458255741803504
9229,0.45825574180148726,0.45825574180350404
9230,0.4582557418014872,0.458255741803504
9231,0.4582557418014872,0.458255741803504
9232,0.4582557418014872,0.458255741803504
9233,0.45825574180148715,0.4582557418035039
9234,0.45825574180148715,0.458255741803504
9235,0.4582557418014872,0.458255741803504
9236,0.4582557418014872,0.458255741803504
9237,0.45825574180148715,0.4582557418035039
9238,0.4582557418014872,0.4582557418035039
9239,0.4582557418014872,0.4582557418035039
9240,0.45825574180148726,0.45825574180350404
9241,0.4582557418014872,0.4582557418035039
9242,0.45825574180148715,0.458255741803504
9243,0.45825574180148715,0.45825574180350404
9244,0.4582557418014872,0.458255741803504
9245,0.45825574180148715,0.458255741803504
9246,0.4582557418014872,0.458255741803504
9247,0.4582557418014872,0.458255741803504
9248,0.45825574180148715,0.458255741803504
9249,0.4582557418014872,0.45825574180350404
9250,0.45825574180148726,0.458255741803504
9251,0.4582557418014872,0.458255741803504
9252,0.4582557418014872,0.45825574180350404
9253,0.4582557418014872,0.4582557418035039
9254,0.4582557418014872,0.4582557418035039
9255,0.4582557418014872,0.458255741803504
9256,0.4582557418014872,0.45825574180350404
9257,0.4582557418014872,0.458255741803504
9258,0.45825574180148715,0.458255741803504
9259,0.4582557418014872,0.458255741803504
9260,0.4582557418014872,0.4582557418035039
9261,0.45825574180148715,0.458255741803504
9262,0.45825574180148715,0.4582557418035039
9263,0.4582557418014872,0.458255741803504
9264,0.4582557418014872,0.458255741803504
9265,0.45825574180148715,0.458255741803504
9266,0.4582557418014872,0.458255741803504
9267,0.4582557418014872,0.45825574180350404
9268,0.45825574180148726,0.458255741803504
9269,0.4582557418014872,0.458255741803504
9270,0.45825574180148715,0.458255741803504
9271,0.4582557418014872,0.458255741803504
9272,0.45825574180148715,0.458255741803504
9273,0.45825574180148715,0.458255741803504
9274,0.4582557418014872,0.45825574180350404
9275,0.4582557418014872,0.4582557418035039
9276,0.4582557418014872,0.458255741803504
9277,0.45825574180148715,0.45825574180350404
9278,0.45825574180148726,0.45825574180350387
9279,0.4582557418014871,0.4582557418035039
9280,0.45825574180148715,0.458255741803504
9281,0.4582557418014872,0.458255741803504
9282,0.4582557418014872,0.458255741803504
9283,0.4582557418014872,0.4582557418035039
9284,0.45825574180148715,0.458255741803504
9285,0.4582557418014871,0.45825574180350404
9286,0.4582557418014872,0.4582557418035039
9287,0.4582557418014872,0.458255741803504
9288,0.45825574180148726,0.4582557418035039
9289,0.45825574180148715,0.45825574180350404
9290,0.4582557418014872,0.45825574180350404
9291,0.45825574180148715,0.458255741803504
9292,0.45825574180148726,0.458255741803504
9293,0.45825574180148726,0.4582557418035039
9294,0.45825574180148715,0.45825574180350404
9295,0.45825574180148715,0.4582557418035039
9296,0.4582557418014872,0.4582557418035039
9297,0.4582557418014872,0.45825574180350404
9298,0.45825574180148715,0.4582557418035039
9299,0.45825574180148715,0.45825574180350404
9300,0.4582557418014872,0.458255741803504
9301,0.45825574180148715,0.458255741803504
9302,0.4582557418014872,0.458255741803504
9303,0.45825574180148726,0.45825574180350404
9304,0.4582557418014872,0.4582557418035039
9305,0.4582557418014872,0.45825574180350404
9306,0.4582557418014872,0.458255741803504
9307,0.45825574180148726,0.4582557418035039
9308,0.4582557418014872,0.458255741803504
9309,0.4582557418014872,0.45825574180350404
9310,0.4582557418014872,0.458255741803504
9311,0.4582557418014872,0.45825574180350404
9312,0.4582557418014872,0.458255741803504
9313,0.4582557418014872,0.458255741803504
9314,0.45825574180148715,0.458255741803504
9315,0.45825574180148715,0.458255741803504
9316,0.45825574180148715,0.458255741803504
9317,0.4582557418014872,0.458255741803504
9318,0.4582557418014872,0.45825574180350404
9319,0.4582557418014872,0.4582557418035039
9320,0.45825574180148715,0.4582557418035039
9321,0.4582557418014872,0.458255741803504
9322,0.4582557418014872,0.458255741803504
9323,0.4582557418014872,0.45825574180350404
9324,0.4582557418014872,0.458255741803504
9325,0.4582557418014871,0.458255741803504
9326,0.4582557418014872,0.4582557418035039
9327,0.45825574180148726,0.458255741803504
9328,0.45825574180148726,0.458255741803504
9329,0.4582557418014872,0.45825574180350404
9330,0.4582557418014872,0.4582557418035039
9331,0.4582557418014872,0.458255741803504
9332,0.4582557418014872,0.45825574180350404
9333,0.45825574180148726,0.458255741803504
9334,0.4582557418014872,0.4582557418035039
9335,0.4582557418014872,0.4582557418035039
9336,0.45825574180148715,0.4582557418035039
9337,0.45825574180148715,0.458255741803504
9338,0.45825574180148726,0.458255741803504
9339,0.45825574180148715,0.458255741803504
9340,0.4582557418014872,0.458255741803504
9341,0.4582557418014871,0.458255741803504
9342,0.45825574180148726,0.458255741803504
9343,0.45825574180148715,0.45825574180350404
9344,0.45825574180148726,0.458255741803504
9345,0.4582557418014872,0.458255741803504
9346,0.45825574180148715,0.458255741803504
9347,0.45825574180148715,0.458255741803504
9348,0.45825574180148726,0.458255741803504
9349,0.4582557418014872,0.458255741803504
9350,0.45825574180148715,0.458255741803504
9351,0.45825574180148715,0.458255741803504
9352,0.4582557418014872,0.458255741803504
9353,0.4582557418014872,0.458255741803504
9354,0.4582557418014872,0.458255741803504
9355,0.4582557418014872,0.45825574180350404
9356,0.4582557418014872,0.45825574180350404
9357,0.45825574180148715,0.4582557418035039
9358,0.4582557418014872,0.458255741803504
9359,0.45825574180148726,0.45825574180350404
9360,0.4582557418014872,0.458255741803504
9361,0.4582557418014872,0.4582557418035039
9362,0.45825574180148715,0.458255741803504
9363,0.4582557418014872,0.4582557418035039
9364,0.4582557418014872,0.458255741803504
9365,0.4582557418014872,0.458255741803504
9366,0.45825574180148715,0.4582557418035039
9367,0.4582557418014872,0.458255741803504
9368,0.45825574180148715,0.4582557418035039
9369,0.45825574180148715,0.4582557418035039
9370,0.4582557418014872,0.4582557418035039
9371,0.45825574180148726,0.458255741803504
9372,0.4582557418014872,0.4582557418035039
9373,0.4582557418014872,0.458255741803504
9374,0.45825574180148726,0.458255741803504
9375,0.4582557418014872,0.458255741803504
9376,0.4582557418014872,0.458255741803504
9377,0.4582557418014872,0.458255741803504
9378,0.4582557418014872,0.45825574180350404
9379,0.45825574180148715,0.4582557418035039
9380,0.4582557418014872,0.458255741803504
9381,0.45825574180148715,0.45825574180350404
9382,0.45825574180148715,0.45825574180350404
9383,0.4582557418014872,0.4582557418035039
9384,0.4582557418014872,0.45825574180350404
9385,0.4582557418014872,0.45825574180350404
9386,0.4582557418014872,0.458255741803504
9387,0.4582557418014872,0.4582557418035039
9388,0.4582557418014872,0.458255741803504
9389,0.45825574180148715,0.45825574180350404
9390,0.4582557418014872,0.4582557418035039
9391,0.4582557418014872,0.45825574180350404
9392,0.4582557418014872,0.458255741803504
9393,0.4582557418014872,0.458255741803504
9394,0.4582557418014872,0.4582557418035039
9395,0.45825574180148726,0.4582557418035039
9396,0.45825574180148715,0.458255741803504
9397,0.45825574180148715,0.4582557418035039
9398,0.45825574180148726,0.4582557418035039
9399,0.4582557418014872,0.458255741803504
9400,0.45825574180148715,0.458255741803504
9401,0.4582557418014872,0.45825574180350404
9402,0.4582557418014872,0.458255741803504
9403,0.4582557418014872,0.4582557418035039
9404,0.4582557418014872,0.458255741803504
9405,0.45825574180148726,0.458255741803504
9406,0.4582557418014872,0.458255741803504
9407,0.45825574180148726,0.458255741803504
9408,0.4582557418014872,0.45825574180350404
9409,0.45825574180148715,0.458255741803504
9410,0.4582557418014872,0.45825574180350404
9411,0.4582557418014872,0.4582557418035039
9412,0.4582557418014872,0.45825574180350404
9413,0.4582557418014871,0.458255741803504
9414,0.4582557418014872,0.458255741803504
9415,0.4582557418014872,0.458255741803504
9416,0.45825574180148715,0.458255741803504
9417,0.45825574180148715,0.4582557418035039
9418,0.4582557418014872,0.458255741803504
9419,0.45825574180148715,0.458255741803504
9420,0.45825574180148715,0.4582557418035039
9421,0.4582557418014872,0.4582557418035039
9422,0.4582557418014872,0.4582557418035039
9423,0.4582557418014872,0.458255741803504
9424,0.4582557418014872,0.458255741803504
9425,0.4582557418014872,0.458255741803504
9426,0.4582557418014872,0.4582557418035039
9427,0.45825574180148715,0.458255741803504
9428,0.45825574180148726,0.45825574180350404
9429,0.4582557418014872,0.45825574180350404
9430,0.4582557418014872,0.4582557418035039
9431,0.45825574180148715,0.4582557418035039
9432,0.45825574180148715,0.458255741803504
9433,0.4582557418014872,0.4582557418035039
9434,0.45825574180148726,0.458255741803504
9435,0.45825574180148715,0.4582557418035039
9436,0.4582557418014872,0.4582557418035039
9437,0.4582557418014872,0.4582557418035039
9438,0.45825574180148715,0.45825574180350404
9439,0.45825574180148715,0.458255741803504
9440,0.4582557418014872,0.458255741803504
9441,0.4582557418014872,0.458255741803504
9442,0.4582557418014872,0.4582557418035039
9443,0.4582557418014872,0.458255741803504
9444,0.45825574180148715,0.4582557418035039
9445,0.4582557418014872,0.45825574180350404
9446,0.4582557418014872,0.4582557418035039
9447,0.4582557418014872,0.4582557418035039
9448,0.4582557418014872,0.4582557418035039
9449,0.45825574180148715,0.45825574180350404
9450,0.4582557418014872,0.4582557418035039
9451,0.4582557418014872,0.45825574180350404
9452,0.45825574180148715,0.45825574180350404
9453,0.45825574180148715,0.4582557418035039
9454,0.4582557418014872,0.458255741803504
9455,0.45825574180148715,0.4582557418035039
9456,0.4582557418014872,0.458255741803504
9457,0.45825574180148715,0.4582557418035039
9458,0.4582557418014872,0.458255741803504
9459,0.4582557418014872,0.458255741803504
9460,0.45825574180148715,0.458255741803504
9461,0.4582557418014872,0.458255741803504
9462,0.45825574180148715,0.458255741803504
9463,0.4582557418014872,0.45825574180350404
9464,0.4582557418014871,0.458255741803504
9465,0.4582557418014872,0.4582557418035039
9466,0.45825574180148726,0.4582557418035039
9467,0.4582557418014872,0.4582557418035039
9468,0.4582557418014872,0.4582557418035039
9469,0.4582557418014872,0.458255741803504
9470,0.45825574180148715,0.4582557418035039
9471,0.4582557418014872,0.458255741803504
9472,0.45825574180148726,0.4582557418035039
9473,0.45825574180148715,0.458255741803504
9474,0.4582557418014872,0.45825574180350404
9475,0.45825574180148715,0.458255741803504
9476,0.4582557418014872,0.458255741803504
9477,0.4582557418014872,0.458255741803504
9478,0.4582557418014872,0.458255741803504
9479,0.4582557418014872,0.45825574180350404
9480,0.4582557418014872,0.458255741803504
9481,0.45825574180148715,0.458255741803504
9482,0.4582557418014872,0.458255741803504
9483,0.45825574180148715,0.4582557418035039
9484,0.45825574180148715,0.4582557418035039
9485,0.45825574180148715,0.458255741803504
9486,0.4582557418014872,0.4582557418035039
9487,0.4582557418014872,0.458255741803504
9488,0.45825574180148715,0.458255741803504
9489,0.4582557418014872,0.458255741803504
9490,0.4582557418014872,0.458255741803504
9491,0.45825574180148715,0.4582557418035039
9492,0.45825574180148715,0.458255741803504
9493,0.4582557418014872,0.458255741803504
9494,0.45825574180148726,0.458255741803504
9495,0.4582557418014872,0.45825574180350404
9496,0.4582557418014872,0.458255741803504
9497,0.45825574180148715,0.4582557418035039
9498,0.4582557418014872,0.458255741803504
9499,0.45825574180148715,0.458255741803504
9500,0.45825574180148715,0.4582557418035039
9501,0.4582557418014871,0.4582557418035039
9502,0.45825574180148715,0.458255741803504
9503,0.4582557418014872,0.458255741803504
9504,0.4582557418014872,0.4582557418035039
9505,0.4582557418014871,0.4582557418035039
9506,0.4582557418014872,0.4582557418035039
9507,0.4582557418014872,0.458255741803504
9508,0.45825574180148715,0.45825574180350404
9509,0.45825574180148715,0.45825574180350404
9510,0.4582557418014872,0.458255741803504
9511,0.45825574180148715,0.458255741803504
9512,0.4582557418014872,0.45825574180350404
9513,0.4582557418014872,0.458255741803504
9514,0.45825574180148715,0.4582557418035039
9515,0.4582557418014872,0.4582557418035039
9516,0.4582557418014872,0.458255741803504
9517,0.45825574180148715,0.45825574180350387
9518,0.45825574180148715,0.458255741803504
9519,0.4582557418014872,0.458255741803504
9520,0.45825574180148726,0.458255741803504
9521,0.45825574180148715,0.4582557418035039
9522,0.4582557418014872,0.45825574180350404
9523,0.4582557418014872,0.4582557418035039
9524,0.45825574180148715,0.45825574180350404
9525,0.4582557418014872,0.45825574180350404
9526,0.45825574180148715,0.458255741803504
9527,0.45825574180148715,0.45825574180350404
9528,0.4582557418014872,0.45825574180350387
9529,0.4582557418014872,0.458255741803504
9530,0.45825574180148715,0.458255741803504
9531,0.45825574180148715,0.4582557418035039
9532,0.45825574180148726,0.4582557418035039
9533,0.45825574180148715,0.458255741803504
9534,0.4582557418014872,0.4582557418035039
9535,0.45825574180148726,0.458255741803504
9536,0.45825574180148715,0.4582557418035039
9537,0.4582557418014872,0.4582557418035039
9538,0.45825574180148715,0.458255741803504
9539,0.45825574180148715,0.4582557418035039
9540,0.4582557418014872,0.458255741803504
9541,0.4582557418014872,0.45825574180350404
9542,0.45825574180148715,0.458255741803504
9543,0.45825574180148715,0.4582557418035039
9544,0.4582557418014872,0.458255741803504
9545,0.4582557418014872,0.45825574180350404
9546,0.45825574180148726,0.4582557418035039
9547,0.45825574180148715,0.458255741803504
9548,0.4582557418014872,0.4582557418035039
9549,0.45825574180148715,0.458255741803504
9550,0.4582557418014872,0.4582557418035039
9551,0.4582557418014872,0.45825574180350404
9552,0.4582557418014872,0.458255741803504
9553,0.45825574180148715,0.4582557418035039
9554,0.4582557418014872,0.458255741803504
9555,0.4582557418014872,0.458255741803504
9556,0.4582557418014871,0.458255741803504
9557,0.45825574180148715,0.4582557418035039
9558,0.4582557418014872,0.458255741803504
9559,0.4582557418014872,0.458255741803504
9560,0.45825574180148715,0.4582557418035039
9561,0.45825574180148715,0.45825574180350404
9562,0.45825574180148715,0.458255741803504
9563,0.45825574180148715,0.4582557418035039
9564,0.45825574180148726,0.4582557418035039
9565,0.45825574180148715,0.458255741803504
9566,0.45825574180148715,0.458255741803504
9567,0.45825574180148715,0.458255741803504
9568,0.45825574180148715,0.458255741803504
9569,0.45825574180148715,0.4582557418035039
9570,0.45825574180148726,0.458255741803504
9571,0.45825574180148715,0.4582557418035039
9572,0.45825574180148715,0.4582557418035039
9573,0.4582557418014872,0.4582557418035039
9574,0.45825574180148715,0.458255741803504
9575,0.4582557418014872,0.4582557418035039
9576,0.45825574180148715,0.458255741803504
9577,0.4582557418014872,0.4582557418035039
9578,0.4582557418014872,0.458255741803504
9579,0.45825574180148715,0.45825574180350387
9580,0.4582557418014872,0.458255741803504
9581,0.4582557418014872,0.458255741803504
9582,0.4582557418014872,0.458255741803504
9583,0.45825574180148715,0.458255741803504
9584,0.45825574180148715,0.4582557418035039
9585,0.4582557418014872,0.4582557418035039
9586,0.45825574180148715,0.458255741803504
9587,0.4582557418014872,0.45825574180350404
9588,0.45825574180148715,0.4582557418035039
9589,0.45825574180148715,0.458255741803504
9590,0.4582557418014872,0.458255741803504
9591,0.45825574180148715,0.458255741803504
9592,0.4582557418014872,0.45825574180350404
9593,0.45825574180148715,0.4582557418035039
9594,0.4582557418014872,0.458255741803504
9595,0.4582557418014872,0.45825574180350404
9596,0.45825574180148715,0.4582557418035039
9597,0.45825574180148715,0.4582557418035039
9598,0.45825574180148715,0.458255741803504
9599,0.45825574180148715,0.458255741803504
9600,0.45825574180148715,0.45825574180350404
9601,0.4582557418014872,0.458255741803504
9602,0.4582557418014872,0.458255741803504
9603,0.4582557418014872,0.458255741803504
9604,0.45825574180148715,0.45825574180350404
9605,0.45825574180148715,0.4582557418035039
9606,0.4582557418014872,0.458255741803504
9607,0.4582557418014872,0.458255741803504
9608,0.4582557418014872,0.458255741803504
9609,0.45825574180148715,0.4582557418035039
9610,0.4582557418014872,0.458255741803504
9611,0.4582557418014872,0.4582557418035039
9612,0.45825574180148715,0.4582557418035039
9613,0.45825574180148715,0.458255741803504
9614,0.45825574180148715,0.458255741803504
9615,0.4582557418014872,0.4582557418035039
9616,0.4582557418014872,0.458255741803504
9617,0.45825574180148715,0.458255741803504
9618,0.45825574180148715,0.4582557418035039
9619,0.45825574180148726,0.458255741803504
9620,0.4582557418014872,0.45825574180350404
9621,0.45825574180148715,0.458255741803504
9622,0.4582557418014872,0.458255741803504
9623,0.45825574180148715,0.4582557418035039
9624,0.4582557418014872,0.458255741803504
9625,0.4582557418014872,0.458255741803504
9626,0.45825574180148715,0.4582557418035039
9627,0.45825574180148726,0.45825574180350387
9628,0.45825574180148715,0.4582557418035039
9629,0.45825574180148715,0.45825574180350387
9630,0.4582557418014872,0.458255741803504
9631,0.4582557418014872,0.458255741803504
9632,0.4582557418014872,0.4582557418035039
9633,0.4582557418014872,0.4582557418035039
9634,0.45825574180148726,0.45825574180350404
9635,0.4582557418014872,0.4582557418035039
9636,0.4582557418014872,0.458255741803504
9637,0.4582557418014872,0.458255741803504
9638,0.4582557418014872,0.458255741803504
9639,0.45825574180148715,0.458255741803504
9640,0.4582557418014872,0.4582557418035039
9641,0.4582557418014872,0.458255741803504
9642,0.4582557418014872,0.458255741803504
9643,0.4582557418014872,0.458255741803504
9644,0.45825574180148715,0.458255741803504
9645,0.4582557418014872,0.4582557418035039
9646,0.4582557418014872,0.458255741803504
9647,0.45825574180148715,0.458255741803504
9648,0.45825574180148715,0.4582557418035039
9649,0.4582557418014872,0.4582557418035039
9650,0.4582557418014872,0.458255741803504
9651,0.45825574180148715,0.458255741803504
9652,0.45825574180148715,0.4582557418035039
9653,0.4582557418014872,0.4582557418035039
9654,0.45825574180148715,0.458255741803504
9655,0.4582557418014872,0.458255741803504
9656,0.4582557418014872,0.4582557418035039
9657,0.4582557418014872,0.4582557418035039
9658,0.4582557418014872,0.458255741803504
9659,0.4582557418014872,0.458255741803504
9660,0.4582557418014872,0.458255741803504
9661,0.4582557418014872,0.4582557418035039
9662,0.45825574180148726,0.458255741803504
9663,0.4582557418014872,0.45825574180350404
9664,0.4582557418014872,0.458255741803504
9665,0.4582557418014872,0.458255741803504
9666,0.4582557418014872,0.4582557418035039
9667,0.4582557418014872,0.45825574180350404
9668,0.45825574180148726,0.4582557418035039
9669,0.45825574180148715,0.4582557418035039
9670,0.45825574180148715,0.458255741803504
9671,0.4582557418014872,0.4582557418035039
9672,0.4582557418014872,0.458255741803504
9673,0.4582557418014872,0.458255741803504
9674,0.45825574180148715,0.458255741803504
9675,0.45825574180148715,0.458255741803504
9676,0.4582557418014872,0.4582557418035039
9677,0.45825574180148715,0.458255741803504
9678,0.45825574180148715,0.4582557418035039
9679,0.45825574180148715,0.458255741803504
9680,0.4582557418014872,0.458255741803504
9681,0.45825574180148715,0.458255741803504
9682,0.4582557418014872,0.4582557418035039
9683,0.4582557418014872,0.458255741803504
9684,0.4582557418014872,0.458255741803504
9685,0.45825574180148715,0.45825574180350387
9686,0.45825574180148715,0.4582557418035039
9687,0.45825574180148715,0.458255741803504
9688,0.4582557418014872,0.458255741803504
9689,0.4582557418014872,0.458255741803504
9690,0.45825574180148715,0.4582557418035039
9691,0.4582557418014872,0.4582557418035039
9692,0.4582557418014872,0.45825574180350404
9693,0.45825574180148715,0.4582557418035039
9694,0.4582557418014872,0.45825574180350404
9695,0.4582557418014872,0.458255741803504
9696,0.4582557418014872,0.458255741803504
9697,0.4582557418014872,0.4582557418035039
9698,0.4582557418014872,0.458255741803504
9699,0.4582557418014872,0.45825574180350404
9700,0.4582557418014872,0.458255741803504
9701,0.4582557418014872,0.458255741803504
9702,0.4582557418014872,0.458255741803504
9703,0.45825574180148715,0.458255741803504
9704,0.4582557418014872,0.4582557418035039
9705,0.45825574180148715,0.45825574180350404
9706,0.4582557418014872,0.458255741803504
9707,0.45825574180148715,0.4582557418035039
9708,0.45825574180148715,0.458255741803504
9709,0.4582557418014872,0.458255741803504
9710,0.45825574180148726,0.458255741803504
9711,0.45825574180148715,0.45825574180350404
9712,0.45825574180148715,0.458255741803504
9713,0.45825574180148715,0.458255741803504
9714,0.4582557418014871,0.458255741803504
9715,0.45825574180148715,0.458255741803504
9716,0.45825574180148715,0.4582557418035039
9717,0.45825574180148715,0.4582557418035039
9718,0.45825574180148715,0.458255741803504
9719,0.4582557418014872,0.4582557418035039
9720,0.4582557418014872,0.458255741803504
9721,0.4582557418014872,0.458255741803504
9722,0.45825574180148726,0.458255741803504
9723,0.4582557418014872,0.458255741803504
9724,0.4582557418014872,0.458255741803504
9725,0.45825574180148715,0.4582557418035039
9726,0.4582557418014872,0.458255741803504
9727,0.45825574180148715,0.458255741803504
9728,0.4582557418014872,0.458255741803504
9729,0.4582557418014872,0.45825574180350404
9730,0.45825574180148726,0.458255741803504
9731,0.45825574180148715,0.4582557418035039
9732,0.45825574180148715,0.4582557418035039
9733,0.45825574180148715,0.4582557418035039
9734,0.45825574180148715,0.458255741803504
9735,0.45825574180148715,0.4582557418035039
9736,0.4582557418014872,0.4582557418035039
9737,0.45825574180148726,0.45825574180350404
9738,0.4582557418014872,0.45825574180350404
9739,0.45825574180148715,0.458255741803504
9740,0.4582557418014872,0.458255741803504
9741,0.4582557418014872,0.4582557418035039
9742,0.45825574180148715,0.458255741803504
9743,0.4582557418014872,0.458255741803504
9744,0.45825574180148715,0.458255741803504
9745,0.4582557418014872,0.4582557418035039
9746,0.4582557418014871,0.458255741803504
9747,0.4582557418014872,0.458255741803504
9748,0.45825574180148726,0.45825574180350404
9749,0.4582557418014872,0.4582557418035039
9750,0.45825574180148715,0.458255741803504
9751,0.4582557418014871,0.458255741803504
9752,0.45825574180148715,0.458255741803504
9753,0.45825574180148715,0.45825574180350404
9754,0.4582557418014872,0.4582557418035039
9755,0.45825574180148715,0.458255741803504
9756,0.4582557418014871,0.4582557418035039
9757,0.4582557418014872,0.4582557418035039
9758,0.45825574180148715,0.458255741803504
9759,0.4582557418014871,0.4582557418035039
9760,0.45825574180148715,0.458255741803504
9761,0.4582557418014872,0.4582557418035039
9762,0.4582557418014872,0.45825574180350404
9763,0.45825574180148715,0.458255741803504
9764,0.45825574180148715,0.458255741803504
9765,0.45825574180148715,0.4582557418035039
9766,0.4582557418014872,0.458255741803504
9767,0.4582557418014872,0.458255741803504
9768,0.45825574180148715,0.4582557418035039
9769,0.45825574180148715,0.4582557418035039
9770,0.4582557418014872,0.4582557418035039
9771,0.4582557418014872,0.45825574180350404
9772,0.45825574180148715,0.4582557418035039
9773,0.4582557418014872,0.4582557418035039
9774,0.45825574180148715,0.458255741803504
9775,0.4582557418014872,0.458255741803504
9776,0.45825574180148726,0.4582557418035039
9777,0.45825574180148715,0.458255741803504
9778,0.4582557418014872,0.4582557418035039
9779,0.4582557418014872,0.4582557418035039
9780,0.4582557418014872,0.45825574180350404
9781,0.4582557418014872,0.4582557418035039
9782,0.4582557418014872,0.458255741803504
9783,0.4582557418014872,0.458255741803504
9784,0.4582557418014872,0.4582557418035039
9785,0.4582557418014872,0.458255741803504
9786,0.45825574180148715,0.458255741803504
9787,0.45825574180148715,0.45825574180350404
9788,0.4582557418014872,0.45825574180350404
9789,0.4582557418014871,0.458255741803504
9790,0.4582557418014872,0.4582557418035039
9791,0.45825574180148715,0.4582557418035039
9792,0.4582557418014872,0.4582557418035039
9793,0.4582557418014872,0.458255741803504
9794,0.45825574180148726,0.4582557418035039
9795,0.4582557418014872,0.45825574180350404
9796,0.45825574180148726,0.45825574180350404
9797,0.4582557418014872,0.458255741803504
9798,0.4582557418014872,0.4582557418035039
9799,0.45825574180148715,0.458255741803504
9800,0.45825574180148715,0.458255741803504
9801,0.45825574180148715,0.458255741803504
9802,0.4582557418014872,0.458255741803504
9803,0.45825574180148715,0.45825574180350404
9804,0.45825574180148715,0.4582557418035039
9805,0.4582557418014872,0.4582557418035039
9806,0.45825574180148726,0.458255741803504
9807,0.4582557418014872,0.458255741803504
9808,0.4582557418014872,0.4582557418035039
9809,0.45825574180148715,0.458255741803504
9810,0.45825574180148715,0.4582557418035039
9811,0.4582557418014872,0.458255741803504
9812,0.4582557418014872,0.458255741803504
9813,0.45825574180148715,0.4582557418035039
9814,0.4582557418014872,0.4582557418035039
9815,0.4582557418014872,0.458255741803504
9816,0.4582557418014872,0.45825574180350404
9817,0.45825574180148715,0.4582557418035039
9818,0.4582557418014871,0.458255741803504
9819,0.4582557418014872,0.458255741803504
9820,0.45825574180148715,0.4582557418035039
9821,0.45825574180148715,0.458255741803504
9822,0.4582557418014872,0.4582557418035039
9823,0.45825574180148715,0.4582557418035039
9824,0.4582557418014872,0.458255741803504
9825,0.45825574180148715,0.458255741803504
9826,0.45825574180148715,0.458255741803504
9827,0.4582557418014872,0.458255741803504
9828,0.45825574180148715,0.458255741803504
9829,0.45825574180148715,0.45825574180350404
9830,0.4582557418014872,0.4582557418035039
9831,0.45825574180148715,0.4582557418035039
9832,0.4582557418014872,0.4582557418035039
9833,0.4582557418014872,0.4582557418035039
9834,0.45825574180148715,0.458255741803504
9835,0.4582557418014872,0.458255741803504
9836,0.45825574180148715,0.4582557418035039
9837,0.4582557418014872,0.458255741803504
9838,0.4582557418014872,0.4582557418035039
9839,0.45825574180148715,0.4582557418035039
9840,0.45825574180148715,0.4582557418035039
9841,0.45825574180148715,0.4582557418035039
9842,0.45825574180148715,0.458255741803504
9843,0.4582557418014872,0.458255741803504
9844,0.45825574180148726,0.458255741803504
9845,0.45825574180148715,0.458255741803504
9846,0.45825574180148715,0.458255741803504
9847,0.4582557418014872,0.4582557418035039
9848,0.45825574180148715,0.458255741803504
9849,0.45825574180148715,0.4582557418035039
9850,0.4582557418014872,0.458255741803504
9851,0.4582557418014872,0.45825574180350387
9852,0.45825574180148715,0.458255741803504
9853,0.4582557418014871,0.45825574180350387
9854,0.45825574180148715,0.4582557418035039
9855,0.4582557418014872,0.4582557418035039
9856,0.4582557418014872,0.4582557418035039
9857,0.4582557418014872,0.4582557418035039
9858,0.4582557418014872,0.45825574180350404
9859,0.45825574180148715,0.458255741803504
9860,0.4582557418014872,0.458255741803504
9861,0.4582557418014872,0.4582557418035039
9862,0.45825574180148715,0.458255741803504
9863,0.45825574180148715,0.4582557418035039
9864,0.4582557418014872,0.4582557418035039
9865,0.45825574180148715,0.458255741803504
9866,0.45825574180148715,0.45825574180350387
9867,0.45825574180148715,0.4582557418035039
9868,0.45825574180148715,0.4582557418035039
9869,0.4582557418014872,0.4582557418035039
9870,0.4582557418014871,0.4582557418035039
9871,0.45825574180148715,0.45825574180350404
9872,0.45825574180148715,0.458255741803504
9873,0.4582557418014872,0.458255741803504
9874,0.45825574180148715,0.45825574180350404
9875,0.4582557418014872,0.45825574180350404
9876,0.4582557418014872,0.458255741803504
9877,0.4582557418014872,0.458255741803504
9878,0.4582557418014871,0.458255741803504
9879,0.45825574180148715,0.458255741803504
9880,0.4582557418014872,0.4582557418035039
9881,0.45825574180148715,0.4582557418035039
9882,0.4582557418014872,0.45825574180350404
9883,0.45825574180148715,0.458255741803504
9884,0.4582557418014872,0.4582557418035039
9885,0.4582557418014871,0.458255741803504
9886,0.45825574180148715,0.458255741803504
9887,0.45825574180148715,0.458255741803504
9888,0.45825574180148726,0.4582557418035039
9889,0.4582557418014872,0.4582557418035039
9890,0.4582557418014872,0.4582557418035039
9891,0.45825574180148715,0.458255741803504
9892,0.4582557418014872,0.458255741803504
9893,0.45825574180148726,0.45825574180350404
9894,0.45825574180148715,0.458255741803504
9895,0.45825574180148715,0.458255741803504
9896,0.4582557418014872,0.45825574180350404
9897,0.4582557418014872,0.4582557418035039
9898,0.45825574180148715,0.458255741803504
9899,0.4582557418014872,0.458255741803504
9900,0.4582557418014872,0.458255741803504
9901,0.4582557418014872,0.458255741803504
9902,0.45825574180148715,0.45825574180350404
9903,0.45825574180148715,0.4582557418035039
9904,0.45825574180148715,0.458255741803504
9905,0.4582557418014871,0.458255741803504
9906,0.4582557418014872,0.4582557418035039
9907,0.4582557418014872,0.458255741803504
9908,0.4582557418014872,0.458255741803504
9909,0.45825574180148715,0.458255741803504
9910,0.4582557418014872,0.4582557418035039
9911,0.45825574180148726,0.4582557418035039
9912,0.45825574180148715,0.4582557418035039
9913,0.4582557418014872,0.458255741803504
9914,0.45825574180148715,0.4582557418035039
9915,0.45825574180148715,0.4582557418035039
9916,0.45825574180148715,0.458255741803504
9917,0.4582557418014873,0.45825574180350404
9918,0.45825574180148715,0.458255741803504
9919,0.45825574180148715,0.4582557418035039
9920,0.4582557418014872,0.4582557418035039
9921,0.4582557418014871,0.458255741803504
9922,0.45825574180148715,0.458255741803504
9923,0.45825574180148715,0.4582557418035039
9924,0.45825574180148715,0.4582557418035039
9925,0.4582557418014872,0.458255741803504
9926,0.4582557418014872,0.458255741803504
9927,0.45825574180148726,0.4582557418035039
9928,0.4582557418014872,0.4582557418035039
9929,0.4582557418014872,0.458255741803504
9930,0.4582557418014872,0.4582557418035039
9931,0.45825574180148715,0.4582557418035039
9932,0.4582557418014871,0.4582557418035039
9933,0.45825574180148715,0.458255741803504
9934,0.45825574180148715,0.45825574180350404
9935,0.45825574180148715,0.4582557418035039
9936,0.45825574180148715,0.458255741803504
9937,0.45825574180148715,0.458255741803504
9938,0.45825574180148715,0.458255741803504
9939,0.45825574180148715,0.458255741803504
9940,0.4582557418014872,0.458255741803504
9941,0.4582557418014871,0.458255741803504
9942,0.4582557418014872,0.458255741803504
9943,0.4582557418014872,0.458255741803504
9944,0.45825574180148715,0.4582557418035039
9945,0.4582557418014872,0.458255741803504
9946,0.45825574180148726,0.458255741803504
9947,0.45825574180148715,0.4582557418035039
9948,0.45825574180148715,0.458255741803504
9949,0.4582557418014872,0.4582557418035039
9950,0.4582557418014872,0.458255741803504
9951,0.4582557418014872,0.4582557418035039
9952,0.45825574180148715,0.4582557418035039
9953,0.4582557418014872,0.45825574180350404
9954,0.45825574180148715,0.458255741803504
9955,0.45825574180148715,0.458255741803504
9956,0.4582557418014871,0.458255741803504
9957,0.45825574180148715,0.458255741803504
9958,0.4582557418014872,0.458255741803504
9959,0.45825574180148715,0.4582557418035039
9960,0.45825574180148715,0.458255741803504
9961,0.4582557418014872,0.4582557418035039
9962,0.45825574180148715,0.458255741803504
9963,0.45825574180148715,0.45825574180350387
9964,0.45825574180148715,0.45825574180350404
9965,0.45825574180148715,0.458255741803504
9966,0.4582557418014872,0.458255741803504
9967,0.45825574180148715,0.458255741803504
9968,0.4582557418014872,0.458255741803504
9969,0.4582557418014872,0.4582557418035039
9970,0.4582557418014872,0.458255741803504
9971,0.45825574180148715,0.458255741803504
9972,0.4582557418014872,0.4582557418035039
9973,0.4582557418014872,0.4582557418035039
9974,0.45825574180148715,0.4582557418035039
9975,0.4582557418014872,0.4582557418035039
9976,0.45825574180148715,0.4582557418035039
9977,0.45825574180148715,0.458255741803504
9978,0.4582557418014872,0.458255741803504
9979,0.45825574180148715,0.458255741803504
9980,0.4582557418014872,0.45825574180350404
9981,0.45825574180148726,0.458255741803504
9982,0.4582557418014872,0.4582557418035039
9983,0.4582557418014872,0.4582557418035039
9984,0.4582557418014872,0.458255741803504
9985,0.4582557418014872,0.4582557418035039
9986,0.45825574180148715,0.45825574180350404
9987,0.4582557418014872,0.45825574180350404
9988,0.4582557418014872,0.4582557418035039
9989,0.45825574180148726,0.458255741803504
9990,0.4582557418014871,0.4582557418035039
9991,0.4582557418014872,0.4582557418035039
9992,0.4582557418014872,0.458255741803504
9993,0.45825574180148715,0.45825574180350404
9994,0.45825574180148715,0.458255741803504
9995,0.45825574180148715,0.458255741803504
9996,0.4582557418014872,0.4582557418035039
9997,0.4582557418014872,0.458255741803504
9998,0.45825574180148726,0.4582557418035039
9999,0.45825574180148715,0.458255741803504
10000,0.45825574180148726,0.458255741803504
10001,0.4582557418014871,0.458255741803504
10002,0.4582557418014872,0.45825574180350404
10003,0.45825574180148715,0.4582557418035039
10004,0.4582557418014872,0.4582557418035039
10005,0.45825574180148726,0.458255741803504
10006,0.45825574180148715,0.458255741803504
10007,0.4582557418014872,0.458255741803504
10008,0.4582557418014872,0.458255741803504
10009,0.45825574180148715,0.458255741803504
10010,0.4582557418014872,0.458255741803504
10011,0.4582557418014872,0.458255741803504
10012,0.4582557418014872,0.458255741803504
10013,0.45825574180148715,0.458255741803504
10014,0.4582557418014872,0.458255741803504
10015,0.4582557418014872,0.458255741803504
10016,0.45825574180148715,0.4582557418035039
10017,0.4582557418014872,0.4582557418035039
10018,0.45825574180148715,0.458255741803504
10019,0.4582557418014872,0.4582557418035039
10020,0.4582557418014872,0.4582557418035039
10021,0.4582557418014872,0.4582557418035039
10022,0.45825574180148715,0.45825574180350404
10023,0.45825574180148715,0.45825574180350404
10024,0.4582557418014872,0.458255741803504
10025,0.45825574180148715,0.4582557418035039
10026,0.45825574180148715,0.4582557418035039
10027,0.4582557418014872,0.4582557418035039
10028,0.45825574180148715,0.458255741803504
10029,0.45825574180148715,0.458255741803504
10030,0.4582557418014872,0.45825574180350404
10031,0.45825574180148715,0.458255741803504
10032,0.4582557418014872,0.4582557418035039
10033,0.45825574180148715,0.4582557418035039
10034,0.4582557418014872,0.458255741803504
10035,0.4582557418014871,0.45825574180350404
10036,0.45825574180148715,0.458255741803504
10037,0.4582557418014872,0.4582557418035039
10038,0.45825574180148715,0.458255741803504
10039,0.45825574180148715,0.45825574180350404
10040,0.4582557418014872,0.458255741803504
10041,0.45825574180148715,0.4582557418035039
10042,0.4582557418014872,0.458255741803504
10043,0.45825574180148715,0.45825574180350404
10044,0.45825574180148715,0.458255741803504
10045,0.4582557418014872,0.458255741803504
10046,0.4582557418014872,0.4582557418035039
10047,0.45825574180148715,0.4582557418035039
10048,0.4582557418014871,0.458255741803504
10049,0.4582557418014871,0.458255741803504
10050,0.45825574180148715,0.45825574180350404
10051,0.45825574180148715,0.45825574180350387
10052,0.4582557418014872,0.45825574180350404
10053,0.4582557418014872,0.458255741803504
10054,0.45825574180148715,0.458255741803504
10055,0.45825574180148726,0.458255741803504
10056,0.4582557418014871,0.4582557418035039
10057,0.4582557418014872,0.458255741803504
10058,0.4582557418014871,0.458255741803504
10059,0.45825574180148715,0.4582557418035039
10060,0.45825574180148715,0.45825574180350404
10061,0.4582557418014871,0.45825574180350404
10062,0.45825574180148715,0.45825574180350387
10063,0.4582557418014872,0.458255741803504
10064,0.4582557418014872,0.458255741803504
10065,0.45825574180148715,0.4582557418035039
10066,0.4582557418014872,0.458255741803504
10067,0.4582557418014872,0.458255741803504
10068,0.4582557418014872,0.4582557418035039
10069,0.4582557418014872,0.4582557418035039
10070,0.4582557418014872,0.4582557418035039
10071,0.4582557418014872,0.458255741803504
10072,0.4582557418014872,0.458255741803504
10073,0.4582557418014872,0.4582557418035039
10074,0.4582557418014872,0.458255741803504
10075,0.4582557418014872,0.458255741803504
10076,0.4582557418014872,0.4582557418035039
10077,0.4582557418014872,0.4582557418035039
10078,0.4582557418014872,0.4582557418035039
10079,0.45825574180148715,0.458255741803504
10080,0.45825574180148715,0.4582557418035039
10081,0.45825574180148715,0.4582557418035039
10082,0.45825574180148715,0.458255741803504
10083,0.45825574180148715,0.458255741803504
10084,0.45825574180148715,0.458255741803504
10085,0.4582557418014872,0.458255741803504
10086,0.4582557418014871,0.4582557418035039
10087,0.45825574180148715,0.4582557418035039
10088,0.4582557418014872,0.45825574180350404
10089,0.4582557418014872,0.4582557418035039
10090,0.45825574180148715,0.458255741803504
10091,0.4582557418014872,0.458255741803504
10092,0.4582557418014872,0.458255741803504
10093,0.45825574180148715,0.45825574180350404
10094,0.4582557418014872,0.458255741803504
10095,0.4582557418014872,0.45825574180350387
10096,0.45825574180148715,0.4582557418035039
10097,0.45825574180148715,0.45825574180350404
10098,0.4582557418014872,0.458255741803504
10099,0.4582557418014872,0.4582557418035039
10100,0.45825574180148715,0.458255741803504
10101,0.4582557418014872,0.458255741803504
10102,0.4582557418014872,0.4582557418035039
10103,0.4582557418014872,0.458255741803504
10104,0.4582557418014872,0.458255741803504
10105,0.45825574180148715,0.4582557418035039
10106,0.4582557418014872,0.45825574180350404
10107,0.4582557418014871,0.4582557418035039
10108,0.4582557418014872,0.45825574180350404
10109,0.4582557418014872,0.458255741803504
10110,0.4582557418014872,0.4582557418035039
10111,0.4582557418014872,0.4582557418035039
10112,0.45825574180148715,0.458255741803504
10113,0.4582557418014872,0.458255741803504
10114,0.4582557418014872,0.4582557418035039
10115,0.4582557418014872,0.458255741803504
10116,0.45825574180148715,0.4582557418035039
10117,0.4582557418014872,0.4582557418035039
10118,0.4582557418014871,0.458255741803504
10119,0.4582557418014872,0.458255741803504
10120,0.45825574180148715,0.45825574180350404
10121,0.4582557418014871,0.4582557418035039
10122,0.4582557418014872,0.458255741803504
10123,0.45825574180148715,0.458255741803504
10124,0.45825574180148715,0.458255741803504
10125,0.4582557418014872,0.458255741803504
10126,0.4582557418014872,0.45825574180350404
10127,0.4582557418014872,0.458255741803504
10128,0.45825574180148715,0.458255741803504
10129,0.45825574180148715,0.45825574180350404
10130,0.4582557418014871,0.4582557418035039
10131,0.45825574180148726,0.458255741803504
10132,0.45825574180148715,0.458255741803504
10133,0.45825574180148726,0.45825574180350387
10134,0.45825574180148715,0.4582557418035039
10135,0.45825574180148726,0.45825574180350404
10136,0.4582557418014872,0.458255741803504
10137,0.45825574180148715,0.458255741803504
10138,0.45825574180148715,0.458255741803504
10139,0.4582557418014872,0.458255741803504
10140,0.45825574180148715,0.4582557418035039
10141,0.4582557418014872,0.458255741803504
10142,0.4582557418014872,0.458255741803504
10143,0.45825574180148715,0.4582557418035039
10144,0.45825574180148715,0.458255741803504
10145,0.45825574180148715,0.458255741803504
10146,0.45825574180148715,0.458255741803504
10147,0.4582557418014872,0.458255741803504
10148,0.4582557418014872,0.458255741803504
10149,0.45825574180148715,0.45825574180350404
10150,0.45825574180148715,0.4582557418035039
10151,0.4582557418014871,0.458255741803504
10152,0.4582557418014872,0.458255741803504
10153,0.45825574180148726,0.458255741803504
10154,0.4582557418014872,0.4582557418035039
10155,0.45825574180148715,0.458255741803504
10156,0.4582557418014872,0.4582557418035039
10157,0.4582557418014872,0.458255741803504
10158,0.4582557418014872,0.458255741803504
10159,0.4582557418014872,0.4582557418035039
10160,0.4582557418014872,0.4582557418035039
10161,0.45825574180148726,0.458255741803504
10162,0.45825574180148715,0.458255741803504
10163,0.4582557418014871,0.45825574180350404
10164,0.45825574180148715,0.458255741803504
10165,0.4582557418014872,0.4582557418035039
10166,0.45825574180148715,0.458255741803504
10167,0.4582557418014872,0.458255741803504
10168,0.4582557418014872,0.4582557418035039
10169,0.4582557418014872,0.4582557418035039
10170,0.45825574180148715,0.4582557418035039
10171,0.4582557418014872,0.4582557418035039
10172,0.4582557418014872,0.458255741803504
10173,0.45825574180148715,0.458255741803504
10174,0.4582557418014871,0.4582557418035039
10175,0.4582557418014872,0.4582557418035039
10176,0.4582557418014872,0.4582557418035039
10177,0.45825574180148715,0.4582557418035039
10178,0.4582557418014872,0.458255741803504
10179,0.45825574180148715,0.4582557418035039
10180,0.45825574180148715,0.458255741803504
10181,0.45825574180148715,0.45825574180350404
10182,0.45825574180148715,0.4582557418035039
10183,0.45825574180148715,0.458255741803504
10184,0.45825574180148715,0.458255741803504
10185,0.4582557418014872,0.4582557418035039
10186,0.45825574180148715,0.458255741803504
10187,0.4582557418014872,0.4582557418035039
10188,0.4582557418014872,0.4582557418035039
10189,0.4582557418014872,0.458255741803504
10190,0.45825574180148715,0.45825574180350404
10191,0.45825574180148715,0.458255741803504
10192,0.4582557418014872,0.458255741803504
10193,0.45825574180148715,0.4582557418035039
10194,0.45825574180148715,0.4582557418035039
10195,0.4582557418014872,0.45825574180350387
10196,0.4582557418014872,0.458255741803504
10197,0.4582557418014872,0.458255741803504
10198,0.45825574180148715,0.458255741803504
10199,0.45825574180148726,0.458255741803504
10200,0.45825574180148715,0.4582557418035039
10201,0.45825574180148715,0.458255741803504
10202,0.45825574180148715,0.458255741803504
10203,0.45825574180148715,0.458255741803504
10204,0.45825574180148715,0.458255741803504
10205,0.4582557418014872,0.4582557418035039
10206,0.45825574180148715,0.45825574180350404
10207,0.45825574180148715,0.45825574180350387
10208,0.4582557418014872,0.4582557418035039
10209,0.4582557418014871,0.45825574180350404
10210,0.45825574180148726,0.45825574180350404
10211,0.45825574180148715,0.458255741803504
10212,0.45825574180148715,0.45825574180350404
10213,0.4582557418014872,0.4582557418035039
10214,0.4582557418014872,0.458255741803504
10215,0.45825574180148726,0.458255741803504
10216,0.45825574180148715,0.458255741803504
10217,0.4582557418014872,0.4582557418035039
10218,0.4582557418014872,0.458255741803504
10219,0.45825574180148715,0.458255741803504
10220,0.4582557418014872,0.458255741803504
10221,0.45825574180148715,0.4582557418035039
10222,0.4582557418014872,0.4582557418035039
10223,0.4582557418014872,0.458255741803504
10224,0.45825574180148715,0.458255741803504
10225,0.4582557418014872,0.4582557418035039
10226,0.4582557418014871,0.4582557418035039
10227,0.4582557418014872,0.4582557418035039
10228,0.4582557418014872,0.45825574180350404
10229,0.45825574180148715,0.458255741803504
10230,0.45825574180148715,0.4582557418035039
10231,0.45825574180148715,0.4582557418035039
10232,0.45825574180148715,0.45825574180350404
10233,0.4582557418014872,0.458255741803504
10234,0.4582557418014872,0.458255741803504
10235,0.4582557418014872,0.4582557418035039
10236,0.45825574180148715,0.45825574180350404
10237,0.4582557418014872,0.4582557418035039
10238,0.45825574180148726,0.458255741803504
10239,0.45825574180148726,0.45825574180350404
10240,0.45825574180148715,0.45825574180350404
10241,0.4582557418014872,0.4582557418035039
10242,0.45825574180148726,0.45825574180350387
10243,0.45825574180148715,0.4582557418035039
10244,0.4582557418014872,0.4582557418035039
10245,0.45825574180148715,0.458255741803504
10246,0.45825574180148715,0.4582557418035039
10247,0.45825574180148715,0.45825574180350404
10248,0.4582557418014872,0.45825574180350404
10249,0.45825574180148715,0.458255741803504
10250,0.4582557418014872,0.458255741803504
10251,0.4582557418014872,0.4582557418035039
10252,0.4582557418014872,0.458255741803504
10253,0.4582557418014872,0.4582557418035039
10254,0.45825574180148715,0.458255741803504
10255,0.45825574180148715,0.458255741803504
10256,0.4582557418014872,0.458255741803504
10257,0.4582557418014872,0.4582557418035039
10258,0.45825574180148715,0.458255741803504
10259,0.4582557418014872,0.458255741803504
10260,0.4582557418014872,0.4582557418035039
10261,0.45825574180148715,0.4582557418035039
10262,0.4582557418014872,0.4582557418035039
10263,0.4582557418014872,0.4582557418035039
10264,0.45825574180148726,0.45825574180350387
10265,0.45825574180148715,0.458255741803504
10266,0.4582557418014872,0.458255741803504
10267,0.45825574180148715,0.458255741803504
10268,0.45825574180148715,0.4582557418035039
10269,0.45825574180148726,0.45825574180350404
10270,0.4582557418014872,0.458255741803504
10271,0.4582557418014872,0.45825574180350404
10272,0.45825574180148726,0.458255741803504
10273,0.4582557418014872,0.4582557418035039
10274,0.4582557418014871,0.4582557418035039
10275,0.4582557418014872,0.4582557418035039
10276,0.45825574180148715,0.458255741803504
10277,0.4582557418014872,0.4582557418035039
10278,0.4582557418014872,0.458255741803504
10279,0.4582557418014872,0.458255741803504
10280,0.45825574180148715,0.458255741803504
10281,0.4582557418014872,0.4582557418035039
10282,0.4582557418014872,0.4582557418035039
10283,0.45825574180148726,0.458255741803504
10284,0.45825574180148715,0.458255741803504
10285,0.4582557418014872,0.458255741803504
10286,0.45825574180148715,0.458255741803504
10287,0.45825574180148715,0.4582557418035039
10288,0.45825574180148715,0.458255741803504
10289,0.4582557418014872,0.4582557418035039
10290,0.4582557418014872,0.458255741803504
10291,0.4582557418014872,0.458255741803504
10292,0.45825574180148715,0.458255741803504
10293,0.45825574180148715,0.458255741803504
10294,0.45825574180148726,0.458255741803504
10295,0.45825574180148726,0.4582557418035039
10296,0.4582557418014872,0.458255741803504
10297,0.4582557418014872,0.458255741803504
10298,0.4582557418014872,0.458255741803504
10299,0.4582557418014871,0.4582557418035039
10300,0.4582557418014872,0.458255741803504
10301,0.4582557418014872,0.4582557418035039
10302,0.45825574180148715,0.4582557418035039
10303,0.4582557418014872,0.458255741803504
10304,0.4582557418014872,0.4582557418035039
10305,0.45825574180148726,0.4582557418035039
10306,0.45825574180148715,0.458255741803504
10307,0.45825574180148715,0.45825574180350404
10308,0.45825574180148715,0.45825574180350404
10309,0.45825574180148715,0.4582557418035039
10310,0.45825574180148726,0.458255741803504
10311,0.45825574180148715,0.458255741803504
10312,0.4582557418014872,0.4582557418035039
10313,0.45825574180148715,0.4582557418035039
10314,0.4582557418014872,0.458255741803504
10315,0.4582557418014872,0.458255741803504
10316,0.4582557418014872,0.458255741803504
10317,0.4582557418014872,0.4582557418035039
10318,0.4582557418014872,0.45825574180350387
10319,0.45825574180148715,0.4582557418035039
10320,0.45825574180148715,0.458255741803504
10321,0.4582557418014872,0.458255741803504
10322,0.45825574180148715,0.458255741803504
10323,0.45825574180148715,0.458255741803504
10324,0.45825574180148715,0.4582557418035039
10325,0.4582557418014872,0.458255741803504
10326,0.4582557418014872,0.458255741803504
10327,0.4582557418014872,0.458255741803504
10328,0.45825574180148715,0.4582557418035039
10329,0.45825574180148715,0.458255741803504
10330,0.45825574180148715,0.458255741803504
10331,0.45825574180148715,0.4582557418035039
10332,0.4582557418014872,0.4582557418035039
10333,0.4582557418014872,0.458255741803504
10334,0.4582557418014872,0.4582557418035039
10335,0.4582557418014872,0.458255741803504
10336,0.45825574180148715,0.45825574180350404
10337,0.45825574180148715,0.4582557418035039
10338,0.45825574180148715,0.458255741803504
10339,0.45825574180148715,0.458255741803504
10340,0.45825574180148715,0.458255741803504
10341,0.4582557418014872,0.45825574180350404
10342,0.4582557418014872,0.458255741803504
10343,0.45825574180148715,0.458255741803504
10344,0.45825574180148726,0.45825574180350404
10345,0.45825574180148715,0.458255741803504
10346,0.45825574180148715,0.45825574180350387
10347,0.45825574180148726,0.458255741803504
10348,0.4582557418014872,0.4582557418035039
10349,0.4582557418014872,0.458255741803504
10350,0.4582557418014872,0.4582557418035039
10351,0.45825574180148715,0.4582557418035039
10352,0.4582557418014872,0.458255741803504
10353,0.45825574180148715,0.458255741803504
10354,0.45825574180148715,0.45825574180350387
10355,0.45825574180148715,0.458255741803504
10356,0.4582557418014871,0.4582557418035039
10357,0.45825574180148715,0.4582557418035039
10358,0.45825574180148715,0.4582557418035039
10359,0.4582557418014872,0.4582557418035039
10360,0.4582557418014872,0.458255741803504
10361,0.45825574180148715,0.4582557418035039
10362,0.45825574180148715,0.458255741803504
10363,0.4582557418014872,0.458255741803504
10364,0.45825574180148715,0.4582557418035039
10365,0.4582557418014871,0.458255741803504
10366,0.45825574180148715,0.458255741803504
10367,0.45825574180148726,0.4582557418035039
10368,0.45825574180148726,0.4582557418035039
10369,0.4582557418014872,0.45825574180350404
10370,0.4582557418014872,0.458255741803504
10371,0.4582557418014872,0.4582557418035039
10372,0.4582557418014872,0.458255741803504
10373,0.4582557418014872,0.458255741803504
10374,0.45825574180148715,0.4582557418035039
10375,0.4582557418014872,0.4582557418035039
10376,0.4582557418014872,0.458255741803504
10377,0.4582557418014872,0.45825574180350404
10378,0.45825574180148715,0.458255741803504
10379,0.4582557418014872,0.45825574180350404
10380,0.4582557418014872,0.458255741803504
10381,0.4582557418014872,0.45825574180350404
10382,0.45825574180148715,0.45825574180350404
10383,0.4582557418014871,0.458255741803504
10384,0.45825574180148715,0.458255741803504
10385,0.45825574180148715,0.4582557418035039
10386,0.4582557418014872,0.45825574180350404
10387,0.45825574180148715,0.4582557418035039
10388,0.4582557418014872,0.4582557418035039
10389,0.45825574180148715,0.458255741803504
10390,0.45825574180148715,0.458255741803504
10391,0.45825574180148715,0.4582557418035039
10392,0.45825574180148715,0.458255741803504
10393,0.4582557418014871,0.4582557418035039
10394,0.45825574180148715,0.458255741803504
10395,0.45825574180148726,0.4582557418035039
10396,0.45825574180148715,0.45825574180350387
10397,0.4582557418014872,0.4582557418035039
10398,0.45825574180148715,0.4582557418035039
10399,0.45825574180148715,0.458255741803504
10400,0.4582557418014872,0.458255741803504
10401,0.4582557418014872,0.458255741803504
10402,0.4582557418014872,0.458255741803504
10403,0.45825574180148715,0.4582557418035039
10404,0.4582557418014872,0.458255741803504
10405,0.4582557418014872,0.4582557418035039
10406,0.4582557418014872,0.4582557418035039
10407,0.45825574180148715,0.4582557418035039
10408,0.4582557418014872,0.458255741803504
10409,0.4582557418014872,0.4582557418035039
10410,0.4582557418014872,0.458255741803504
10411,0.4582557418014872,0.4582557418035039
10412,0.4582557418014872,0.458255741803504
10413,0.4582557418014872,0.4582557418035039
10414,0.4582557418014872,0.458255741803504
10415,0.4582557418014872,0.458255741803504
10416,0.4582557418014872,0.45825574180350387
10417,0.45825574180148715,0.458255741803504
10418,0.45825574180148715,0.4582557418035039
10419,0.45825574180148715,0.458255741803504
10420,0.45825574180148715,0.458255741803504
10421,0.4582557418014872,0.45825574180350404
10422,0.45825574180148715,0.4582557418035039
10423,0.4582557418014872,0.458255741803504
10424,0.4582557418014872,0.458255741803504
10425,0.4582557418014871,0.458255741803504
10426,0.45825574180148715,0.458255741803504
10427,0.45825574180148715,0.458255741803504
10428,0.4582557418014872,0.45825574180350387
10429,0.45825574180148715,0.458255741803504
10430,0.45825574180148726,0.4582557418035039
10431,0.4582557418014872,0.458255741803504
10432,0.4582557418014872,0.458255741803504
10433,0.45825574180148715,0.4582557418035039
10434,0.45825574180148726,0.4582557418035039
10435,0.4582557418014872,0.4582557418035039
10436,0.45825574180148715,0.458255741803504
10437,0.45825574180148715,0.458255741803504
10438,0.45825574180148715,0.4582557418035039
10439,0.45825574180148726,0.458255741803504
10440,0.45825574180148715,0.458255741803504
10441,0.45825574180148715,0.45825574180350404
10442,0.4582557418014872,0.458255741803504
10443,0.4582557418014872,0.4582557418035039
10444,0.45825574180148715,0.458255741803504
10445,0.45825574180148715,0.458255741803504
10446,0.4582557418014872,0.458255741803504
10447,0.4582557418014872,0.458255741803504
10448,0.45825574180148704,0.458255741803504
10449,0.4582557418014872,0.458255741803504
10450,0.45825574180148715,0.458255741803504
10451,0.4582557418014872,0.45825574180350404
10452,0.4582557418014871,0.4582557418035039
10453,0.45825574180148715,0.4582557418035039
10454,0.4582557418014872,0.4582557418035039
10455,0.45825574180148715,0.4582557418035039
10456,0.4582557418014872,0.4582557418035039
10457,0.4582557418014872,0.458255741803504
10458,0.4582557418014872,0.458255741803504
10459,0.4582557418014872,0.458255741803504
10460,0.4582557418014872,0.4582557418035039
10461,0.4582557418014872,0.4582557418035039
10462,0.4582557418014872,0.4582557418035039
10463,0.45825574180148715,0.4582557418035039
10464,0.4582557418014872,0.4582557418035039
10465,0.4582557418014872,0.4582557418035039
10466,0.4582557418014872,0.458255741803504
10467,0.45825574180148715,0.4582557418035039
10468,0.4582557418014872,0.458255741803504
10469,0.45825574180148715,0.458255741803504
10470,0.4582557418014871,0.458255741803504
10471,0.45825574180148726,0.4582557418035039
10472,0.4582557418014871,0.45825574180350387
10473,0.4582557418014872,0.4582557418035039
10474,0.4582557418014872,0.458255741803504
10475,0.45825574180148715,0.4582557418035039
10476,0.45825574180148715,0.458255741803504
10477,0.4582557418014872,0.4582557418035039
10478,0.45825574180148715,0.4582557418035039
10479,0.45825574180148715,0.4582557418035039
10480,0.45825574180148715,0.4582557418035039
10481,0.4582557418014872,0.458255741803504
10482,0.4582557418014872,0.458255741803504
10483,0.4582557418014872,0.458255741803504
10484,0.4582557418014871,0.458255741803504
10485,0.4582557418014872,0.4582557418035039
10486,0.4582557418014872,0.458255741803504
10487,0.4582557418014872,0.458255741803504
10488,0.4582557418014872,0.45825574180350404
10489,0.4582557418014872,0.45825574180350387
10490,0.4582557418014872,0.4582557418035039
10491,0.4582557418014872,0.458255741803504
10492,0.45825574180148715,0.458255741803504
10493,0.45825574180148715,0.458255741803504
10494,0.4582557418014872,0.4582557418035039
10495,0.4582557418014871,0.4582557418035039
10496,0.45825574180148715,0.458255741803504
10497,0.45825574180148715,0.458255741803504
10498,0.45825574180148715,0.458255741803504
10499,0.4582557418014872,0.4582557418035039
10500,0.45825574180148726,0.4582557418035039
10501,0.45825574180148715,0.45825574180350404
10502,0.4582557418014872,0.4582557418035039
10503,0.4582557418014871,0.458255741803504
10504,0.45825574180148715,0.458255741803504
10505,0.4582557418014871,0.458255741803504
10506,0.4582557418014872,0.458255741803504
10507,0.4582557418014872,0.4582557418035039
10508,0.45825574180148715,0.4582557418035039
10509,0.45825574180148715,0.4582557418035039
10510,0.45825574180148715,0.458255741803504
10511,0.45825574180148715,0.4582557418035039
10512,0.4582557418014872,0.458255741803504
10513,0.45825574180148715,0.458255741803504
10514,0.45825574180148715,0.458255741803504
10515,0.4582557418014872,0.458255741803504
10516,0.4582557418014872,0.458255741803504
10517,0.45825574180148715,0.4582557418035039
10518,0.4582557418014872,0.458255741803504
10519,0.45825574180148715,0.4582557418035039
10520,0.45825574180148715,0.458255741803504
10521,0.4582557418014872,0.4582557418035039
10522,0.45825574180148715,0.458255741803504
10523,0.45825574180148715,0.458255741803504
10524,0.45825574180148715,0.458255741803504
10525,0.45825574180148715,0.4582557418035039
10526,0.4582557418014872,0.458255741803504
10527,0.45825574180148715,0.4582557418035039
10528,0.45825574180148715,0.458255741803504
10529,0.45825574180148715,0.4582557418035039
10530,0.45825574180148715,0.4582557418035039
10531,0.4582557418014872,0.4582557418035039
10532,0.45825574180148715,0.45825574180350387
10533,0.4582557418014872,0.45825574180350404
10534,0.4582557418014872,0.458255741803504
10535,0.45825574180148715,0.4582557418035039
10536,0.45825574180148726,0.4582557418035039
10537,0.45825574180148715,0.458255741803504
10538,0.45825574180148715,0.458255741803504
10539,0.4582557418014872,0.4582557418035039
10540,0.4582557418014872,0.4582557418035039
10541,0.45825574180148715,0.458255741803504
10542,0.45825574180148715,0.458255741803504
10543,0.45825574180148715,0.4582557418035039
10544,0.4582557418014872,0.458255741803504
10545,0.4582557418014872,0.4582557418035039
10546,0.4582557418014872,0.458255741803504
10547,0.45825574180148715,0.45825574180350404
10548,0.45825574180148726,0.458255741803504
10549,0.4582557418014872,0.458255741803504
10550,0.4582557418014872,0.458255741803504
10551,0.4582557418014871,0.458255741803504
10552,0.4582557418014872,0.4582557418035039
10553,0.4582557418014872,0.4582557418035039
10554,0.45825574180148715,0.45825574180350404
10555,0.4582557418014872,0.4582557418035039
10556,0.4582557418014872,0.458255741803504
10557,0.45825574180148715,0.4582557418035039
10558,0.4582557418014872,0.4582557418035039
10559,0.4582557418014871,0.458255741803504
10560,0.45825574180148715,0.4582557418035039
10561,0.4582557418014872,0.4582557418035039
10562,0.4582557418014872,0.45825574180350404
10563,0.45825574180148715,0.458255741803504
10564,0.4582557418014872,0.458255741803504
10565,0.4582557418014871,0.458255741803504
10566,0.4582557418014872,0.45825574180350387
10567,0.4582557418014872,0.4582557418035039
10568,0.4582557418014872,0.4582557418035039
10569,0.45825574180148715,0.4582557418035039
10570,0.4582557418014872,0.4582557418035039
10571,0.45825574180148715,0.4582557418035039
10572,0.45825574180148715,0.4582557418035039
10573,0.45825574180148715,0.45825574180350387
10574,0.45825574180148715,0.458255741803504
10575,0.45825574180148715,0.4582557418035039
10576,0.4582557418014872,0.458255741803504
10577,0.4582557418014871,0.458255741803504
10578,0.45825574180148715,0.4582557418035039
10579,0.45825574180148715,0.4582557418035039
10580,0.4582557418014872,0.4582557418035039
10581,0.45825574180148726,0.458255741803504
10582,0.4582557418014872,0.45825574180350404
10583,0.45825574180148715,0.458255741803504
10584,0.4582557418014872,0.458255741803504
10585,0.45825574180148715,0.4582557418035039
10586,0.4582557418014872,0.45825574180350404
10587,0.4582557418014871,0.458255741803504
10588,0.4582557418014872,0.458255741803504
10589,0.4582557418014872,0.45825574180350404
10590,0.45825574180148726,0.458255741803504
10591,0.45825574180148715,0.4582557418035039
10592,0.45825574180148715,0.458255741803504
10593,0.4582557418014872,0.4582557418035039
10594,0.45825574180148715,0.458255741803504
10595,0.45825574180148715,0.458255741803504
10596,0.45825574180148715,0.45825574180350387
10597,0.4582557418014871,0.4582557418035039
10598,0.4582557418014872,0.4582557418035039
10599,0.45825574180148715,0.458255741803504
10600,0.45825574180148715,0.458255741803504
10601,0.4582557418014871,0.4582557418035039
10602,0.45825574180148715,0.4582557418035039
10603,0.4582557418014872,0.4582557418035039
10604,0.45825574180148726,0.4582557418035039
10605,0.4582557418014872,0.458255741803504
10606,0.45825574180148726,0.458255741803504
10607,0.4582557418014872,0.4582557418035039
10608,0.4582557418014872,0.458255741803504
10609,0.4582557418014872,0.45825574180350404
10610,0.4582557418014872,0.458255741803504
10611,0.45825574180148715,0.4582557418035039
10612,0.4582557418014872,0.458255741803504
10613,0.4582557418014871,0.458255741803504
10614,0.45825574180148715,0.4582557418035039
10615,0.4582557418014872,0.4582557418035039
10616,0.45825574180148715,0.45825574180350404
10617,0.45825574180148726,0.4582557418035039
10618,0.4582557418014872,0.4582557418035039
10619,0.4582557418014872,0.458255741803504
10620,0.4582557418014872,0.458255741803504
10621,0.4582557418014872,0.4582557418035039
10622,0.4582557418014871,0.4582557418035039
10623,0.45825574180148715,0.4582557418035039
10624,0.4582557418014872,0.4582557418035039
10625,0.45825574180148715,0.4582557418035039
10626,0.45825574180148715,0.4582557418035039
10627,0.45825574180148715,0.4582557418035039
10628,0.45825574180148715,0.4582557418035039
10629,0.4582557418014872,0.458255741803504
10630,0.45825574180148715,0.458255741803504
10631,0.45825574180148715,0.458255741803504
10632,0.4582557418014872,0.458255741803504
10633,0.4582557418014872,0.4582557418035039
10634,0.4582557418014872,0.458255741803504
10635,0.4582557418014872,0.458255741803504
10636,0.45825574180148715,0.4582557418035039
10637,0.45825574180148715,0.4582557418035039
10638,0.45825574180148715,0.4582557418035039
10639,0.45825574180148715,0.458255741803504
10640,0.4582557418014872,0.458255741803504
10641,0.4582557418014872,0.458255741803504
10642,0.45825574180148715,0.4582557418035039
10643,0.45825574180148715,0.4582557418035039
10644,0.45825574180148715,0.458255741803504
10645,0.45825574180148715,0.458255741803504
10646,0.45825574180148715,0.4582557418035039
10647,0.45825574180148715,0.45825574180350404
10648,0.45825574180148715,0.458255741803504
10649,0.45825574180148715,0.45825574180350404
10650,0.45825574180148715,0.4582557418035039
10651,0.4582557418014872,0.4582557418035039
10652,0.4582557418014872,0.4582557418035039
10653,0.45825574180148715,0.45825574180350404
10654,0.45825574180148715,0.458255741803504
10655,0.4582557418014872,0.458255741803504
10656,0.45825574180148715,0.4582557418035039
10657,0.45825574180148715,0.4582557418035039
10658,0.4582557418014872,0.4582557418035039
10659,0.45825574180148715,0.458255741803504
10660,0.45825574180148715,0.45825574180350404
10661,0.45825574180148715,0.45825574180350404
10662,0.45825574180148715,0.458255741803504
10663,0.45825574180148715,0.458255741803504
10664,0.4582557418014872,0.458255741803504
10665,0.45825574180148715,0.458255741803504
10666,0.4582557418014871,0.458255741803504
10667,0.4582557418014872,0.45825574180350404
10668,0.4582557418014872,0.458255741803504
10669,0.4582557418014872,0.4582557418035039
10670,0.45825574180148726,0.4582557418035039
10671,0.4582557418014872,0.458255741803504
10672,0.4582557418014871,0.458255741803504
10673,0.4582557418014872,0.4582557418035039
10674,0.4582557418014872,0.4582557418035039
10675,0.4582557418014872,0.458255741803504
10676,0.45825574180148715,0.458255741803504
10677,0.4582557418014872,0.458255741803504
10678,0.45825574180148715,0.458255741803504
10679,0.45825574180148715,0.458255741803504
10680,0.45825574180148715,0.458255741803504
10681,0.45825574180148715,0.458255741803504
10682,0.4582557418014872,0.4582557418035039
10683,0.45825574180148715,0.458255741803504
10684,0.4582557418014871,0.4582557418035039
10685,0.45825574180148715,0.4582557418035039
10686,0.4582557418014872,0.4582557418035039
10687,0.4582557418014872,0.45825574180350404
10688,0.4582557418014872,0.4582557418035039
10689,0.45825574180148726,0.45825574180350404
10690,0.45825574180148715,0.458255741803504
10691,0.45825574180148715,0.4582557418035039
10692,0.4582557418014872,0.4582557418035039
10693,0.4582557418014871,0.458255741803504
10694,0.45825574180148715,0.458255741803504
10695,0.45825574180148715,0.458255741803504
10696,0.4582557418014871,0.458255741803504
10697,0.45825574180148715,0.458255741803504
10698,0.4582557418014872,0.4582557418035039
10699,0.4582557418014872,0.4582557418035039
10700,0.45825574180148715,0.458255741803504
10701,0.4582557418014872,0.458255741803504
10702,0.45825574180148715,0.4582557418035039
10703,0.4582557418014872,0.458255741803504
10704,0.45825574180148715,0.458255741803504
10705,0.45825574180148715,0.458255741803504
10706,0.4582557418014871,0.458255741803504
10707,0.45825574180148715,0.458255741803504
10708,0.45825574180148715,0.458255741803504
10709,0.45825574180148715,0.458255741803504
10710,0.4582557418014872,0.458255741803504
10711,0.45825574180148726,0.45825574180350387
10712,0.4582557418014872,0.458255741803504
10713,0.4582557418014871,0.458255741803504
10714,0.45825574180148726,0.458255741803504
10715,0.4582557418014872,0.458255741803504
10716,0.45825574180148715,0.45825574180350387
10717,0.4582557418014872,0.4582557418035039
10718,0.4582557418014872,0.458255741803504
10719,0.45825574180148715,0.4582557418035039
10720,0.45825574180148715,0.4582557418035039
10721,0.4582557418014872,0.458255741803504
10722,0.4582557418014872,0.45825574180350404
10723,0.4582557418014872,0.458255741803504
10724,0.4582557418014872,0.4582557418035039
10725,0.4582557418014872,0.458255741803504
10726,0.4582557418014872,0.4582557418035039
10727,0.45825574180148715,0.458255741803504
10728,0.4582557418014872,0.4582557418035039
10729,0.45825574180148715,0.4582557418035039
10730,0.45825574180148715,0.45825574180350387
10731,0.4582557418014872,0.458255741803504
10732,0.4582557418014872,0.458255741803504
10733,0.45825574180148715,0.458255741803504
10734,0.45825574180148715,0.4582557418035039
10735,0.45825574180148715,0.458255741803504
10736,0.4582557418014872,0.458255741803504
10737,0.4582557418014872,0.458255741803504
10738,0.45825574180148715,0.458255741803504
10739,0.45825574180148715,0.4582557418035039
10740,0.4582557418014872,0.458255741803504
10741,0.4582557418014872,0.4582557418035039
10742,0.45825574180148726,0.458255741803504
10743,0.45825574180148726,0.4582557418035039
10744,0.45825574180148715,0.4582557418035039
10745,0.4582557418014872,0.4582557418035039
10746,0.4582557418014872,0.458255741803504
10747,0.45825574180148726,0.458255741803504
10748,0.45825574180148715,0.4582557418035039
10749,0.45825574180148715,0.4582557418035039
10750,0.45825574180148715,0.458255741803504
10751,0.4582557418014872,0.4582557418035039
10752,0.45825574180148715,0.458255741803504
10753,0.45825574180148715,0.458255741803504
10754,0.45825574180148715,0.458255741803504
10755,0.4582557418014872,0.45825574180350404
10756,0.45825574180148715,0.458255741803504
10757,0.4582557418014872,0.45825574180350404
10758,0.4582557418014872,0.45825574180350404
10759,0.4582557418014872,0.458255741803504
10760,0.4582557418014872,0.458255741803504
10761,0.45825574180148715,0.4582557418035039
10762,0.45825574180148715,0.4582557418035039
10763,0.45825574180148715,0.4582557418035039
10764,0.45825574180148715,0.458255741803504
10765,0.4582557418014872,0.4582557418035039
10766,0.45825574180148715,0.4582557418035039
10767,0.45825574180148715,0.4582557418035039
10768,0.45825574180148715,0.458255741803504
10769,0.45825574180148715,0.458255741803504
10770,0.4582557418014872,0.4582557418035039
10771,0.45825574180148715,0.458255741803504
10772,0.45825574180148715,0.45825574180350387
10773,0.4582557418014871,0.4582557418035039
10774,0.45825574180148715,0.4582557418035039
10775,0.45825574180148715,0.4582557418035039
10776,0.45825574180148715,0.458255741803504
10777,0.4582557418014872,0.458255741803504
10778,0.45825574180148715,0.458255741803504
10779,0.4582557418014872,0.458255741803504
10780,0.45825574180148715,0.4582557418035039
10781,0.45825574180148726,0.4582557418035039
10782,0.45825574180148715,0.458255741803504
10783,0.45825574180148715,0.4582557418035039
10784,0.45825574180148726,0.458255741803504
10785,0.45825574180148726,0.458255741803504
10786,0.4582557418014872,0.4582557418035039
10787,0.4582557418014872,0.4582557418035039
10788,0.45825574180148726,0.458255741803504
10789,0.4582557418014872,0.458255741803504
10790,0.4582557418014871,0.458255741803504
10791,0.4582557418014872,0.458255741803504
10792,0.4582557418014872,0.458255741803504
10793,0.45825574180148715,0.458255741803504
10794,0.45825574180148715,0.458255741803504
10795,0.4582557418014872,0.458255741803504
10796,0.4582557418014872,0.458255741803504
10797,0.45825574180148715,0.4582557418035039
10798,0.4582557418014871,0.4582557418035039
10799,0.45825574180148715,0.458255741803504
10800,0.45825574180148715,0.4582557418035039
10801,0.45825574180148715,0.4582557418035039
10802,0.45825574180148715,0.458255741803504
10803,0.45825574180148715,0.458255741803504
10804,0.4582557418014872,0.45825574180350404
10805,0.4582557418014871,0.4582557418035039
10806,0.4582557418014872,0.458255741803504
10807,0.4582557418014872,0.4582557418035039
10808,0.4582557418014872,0.458255741803504
10809,0.45825574180148715,0.458255741803504
10810,0.4582557418014872,0.458255741803504
10811,0.45825574180148726,0.458255741803504
10812,0.45825574180148715,0.4582557418035039
10813,0.4582557418014872,0.458255741803504
10814,0.4582557418014872,0.458255741803504
10815,0.4582557418014872,0.45825574180350404
10816,0.4582557418014872,0.4582557418035039
10817,0.45825574180148715,0.458255741803504
10818,0.45825574180148715,0.4582557418035039
10819,0.45825574180148715,0.458255741803504
10820,0.45825574180148726,0.458255741803504
10821,0.4582557418014872,0.458255741803504
10822,0.45825574180148715,0.458255741803504
10823,0.45825574180148715,0.458255741803504
10824,0.4582557418014872,0.458255741803504
10825,0.4582557418014872,0.458255741803504
10826,0.45825574180148715,0.458255741803504
10827,0.45825574180148715,0.458255741803504
10828,0.45825574180148715,0.4582557418035039
10829,0.45825574180148715,0.4582557418035039
10830,0.4582557418014872,0.458255741803504
10831,0.45825574180148715,0.458255741803504
10832,0.45825574180148715,0.4582557418035039
10833,0.4582557418014871,0.4582557418035039
10834,0.45825574180148715,0.45825574180350404
10835,0.4582557418014872,0.4582557418035039
10836,0.45825574180148715,0.458255741803504
10837,0.4582557418014872,0.458255741803504
10838,0.45825574180148715,0.458255741803504
10839,0.4582557418014871,0.458255741803504
10840,0.45825574180148715,0.45825574180350404
10841,0.4582557418014872,0.4582557418035039
10842,0.45825574180148715,0.458255741803504
10843,0.45825574180148715,0.458255741803504
10844,0.4582557418014872,0.45825574180350404
10845,0.4582557418014872,0.458255741803504
10846,0.4582557418014872,0.458255741803504
10847,0.45825574180148715,0.4582557418035039
10848,0.4582557418014872,0.4582557418035039
10849,0.45825574180148726,0.45825574180350404
10850,0.45825574180148715,0.458255741803504
10851,0.4582557418014872,0.458255741803504
10852,0.4582557418014871,0.458255741803504
10853,0.45825574180148715,0.45825574180350387
10854,0.45825574180148715,0.4582557418035039
10855,0.45825574180148715,0.458255741803504
10856,0.45825574180148715,0.458255741803504
10857,0.45825574180148715,0.458255741803504
10858,0.4582557418014872,0.458255741803504
10859,0.45825574180148715,0.4582557418035039
10860,0.4582557418014872,0.458255741803504
10861,0.45825574180148715,0.458255741803504
10862,0.4582557418014872,0.4582557418035039
10863,0.4582557418014872,0.458255741803504
10864,0.45825574180148715,0.45825574180350387
10865,0.45825574180148715,0.4582557418035039
10866,0.45825574180148715,0.4582557418035039
10867,0.45825574180148715,0.4582557418035039
10868,0.45825574180148715,0.4582557418035039
10869,0.45825574180148715,0.458255741803504
10870,0.45825574180148726,0.4582557418035039
10871,0.45825574180148715,0.4582557418035039
10872,0.4582557418014872,0.458255741803504
10873,0.4582557418014872,0.458255741803504
10874,0.45825574180148715,0.4582557418035039
10875,0.4582557418014872,0.458255741803504
10876,0.4582557418014872,0.4582557418035039
10877,0.4582557418014872,0.4582557418035039
10878,0.45825574180148726,0.458255741803504
10879,0.45825574180148715,0.458255741803504
10880,0.45825574180148715,0.458255741803504
10881,0.4582557418014871,0.458255741803504
10882,0.45825574180148715,0.458255741803504
10883,0.4582557418014871,0.4582557418035039
10884,0.4582557418014872,0.4582557418035039
10885,0.4582557418014871,0.458255741803504
10886,0.4582557418014871,0.4582557418035039
10887,0.45825574180148715,0.45825574180350404
10888,0.4582557418014872,0.458255741803504
10889,0.45825574180148715,0.45825574180350387
10890,0.45825574180148715,0.4582557418035039
10891,0.45825574180148715,0.4582557418035039
10892,0.4582557418014872,0.45825574180350404
10893,0.45825574180148726,0.4582557418035039
10894,0.4582557418014872,0.4582557418035039
10895,0.45825574180148715,0.458255741803504
10896,0.45825574180148715,0.458255741803504
10897,0.45825574180148726,0.458255741803504
10898,0.45825574180148715,0.4582557418035039
10899,0.45825574180148715,0.4582557418035039
10900,0.4582557418014872,0.4582557418035039
10901,0.45825574180148715,0.4582557418035039
10902,0.45825574180148715,0.458255741803504
10903,0.45825574180148715,0.458255741803504
10904,0.45825574180148715,0.4582557418035039
10905,0.45825574180148726,0.45825574180350404
10906,0.45825574180148715,0.4582557418035039
10907,0.45825574180148715,0.45825574180350404
10908,0.4582557418014872,0.458255741803504
10909,0.45825574180148715,0.4582557418035039
10910,0.4582557418014872,0.458255741803504
10911,0.45825574180148715,0.458255741803504
10912,0.4582557418014872,0.4582557418035039
10913,0.45825574180148715,0.458255741803504
10914,0.4582557418014872,0.458255741803504
10915,0.4582557418014872,0.4582557418035039
10916,0.4582557418014872,0.4582557418035039
10917,0.4582557418014872,0.458255741803504
10918,0.4582557418014872,0.458255741803504
10919,0.4582557418014872,0.458255741803504
10920,0.4582557418014872,0.4582557418035039
10921,0.45825574180148715,0.4582557418035039
10922,0.4582557418014872,0.4582557418035039
10923,0.45825574180148715,0.45825574180350404
10924,0.45825574180148726,0.45825574180350404
10925,0.4582557418014872,0.458255741803504
10926,0.4582557418014872,0.458255741803504
10927,0.4582557418014871,0.4582557418035039
10928,0.4582557418014872,0.458255741803504
10929,0.45825574180148715,0.45825574180350404
10930,0.45825574180148715,0.45825574180350404
10931,0.4582557418014872,0.458255741803504
10932,0.4582557418014872,0.4582557418035039
10933,0.4582557418014872,0.4582557418035039
10934,0.4582557418014872,0.4582557418035039
10935,0.4582557418014872,0.4582557418035039
10936,0.45825574180148715,0.4582557418035039
10937,0.4582557418014871,0.458255741803504
10938,0.4582557418014872,0.458255741803504
10939,0.45825574180148726,0.458255741803504
10940,0.4582557418014872,0.458255741803504
10941,0.4582557418014872,0.4582557418035039
10942,0.4582557418014872,0.4582557418035039
10943,0.45825574180148715,0.458255741803504
10944,0.45825574180148715,0.4582557418035039
10945,0.4582557418014871,0.458255741803504
10946,0.45825574180148715,0.4582557418035039
10947,0.4582557418014872,0.45825574180350404
10948,0.45825574180148726,0.458255741803504
10949,0.4582557418014872,0.458255741803504
10950,0.4582557418014872,0.4582557418035039
10951,0.45825574180148715,0.4582557418035039
10952,0.45825574180148715,0.4582557418035039
10953,0.45825574180148715,0.458255741803504
10954,0.45825574180148715,0.4582557418035039
10955,0.45825574180148715,0.4582557418035039
10956,0.45825574180148715,0.4582557418035039
10957,0.45825574180148715,0.4582557418035039
10958,0.4582557418014872,0.4582557418035039
10959,0.45825574180148726,0.4582557418035039
10960,0.4582557418014872,0.458255741803504
10961,0.45825574180148715,0.458255741803504
10962,0.4582557418014871,0.4582557418035039
10963,0.4582557418014872,0.458255741803504
10964,0.4582557418014872,0.458255741803504
10965,0.45825574180148715,0.4582557418035039
10966,0.4582557418014872,0.458255741803504
10967,0.45825574180148715,0.45825574180350404
10968,0.45825574180148715,0.4582557418035039
10969,0.45825574180148715,0.4582557418035039
10970,0.4582557418014872,0.458255741803504
10971,0.4582557418014871,0.4582557418035039
10972,0.4582557418014872,0.458255741803504
10973,0.45825574180148726,0.458255741803504
10974,0.4582557418014871,0.4582557418035039
10975,0.45825574180148715,0.4582557418035039
10976,0.45825574180148715,0.45825574180350404
10977,0.45825574180148715,0.4582557418035039
10978,0.45825574180148715,0.458255741803504
10979,0.45825574180148715,0.45825574180350404
10980,0.4582557418014872,0.458255741803504
10981,0.4582557418014872,0.4582557418035039
10982,0.4582557418014872,0.4582557418035039
10983,0.4582557418014872,0.4582557418035039
10984,0.4582557418014872,0.458255741803504
10985,0.4582557418014872,0.4582557418035039
10986,0.4582557418014871,0.458255741803504
10987,0.45825574180148715,0.4582557418035039
10988,0.4582557418014872,0.45825574180350404
10989,0.45825574180148715,0.458255741803504
10990,0.45825574180148715,0.45825574180350404
10991,0.4582557418014872,0.458255741803504
10992,0.4582557418014871,0.4582557418035039
10993,0.45825574180148715,0.4582557418035039
10994,0.45825574180148715,0.45825574180350387
10995,0.4582557418014872,0.45825574180350404
10996,0.45825574180148715,0.458255741803504
10997,0.45825574180148715,0.4582557418035039
10998,0.45825574180148715,0.458255741803504
10999,0.45825574180148715,0.458255741803504
11000,0.4582557418014872,0.458255741803504
11001,0.45825574180148715,0.4582557418035039
11002,0.4582557418014872,0.458255741803504
11003,0.45825574180148715,0.458255741803504
11004,0.45825574180148715,0.4582557418035039
11005,0.45825574180148715,0.458255741803504
11006,0.45825574180148715,0.458255741803504
11007,0.4582557418014872,0.4582557418035039
11008,0.4582557418014872,0.458255741803504
11009,0.45825574180148726,0.4582557418035039
11010,0.45825574180148715,0.458255741803504
11011,0.45825574180148726,0.4582557418035039
11012,0.45825574180148715,0.4582557418035039
11013,0.4582557418014872,0.4582557418035039
11014,0.4582557418014872,0.458255741803504
11015,0.45825574180148715,0.458255741803504
11016,0.4582557418014872,0.4582557418035039
11017,0.4582557418014871,0.458255741803504
11018,0.4582557418014872,0.4582557418035039
11019,0.4582557418014872,0.458255741803504
11020,0.4582557418014872,0.458255741803504
11021,0.4582557418014872,0.4582557418035039
11022,0.4582557418014872,0.4582557418035039
11023,0.45825574180148715,0.4582557418035039
11024,0.4582557418014872,0.4582557418035039
11025,0.45825574180148715,0.45825574180350404
11026,0.45825574180148715,0.458255741803504
11027,0.45825574180148715,0.4582557418035039
11028,0.4582557418014872,0.458255741803504
11029,0.4582557418014872,0.458255741803504
11030,0.4582557418014872,0.4582557418035039
11031,0.45825574180148715,0.4582557418035039
11032,0.45825574180148715,0.4582557418035039
11033,0.45825574180148715,0.458255741803504
11034,0.45825574180148715,0.4582557418035039
11035,0.45825574180148715,0.4582557418035039
11036,0.4582557418014872,0.4582557418035039
11037,0.45825574180148715,0.4582557418035039
11038,0.4582557418014872,0.4582557418035039
11039,0.4582557418014872,0.4582557418035039
11040,0.4582557418014872,0.4582557418035039
11041,0.4582557418014872,0.458255741803504
11042,0.4582557418014872,0.4582557418035039
11043,0.45825574180148715,0.458255741803504
11044,0.45825574180148715,0.4582557418035039
11045,0.4582557418014872,0.45825574180350404
11046,0.4582557418014872,0.4582557418035039
11047,0.4582557418014872,0.4582557418035039
11048,0.4582557418014872,0.4582557418035039
11049,0.4582557418014871,0.458255741803504
11050,0.4582557418014872,0.4582557418035039
11051,0.4582557418014872,0.458255741803504
11052,0.45825574180148715,0.4582557418035039
11053,0.45825574180148715,0.4582557418035039
11054,0.45825574180148715,0.4582557418035039
11055,0.4582557418014872,0.4582557418035039
11056,0.45825574180148715,0.458255741803504
11057,0.45825574180148715,0.458255741803504
11058,0.45825574180148715,0.458255741803504
11059,0.4582557418014872,0.4582557418035039
11060,0.4582557418014872,0.4582557418035039
11061,0.4582557418014872,0.4582557418035039
11062,0.4582557418014872,0.458255741803504
11063,0.4582557418014872,0.4582557418035039
11064,0.45825574180148715,0.4582557418035039
11065,0.4582557418014872,0.45825574180350387
11066,0.4582557418014872,0.458255741803504
11067,0.45825574180148715,0.4582557418035039
11068,0.4582557418014871,0.458255741803504
11069,0.45825574180148726,0.4582557418035039
11070,0.45825574180148715,0.4582557418035039
11071,0.4582557418014872,0.4582557418035039
11072,0.45825574180148715,0.458255741803504
11073,0.4582557418014872,0.458255741803504
11074,0.4582557418014872,0.458255741803504
11075,0.4582557418014872,0.458255741803504
11076,0.45825574180148715,0.458255741803504
11077,0.4582557418014872,0.458255741803504
11078,0.45825574180148726,0.458255741803504
11079,0.45825574180148715,0.458255741803504
11080,0.4582557418014872,0.4582557418035039
11081,0.4582557418014872,0.458255741803504
11082,0.4582557418014872,0.458255741803504
11083,0.4582557418014872,0.458255741803504
11084,0.45825574180148715,0.458255741803504
11085,0.45825574180148715,0.4582557418035039
11086,0.45825574180148715,0.458255741803504
11087,0.45825574180148715,0.458255741803504
11088,0.4582557418014872,0.4582557418035039
11089,0.45825574180148715,0.4582557418035039
11090,0.4582557418014872,0.458255741803504
11091,0.4582557418014872,0.45825574180350404
11092,0.45825574180148715,0.458255741803504
11093,0.4582557418014872,0.4582557418035039
11094,0.4582557418014872,0.4582557418035039
11095,0.4582557418014872,0.458255741803504
11096,0.4582557418014872,0.458255741803504
11097,0.45825574180148715,0.458255741803504
11098,0.45825574180148715,0.458255741803504
11099,0.45825574180148715,0.45825574180350404
11100,0.4582557418014872,0.4582557418035039
11101,0.45825574180148715,0.4582557418035039
11102,0.45825574180148715,0.4582557418035039
11103,0.4582557418014872,0.458255741803504
11104,0.45825574180148715,0.4582557418035039
11105,0.4582557418014872,0.45825574180350404
11106,0.4582557418014872,0.45825574180350404
11107,0.45825574180148715,0.45825574180350387
11108,0.45825574180148715,0.458255741803504
11109,0.4582557418014872,0.4582557418035039
11110,0.45825574180148715,0.458255741803504
11111,0.45825574180148715,0.4582557418035039
11112,0.4582557418014872,0.4582557418035039
11113,0.4582557418014872,0.458255741803504
11114,0.45825574180148715,0.458255741803504
11115,0.45825574180148715,0.458255741803504
11116,0.45825574180148715,0.45825574180350404
11117,0.45825574180148715,0.4582557418035039
11118,0.45825574180148715,0.4582557418035039
11119,0.45825574180148715,0.4582557418035039
11120,0.4582557418014872,0.458255741803504
11121,0.4582557418014872,0.458255741803504
11122,0.45825574180148715,0.458255741803504
11123,0.4582557418014871,0.4582557418035039
11124,0.45825574180148715,0.4582557418035039
11125,0.45825574180148726,0.458255741803504
11126,0.4582557418014871,0.45825574180350387
11127,0.4582557418014871,0.4582557418035039
11128,0.45825574180148726,0.4582557418035039
11129,0.45825574180148715,0.458255741803504
11130,0.4582557418014871,0.4582557418035039
11131,0.4582557418014872,0.458255741803504
11132,0.45825574180148715,0.4582557418035039
11133,0.4582557418014872,0.458255741803504
11134,0.4582557418014872,0.4582557418035039
11135,0.4582557418014872,0.458255741803504
11136,0.4582557418014871,0.458255741803504
11137,0.4582557418014872,0.458255741803504
11138,0.45825574180148715,0.4582557418035039
11139,0.45825574180148715,0.458255741803504
11140,0.4582557418014872,0.458255741803504
11141,0.45825574180148715,0.4582557418035039
11142,0.45825574180148715,0.458255741803504
11143,0.4582557418014872,0.4582557418035039
11144,0.4582557418014872,0.458255741803504
11145,0.45825574180148715,0.4582557418035039
11146,0.45825574180148715,0.458255741803504
11147,0.4582557418014872,0.4582557418035039
11148,0.4582557418014872,0.4582557418035039
11149,0.45825574180148715,0.4582557418035039
11150,0.4582557418014872,0.458255741803504
11151,0.45825574180148715,0.45825574180350404
11152,0.45825574180148715,0.4582557418035039
11153,0.4582557418014872,0.458255741803504
11154,0.4582557418014872,0.458255741803504
11155,0.45825574180148715,0.4582557418035039
11156,0.4582557418014872,0.4582557418035039
11157,0.4582557418014872,0.458255741803504
11158,0.4582557418014872,0.4582557418035039
11159,0.4582557418014872,0.4582557418035039
11160,0.45825574180148715,0.458255741803504
11161,0.45825574180148726,0.4582557418035039
11162,0.4582557418014872,0.458255741803504
11163,0.45825574180148715,0.45825574180350387
11164,0.45825574180148715,0.458255741803504
11165,0.4582557418014872,0.458255741803504
11166,0.45825574180148715,0.4582557418035039
11167,0.45825574180148715,0.458255741803504
11168,0.45825574180148715,0.4582557418035039
11169,0.45825574180148715,0.4582557418035039
11170,0.45825574180148715,0.458255741803504
11171,0.45825574180148726,0.458255741803504
11172,0.4582557418014872,0.45825574180350404
11173,0.45825574180148715,0.45825574180350404
11174,0.4582557418014871,0.458255741803504
11175,0.45825574180148715,0.458255741803504
11176,0.4582557418014872,0.4582557418035039
11177,0.4582557418014872,0.458255741803504
11178,0.4582557418014872,0.4582557418035039
11179,0.45825574180148715,0.458255741803504
11180,0.4582557418014872,0.458255741803504
11181,0.4582557418014871,0.4582557418035039
11182,0.45825574180148715,0.45825574180350387
11183,0.4582557418014872,0.458255741803504
11184,0.45825574180148715,0.458255741803504
11185,0.45825574180148715,0.458255741803504
11186,0.45825574180148715,0.4582557418035039
11187,0.45825574180148715,0.458255741803504
11188,0.45825574180148715,0.4582557418035039
11189,0.4582557418014872,0.458255741803504
11190,0.4582557418014872,0.458255741803504
11191,0.4582557418014871,0.458255741803504
11192,0.4582557418014872,0.4582557418035039
11193,0.45825574180148715,0.4582557418035039
11194,0.45825574180148715,0.458255741803504
11195,0.45825574180148715,0.45825574180350404
11196,0.4582557418014871,0.458255741803504
11197,0.45825574180148715,0.4582557418035039
11198,0.4582557418014872,0.458255741803504
11199,0.45825574180148715,0.458255741803504
11200,0.45825574180148715,0.458255741803504
11201,0.4582557418014872,0.458255741803504
11202,0.4582557418014872,0.458255741803504
11203,0.45825574180148715,0.458255741803504
11204,0.45825574180148715,0.4582557418035039
11205,0.45825574180148715,0.458255741803504
11206,0.4582557418014872,0.4582557418035039
11207,0.4582557418014872,0.458255741803504
11208,0.45825574180148715,0.4582557418035039
11209,0.45825574180148715,0.458255741803504
11210,0.45825574180148715,0.4582557418035039
11211,0.4582557418014872,0.458255741803504
11212,0.4582557418014872,0.4582557418035039
11213,0.4582557418014872,0.4582557418035039
11214,0.45825574180148715,0.45825574180350404
11215,0.4582557418014871,0.4582557418035039
11216,0.4582557418014872,0.4582557418035039
11217,0.45825574180148715,0.458255741803504
11218,0.45825574180148715,0.4582557418035039
11219,0.45825574180148715,0.4582557418035039
11220,0.45825574180148715,0.4582557418035039
11221,0.4582557418014872,0.458255741803504
11222,0.4582557418014872,0.4582557418035039
11223,0.4582557418014872,0.4582557418035039
11224,0.4582557418014872,0.4582557418035039
11225,0.4582557418014871,0.458255741803504
11226,0.45825574180148715,0.4582557418035039
11227,0.4582557418014872,0.4582557418035039
11228,0.4582557418014872,0.4582557418035039
11229,0.45825574180148715,0.458255741803504
11230,0.4582557418014872,0.458255741803504
11231,0.4582557418014871,0.458255741803504
11232,0.4582557418014872,0.45825574180350404
11233,0.4582557418014872,0.458255741803504
11234,0.45825574180148715,0.458255741803504
11235,0.45825574180148715,0.4582557418035039
11236,0.45825574180148726,0.458255741803504
11237,0.45825574180148715,0.458255741803504
11238,0.45825574180148715,0.4582557418035039
11239,0.45825574180148715,0.458255741803504
11240,0.4582557418014872,0.4582557418035039
11241,0.4582557418014872,0.4582557418035039
11242,0.45825574180148715,0.458255741803504
11243,0.4582557418014872,0.4582557418035039
11244,0.4582557418014872,0.4582557418035039
11245,0.4582557418014872,0.45825574180350404
11246,0.4582557418014872,0.45825574180350404
11247,0.4582557418014872,0.458255741803504
11248,0.4582557418014872,0.4582557418035039
11249,0.45825574180148715,0.45825574180350404
11250,0.45825574180148715,0.4582557418035039
11251,0.45825574180148715,0.4582557418035039
11252,0.45825574180148715,0.4582557418035039
11253,0.4582557418014872,0.4582557418035039
11254,0.4582557418014872,0.45825574180350404
11255,0.4582557418014872,0.458255741803504
11256,0.4582557418014872,0.458255741803504
11257,0.45825574180148715,0.458255741803504
11258,0.45825574180148715,0.4582557418035039
11259,0.45825574180148715,0.458255741803504
11260,0.4582557418014872,0.4582557418035039
11261,0.4582557418014872,0.458255741803504
11262,0.4582557418014872,0.4582557418035039
11263,0.45825574180148715,0.458255741803504
11264,0.45825574180148715,0.458255741803504
11265,0.45825574180148715,0.458255741803504
11266,0.4582557418014872,0.458255741803504
11267,0.45825574180148715,0.458255741803504
11268,0.45825574180148715,0.4582557418035039
11269,0.45825574180148715,0.4582557418035039
11270,0.4582557418014872,0.4582557418035039
11271,0.4582557418014872,0.4582557418035039
11272,0.45825574180148715,0.45825574180350404
11273,0.45825574180148715,0.458255741803504
11274,0.45825574180148726,0.458255741803504
11275,0.45825574180148715,0.4582557418035039
11276,0.45825574180148715,0.458255741803504
11277,0.45825574180148726,0.4582557418035039
11278,0.4582557418014872,0.458255741803504
11279,0.4582557418014871,0.458255741803504
11280,0.45825574180148715,0.4582557418035039
11281,0.45825574180148715,0.458255741803504
11282,0.45825574180148715,0.458255741803504
11283,0.45825574180148715,0.4582557418035039
11284,0.45825574180148715,0.4582557418035039
11285,0.4582557418014872,0.4582557418035039
11286,0.45825574180148715,0.458255741803504
11287,0.45825574180148715,0.458255741803504
11288,0.4582557418014872,0.4582557418035039
11289,0.4582557418014872,0.458255741803504
11290,0.45825574180148715,0.4582557418035039
11291,0.4582557418014872,0.458255741803504
11292,0.45825574180148715,0.458255741803504
11293,0.4582557418014872,0.458255741803504
11294,0.45825574180148715,0.458255741803504
11295,0.45825574180148715,0.458255741803504
11296,0.45825574180148715,0.4582557418035039
11297,0.45825574180148715,0.458255741803504
11298,0.45825574180148715,0.4582557418035039
11299,0.4582557418014872,0.458255741803504
11300,0.4582557418014872,0.458255741803504
11301,0.45825574180148715,0.458255741803504
11302,0.4582557418014871,0.458255741803504
11303,0.4582557418014872,0.4582557418035039
11304,0.45825574180148715,0.458255741803504
11305,0.4582557418014872,0.458255741803504
11306,0.45825574180148715,0.458255741803504
11307,0.4582557418014872,0.458255741803504
11308,0.4582557418014871,0.458255741803504
11309,0.4582557418014872,0.458255741803504
11310,0.4582557418014872,0.4582557418035039
11311,0.45825574180148715,0.4582557418035039
11312,0.45825574180148726,0.45825574180350404
11313,0.45825574180148715,0.4582557418035039
11314,0.4582557418014872,0.458255741803504
11315,0.4582557418014872,0.4582557418035039
11316,0.45825574180148715,0.4582557418035039
11317,0.45825574180148715,0.458255741803504
11318,0.4582557418014872,0.4582557418035039
11319,0.4582557418014872,0.4582557418035039
11320,0.4582557418014872,0.4582557418035039
11321,0.4582557418014871,0.458255741803504
11322,0.4582557418014872,0.4582557418035039
11323,0.45825574180148715,0.4582557418035039
11324,0.45825574180148715,0.458255741803504
11325,0.45825574180148715,0.458255741803504
11326,0.4582557418014872,0.458255741803504
11327,0.45825574180148715,0.458255741803504
11328,0.45825574180148715,0.458255741803504
11329,0.45825574180148715,0.4582557418035039
11330,0.4582557418014872,0.4582557418035039
11331,0.4582557418014872,0.458255741803504
11332,0.4582557418014872,0.458255741803504
11333,0.4582557418014872,0.45825574180350404
11334,0.4582557418014871,0.458255741803504
11335,0.4582557418014872,0.4582557418035039
11336,0.45825574180148715,0.458255741803504
11337,0.4582557418014872,0.458255741803504
11338,0.4582557418014872,0.458255741803504
11339,0.4582557418014871,0.458255741803504
11340,0.4582557418014872,0.45825574180350404
11341,0.45825574180148715,0.458255741803504
11342,0.4582557418014871,0.4582557418035039
11343,0.45825574180148715,0.458255741803504
11344,0.45825574180148715,0.458255741803504
11345,0.4582557418014872,0.4582557418035039
11346,0.4582557418014872,0.458255741803504
11347,0.45825574180148715,0.45825574180350404
11348,0.45825574180148726,0.458255741803504
11349,0.4582557418014872,0.458255741803504
11350,0.45825574180148715,0.458255741803504
11351,0.45825574180148715,0.4582557418035039
11352,0.45825574180148726,0.4582557418035039
11353,0.4582557418014872,0.458255741803504
11354,0.4582557418014872,0.458255741803504
11355,0.45825574180148715,0.4582557418035039
11356,0.45825574180148715,0.458255741803504
11357,0.4582557418014872,0.458255741803504
11358,0.45825574180148715,0.4582557418035039
11359,0.4582557418014872,0.4582557418035039
11360,0.4582557418014872,0.458255741803504
11361,0.4582557418014872,0.4582557418035039
11362,0.45825574180148715,0.4582557418035039
11363,0.45825574180148715,0.458255741803504
11364,0.45825574180148715,0.458255741803504
11365,0.45825574180148715,0.4582557418035039
11366,0.45825574180148715,0.458255741803504
11367,0.45825574180148726,0.4582557418035039
11368,0.45825574180148715,0.458255741803504
11369,0.45825574180148715,0.458255741803504
11370,0.4582557418014872,0.4582557418035039
11371,0.4582557418014872,0.458255741803504
11372,0.45825574180148715,0.458255741803504
11373,0.4582557418014872,0.458255741803504
11374,0.45825574180148715,0.458255741803504
11375,0.4582557418014872,0.45825574180350404
11376,0.45825574180148715,0.458255741803504
11377,0.45825574180148715,0.458255741803504
11378,0.4582557418014871,0.458255741803504
11379,0.45825574180148715,0.4582557418035039
11380,0.45825574180148715,0.458255741803504
11381,0.4582557418014872,0.45825574180350404
11382,0.45825574180148715,0.458255741803504
11383,0.4582557418014872,0.458255741803504
11384,0.45825574180148715,0.4582557418035039
11385,0.4582557418014872,0.458255741803504
11386,0.45825574180148715,0.458255741803504
11387,0.45825574180148715,0.458255741803504
11388,0.4582557418014872,0.45825574180350387
11389,0.4582557418014872,0.45825574180350387
11390,0.4582557418014872,0.458255741803504
11391,0.4582557418014872,0.458255741803504
11392,0.4582557418014872,0.458255741803504
11393,0.4582557418014871,0.458255741803504
11394,0.45825574180148715,0.4582557418035039
11395,0.45825574180148715,0.4582557418035039
11396,0.45825574180148715,0.4582557418035039
11397,0.4582557418014872,0.458255741803504
11398,0.45825574180148715,0.458255741803504
11399,0.45825574180148715,0.45825574180350404
11400,0.4582557418014872,0.458255741803504
11401,0.45825574180148715,0.458255741803504
11402,0.45825574180148715,0.458255741803504
11403,0.4582557418014872,0.458255741803504
11404,0.4582557418014872,0.458255741803504
11405,0.45825574180148715,0.458255741803504
11406,0.45825574180148715,0.458255741803504
11407,0.4582557418014872,0.458255741803504
11408,0.4582557418014872,0.458255741803504
11409,0.4582557418014871,0.45825574180350404
11410,0.4582557418014872,0.4582557418035039
11411,0.4582557418014872,0.4582557418035039
11412,0.4582557418014872,0.458255741803504
11413,0.4582557418014872,0.4582557418035039
11414,0.4582557418014872,0.4582557418035039
11415,0.4582557418014872,0.45825574180350387
11416,0.45825574180148715,0.45825574180350404
11417,0.4582557418014872,0.458255741803504
11418,0.4582557418014872,0.458255741803504
11419,0.4582557418014872,0.458255741803504
11420,0.45825574180148715,0.45825574180350387
11421,0.4582557418014872,0.4582557418035039
11422,0.4582557418014872,0.4582557418035039
11423,0.4582557418014872,0.4582557418035039
11424,0.4582557418014872,0.458255741803504
11425,0.4582557418014872,0.458255741803504
11426,0.4582557418014872,0.458255741803504
11427,0.4582557418014871,0.45825574180350404
11428,0.4582557418014872,0.4582557418035039
11429,0.45825574180148715,0.458255741803504
11430,0.45825574180148715,0.458255741803504
11431,0.45825574180148715,0.458255741803504
11432,0.45825574180148715,0.4582557418035039
11433,0.45825574180148715,0.4582557418035039
11434,0.45825574180148715,0.458255741803504
11435,0.45825574180148715,0.4582557418035039
11436,0.4582557418014872,0.45825574180350404
11437,0.45825574180148715,0.45825574180350404
11438,0.45825574180148715,0.458255741803504
11439,0.4582557418014872,0.4582557418035039
11440,0.4582557418014872,0.458255741803504
11441,0.4582557418014872,0.458255741803504
11442,0.4582557418014872,0.458255741803504
11443,0.4582557418014872,0.4582557418035039
11444,0.4582557418014872,0.458255741803504
11445,0.4582557418014872,0.458255741803504
11446,0.45825574180148715,0.45825574180350387
11447,0.4582557418014872,0.45825574180350404
11448,0.4582557418014872,0.458255741803504
11449,0.4582557418014872,0.458255741803504
11450,0.45825574180148726,0.458255741803504
11451,0.45825574180148715,0.458255741803504
11452,0.4582557418014871,0.4582557418035039
11453,0.45825574180148715,0.458255741803504
11454,0.4582557418014872,0.4582557418035039
11455,0.4582557418014872,0.458255741803504
11456,0.4582557418014872,0.458255741803504
11457,0.4582557418014872,0.4582557418035039
11458,0.45825574180148715,0.458255741803504
11459,0.4582557418014872,0.4582557418035039
11460,0.4582557418014872,0.458255741803504
11461,0.45825574180148715,0.458255741803504
11462,0.45825574180148715,0.4582557418035039
11463,0.45825574180148715,0.458255741803504
11464,0.4582557418014872,0.458255741803504
11465,0.4582557418014872,0.4582557418035039
11466,0.45825574180148715,0.458255741803504
11467,0.4582557418014871,0.4582557418035039
11468,0.4582557418014872,0.458255741803504
11469,0.4582557418014872,0.458255741803504
11470,0.45825574180148715,0.458255741803504
11471,0.45825574180148715,0.4582557418035039
11472,0.45825574180148715,0.4582557418035039
11473,0.4582557418014872,0.458255741803504
11474,0.4582557418014871,0.4582557418035039
11475,0.45825574180148726,0.458255741803504
11476,0.4582557418014872,0.458255741803504
11477,0.45825574180148715,0.458255741803504
11478,0.4582557418014872,0.458255741803504
11479,0.45825574180148726,0.4582557418035039
11480,0.4582557418014872,0.4582557418035039
11481,0.4582557418014872,0.458255741803504
11482,0.4582557418014872,0.45825574180350404
11483,0.4582557418014872,0.45825574180350404
11484,0.4582557418014872,0.458255741803504
11485,0.4582557418014872,0.4582557418035039
11486,0.45825574180148715,0.458255741803504
11487,0.45825574180148715,0.4582557418035039
11488,0.4582557418014872,0.458255741803504
11489,0.45825574180148715,0.458255741803504
11490,0.45825574180148715,0.458255741803504
11491,0.45825574180148715,0.4582557418035039
11492,0.4582557418014871,0.458255741803504
11493,0.45825574180148715,0.4582557418035039
11494,0.4582557418014872,0.458255741803504
11495,0.45825574180148715,0.458255741803504
11496,0.4582557418014872,0.4582557418035039
11497,0.4582557418014872,0.458255741803504
11498,0.4582557418014872,0.45825574180350404
11499,0.45825574180148715,0.45825574180350404
11500,0.45825574180148726,0.45825574180350404
11501,0.4582557418014872,0.458255741803504
11502,0.4582557418014872,0.45825574180350404
11503,0.45825574180148715,0.4582557418035039
11504,0.45825574180148715,0.4582557418035039
11505,0.4582557418014872,0.458255741803504
11506,0.45825574180148715,0.4582557418035039
11507,0.45825574180148715,0.45825574180350404
11508,0.45825574180148726,0.458255741803504
11509,0.4582557418014871,0.4582557418035039
11510,0.45825574180148715,0.458255741803504
11511,0.45825574180148715,0.4582557418035039
11512,0.4582557418014872,0.458255741803504
11513,0.4582557418014872,0.45825574180350387
11514,0.45825574180148715,0.458255741803504
11515,0.45825574180148715,0.458255741803504
11516,0.45825574180148715,0.458255741803504
11517,0.45825574180148715,0.458255741803504
11518,0.4582557418014872,0.458255741803504
11519,0.4582557418014871,0.458255741803504
11520,0.45825574180148715,0.458255741803504
11521,0.4582557418014872,0.4582557418035039
11522,0.4582557418014872,0.4582557418035039
11523,0.4582557418014872,0.4582557418035039
11524,0.45825574180148715,0.4582557418035039
11525,0.45825574180148715,0.458255741803504
11526,0.4582557418014872,0.458255741803504
11527,0.45825574180148715,0.45825574180350404
11528,0.4582557418014872,0.4582557418035039
11529,0.4582557418014872,0.458255741803504
11530,0.45825574180148715,0.4582557418035039
11531,0.45825574180148715,0.458255741803504
11532,0.45825574180148715,0.458255741803504
11533,0.4582557418014871,0.4582557418035041
11534,0.4582557418014872,0.458255741803504
11535,0.4582557418014872,0.458255741803504
11536,0.4582557418014872,0.4582557418035039
11537,0.4582557418014872,0.45825574180350387
11538,0.45825574180148715,0.458255741803504
11539,0.45825574180148715,0.45825574180350404
11540,0.45825574180148715,0.4582557418035039
11541,0.45825574180148715,0.4582557418035039
11542,0.45825574180148715,0.458255741803504
11543,0.4582557418014872,0.45825574180350404
11544,0.45825574180148715,0.458255741803504
11545,0.45825574180148715,0.4582557418035039
11546,0.45825574180148715,0.45825574180350387
11547,0.45825574180148715,0.45825574180350404
11548,0.4582557418014872,0.458255741803504
11549,0.45825574180148715,0.4582557418035039
11550,0.45825574180148715,0.4582557418035039
11551,0.45825574180148715,0.45825574180350404
11552,0.45825574180148715,0.4582557418035039
11553,0.45825574180148715,0.4582557418035039
11554,0.45825574180148715,0.458255741803504
11555,0.45825574180148715,0.458255741803504
11556,0.45825574180148715,0.458255741803504
11557,0.4582557418014872,0.45825574180350387
11558,0.45825574180148715,0.4582557418035039
11559,0.45825574180148726,0.458255741803504
11560,0.45825574180148715,0.458255741803504
11561,0.45825574180148715,0.45825574180350404
11562,0.4582557418014872,0.458255741803504
11563,0.4582557418014872,0.458255741803504
11564,0.45825574180148715,0.45825574180350404
11565,0.45825574180148715,0.458255741803504
11566,0.4582557418014872,0.458255741803504
11567,0.4582557418014872,0.458255741803504
11568,0.4582557418014872,0.4582557418035039
11569,0.45825574180148715,0.4582557418035039
11570,0.4582557418014872,0.4582557418035039
11571,0.45825574180148715,0.45825574180350404
11572,0.45825574180148715,0.458255741803504
11573,0.45825574180148715,0.458255741803504
11574,0.45825574180148715,0.4582557418035039
11575,0.4582557418014871,0.458255741803504
11576,0.45825574180148726,0.4582557418035039
11577,0.45825574180148715,0.458255741803504
11578,0.4582557418014872,0.458255741803504
11579,0.45825574180148715,0.458255741803504
11580,0.4582557418014871,0.458255741803504
11581,0.4582557418014872,0.4582557418035039
11582,0.4582557418014872,0.4582557418035039
11583,0.45825574180148715,0.458255741803504
11584,0.45825574180148715,0.4582557418035039
11585,0.45825574180148715,0.4582557418035039
11586,0.4582557418014872,0.458255741803504
11587,0.45825574180148715,0.4582557418035039
11588,0.4582557418014871,0.458255741803504
11589,0.4582557418014872,0.458255741803504
11590,0.45825574180148715,0.4582557418035041
11591,0.4582557418014871,0.458255741803504
11592,0.4582557418014872,0.45825574180350404
11593,0.45825574180148715,0.45825574180350404
11594,0.45825574180148715,0.458255741803504
11595,0.45825574180148715,0.458255741803504
11596,0.45825574180148715,0.4582557418035039
11597,0.45825574180148715,0.458255741803504
11598,0.4582557418014872,0.4582557418035039
11599,0.4582557418014872,0.45825574180350404
11600,0.45825574180148715,0.4582557418035039
11601,0.45825574180148715,0.4582557418035039
11602,0.45825574180148715,0.458255741803504
11603,0.45825574180148715,0.4582557418035039
11604,0.45825574180148715,0.458255741803504
11605,0.45825574180148726,0.4582557418035039
11606,0.4582557418014872,0.4582557418035039
11607,0.4582557418014872,0.45825574180350404
11608,0.4582557418014872,0.4582557418035039
11609,0.4582557418014872,0.458255741803504
11610,0.4582557418014871,0.4582557418035039
11611,0.4582557418014872,0.4582557418035039
11612,0.4582557418014872,0.45825574180350404
11613,0.4582557418014872,0.4582557418035039
11614,0.4582557418014872,0.458255741803504
11615,0.45825574180148715,0.458255741803504
11616,0.45825574180148726,0.458255741803504
11617,0.45825574180148715,0.458255741803504
11618,0.4582557418014872,0.458255741803504
11619,0.4582557418014872,0.458255741803504
11620,0.45825574180148715,0.458255741803504
11621,0.4582557418014872,0.458255741803504
11622,0.45825574180148726,0.45825574180350404
11623,0.45825574180148715,0.4582557418035039
11624,0.45825574180148715,0.4582557418035039
11625,0.45825574180148715,0.458255741803504
11626,0.45825574180148715,0.458255741803504
11627,0.45825574180148715,0.4582557418035039
11628,0.4582557418014872,0.4582557418035039
11629,0.45825574180148715,0.45825574180350404
11630,0.45825574180148715,0.4582557418035039
11631,0.4582557418014872,0.4582557418035039
11632,0.4582557418014872,0.45825574180350387
11633,0.4582557418014872,0.458255741803504
11634,0.45825574180148715,0.458255741803504
11635,0.4582557418014872,0.45825574180350404
11636,0.4582557418014872,0.4582557418035039
11637,0.4582557418014872,0.4582557418035039
11638,0.45825574180148715,0.45825574180350404
11639,0.45825574180148715,0.45825574180350404
11640,0.4582557418014872,0.458255741803504
11641,0.4582557418014872,0.4582557418035039
11642,0.4582557418014872,0.458255741803504
11643,0.4582557418014872,0.458255741803504
11644,0.4582557418014872,0.458255741803504
11645,0.45825574180148726,0.458255741803504
11646,0.4582557418014872,0.458255741803504
11647,0.45825574180148715,0.4582557418035039
11648,0.45825574180148726,0.4582557418035039
11649,0.4582557418014872,0.4582557418035039
11650,0.4582557418014872,0.45825574180350404
11651,0.45825574180148715,0.458255741803504
11652,0.45825574180148726,0.4582557418035039
11653,0.45825574180148715,0.4582557418035039
11654,0.4582557418014872,0.458255741803504
11655,0.45825574180148726,0.4582557418035039
11656,0.45825574180148715,0.458255741803504
11657,0.4582557418014872,0.4582557418035039
11658,0.45825574180148715,0.458255741803504
11659,0.45825574180148726,0.458255741803504
11660,0.45825574180148715,0.458255741803504
11661,0.45825574180148715,0.458255741803504
11662,0.45825574180148715,0.4582557418035039
11663,0.45825574180148715,0.458255741803504
11664,0.4582557418014871,0.45825574180350404
11665,0.45825574180148715,0.458255741803504
11666,0.4582557418014872,0.458255741803504
11667,0.4582557418014872,0.4582557418035039
11668,0.45825574180148715,0.4582557418035039
11669,0.4582557418014872,0.4582557418035039
11670,0.45825574180148715,0.458255741803504
11671,0.4582557418014872,0.458255741803504
11672,0.45825574180148715,0.45825574180350387
11673,0.4582557418014872,0.4582557418035039
11674,0.4582557418014872,0.45825574180350404
11675,0.4582557418014872,0.458255741803504
11676,0.45825574180148715,0.4582557418035039
11677,0.45825574180148715,0.4582557418035039
11678,0.4582557418014872,0.458255741803504
11679,0.4582557418014872,0.45825574180350404
11680,0.45825574180148715,0.4582557418035039
11681,0.4582557418014872,0.458255741803504
11682,0.4582557418014872,0.458255741803504
11683,0.45825574180148715,0.458255741803504
11684,0.4582557418014872,0.4582557418035039
11685,0.4582557418014872,0.458255741803504
11686,0.45825574180148715,0.4582557418035039
11687,0.45825574180148715,0.4582557418035039
11688,0.45825574180148715,0.4582557418035039
11689,0.45825574180148715,0.4582557418035039
11690,0.45825574180148715,0.4582557418035039
11691,0.4582557418014872,0.458255741803504
11692,0.4582557418014872,0.45825574180350404
11693,0.45825574180148715,0.458255741803504
11694,0.4582557418014872,0.4582557418035039
11695,0.4582557418014872,0.458255741803504
11696,0.45825574180148715,0.458255741803504
11697,0.45825574180148715,0.4582557418035039
11698,0.45825574180148715,0.458255741803504
11699,0.45825574180148715,0.458255741803504
11700,0.4582557418014872,0.4582557418035039
11701,0.4582557418014872,0.458255741803504
11702,0.45825574180148715,0.458255741803504
11703,0.45825574180148715,0.458255741803504
11704,0.45825574180148715,0.4582557418035039
11705,0.4582557418014872,0.458255741803504
11706,0.45825574180148715,0.458255741803504
11707,0.4582557418014872,0.4582557418035039
11708,0.45825574180148715,0.4582557418035039
11709,0.45825574180148715,0.458255741803504
11710,0.4582557418014872,0.4582557418035039
11711,0.4582557418014872,0.4582557418035039
11712,0.4582557418014872,0.4582557418035039
11713,0.4582557418014872,0.4582557418035039
11714,0.4582557418014872,0.4582557418035039
11715,0.4582557418014872,0.4582557418035039
11716,0.45825574180148715,0.4582557418035039
11717,0.4582557418014871,0.458255741803504
11718,0.4582557418014872,0.458255741803504
11719,0.45825574180148715,0.458255741803504
11720,0.4582557418014872,0.4582557418035039
11721,0.45825574180148715,0.458255741803504
11722,0.45825574180148715,0.4582557418035039
11723,0.4582557418014872,0.458255741803504
11724,0.4582557418014872,0.4582557418035039
11725,0.4582557418014871,0.458255741803504
11726,0.4582557418014872,0.458255741803504
11727,0.45825574180148715,0.458255741803504
11728,0.4582557418014872,0.4582557418035039
11729,0.45825574180148715,0.458255741803504
11730,0.4582557418014872,0.458255741803504
11731,0.4582557418014872,0.458255741803504
11732,0.45825574180148715,0.4582557418035039
11733,0.45825574180148715,0.458255741803504
11734,0.45825574180148715,0.458255741803504
11735,0.4582557418014872,0.4582557418035039
11736,0.4582557418014871,0.458255741803504
11737,0.45825574180148726,0.458255741803504
11738,0.45825574180148715,0.458255741803504
11739,0.45825574180148715,0.458255741803504
11740,0.45825574180148715,0.458255741803504
11741,0.45825574180148715,0.458255741803504
11742,0.4582557418014872,0.458255741803504
11743,0.45825574180148715,0.4582557418035039
11744,0.45825574180148715,0.458255741803504
11745,0.45825574180148715,0.4582557418035039
11746,0.4582557418014872,0.4582557418035039
11747,0.4582557418014871,0.45825574180350404
11748,0.45825574180148715,0.4582557418035039
11749,0.4582557418014872,0.45825574180350404
11750,0.4582557418014872,0.458255741803504
11751,0.4582557418014872,0.4582557418035039
11752,0.4582557418014871,0.458255741803504
11753,0.4582557418014872,0.4582557418035039
11754,0.4582557418014872,0.4582557418035039
11755,0.4582557418014872,0.45825574180350404
11756,0.4582557418014872,0.4582557418035039
11757,0.4582557418014872,0.458255741803504
11758,0.4582557418014872,0.45825574180350404
11759,0.45825574180148715,0.4582557418035039
11760,0.4582557418014871,0.45825574180350404
11761,0.4582557418014872,0.4582557418035039
11762,0.45825574180148715,0.45825574180350404
11763,0.4582557418014872,0.458255741803504
11764,0.45825574180148715,0.4582557418035039
11765,0.4582557418014872,0.45825574180350404
11766,0.4582557418014872,0.4582557418035039
11767,0.45825574180148715,0.4582557418035039
11768,0.4582557418014872,0.4582557418035039
11769,0.4582557418014871,0.458255741803504
11770,0.45825574180148715,0.4582557418035039
11771,0.45825574180148715,0.458255741803504
11772,0.4582557418014872,0.458255741803504
11773,0.45825574180148726,0.458255741803504
11774,0.45825574180148715,0.458255741803504
11775,0.4582557418014872,0.4582557418035039
11776,0.4582557418014872,0.458255741803504
11777,0.4582557418014871,0.458255741803504
11778,0.4582557418014871,0.4582557418035039
11779,0.4582557418014872,0.458255741803504
11780,0.45825574180148715,0.458255741803504
11781,0.4582557418014872,0.458255741803504
11782,0.4582557418014872,0.458255741803504
11783,0.4582557418014871,0.4582557418035039
11784,0.4582557418014872,0.458255741803504
11785,0.45825574180148715,0.4582557418035039
11786,0.45825574180148715,0.4582557418035039
11787,0.4582557418014872,0.4582557418035039
11788,0.45825574180148726,0.458255741803504
11789,0.4582557418014872,0.458255741803504
11790,0.45825574180148715,0.45825574180350404
11791,0.45825574180148715,0.458255741803504
11792,0.4582557418014872,0.4582557418035039
11793,0.4582557418014872,0.458255741803504
11794,0.4582557418014872,0.4582557418035039
11795,0.4582557418014872,0.458255741803504
11796,0.45825574180148715,0.458255741803504
11797,0.4582557418014871,0.4582557418035039
11798,0.4582557418014872,0.4582557418035039
11799,0.4582557418014872,0.458255741803504
11800,0.45825574180148715,0.4582557418035039
11801,0.45825574180148715,0.458255741803504
11802,0.4582557418014872,0.45825574180350387
11803,0.4582557418014872,0.4582557418035039
11804,0.45825574180148715,0.4582557418035039
11805,0.45825574180148715,0.458255741803504
11806,0.45825574180148715,0.458255741803504
11807,0.4582557418014872,0.458255741803504
11808,0.4582557418014872,0.4582557418035039
11809,0.45825574180148715,0.458255741803504
11810,0.45825574180148715,0.4582557418035039
11811,0.4582557418014872,0.4582557418035039
11812,0.45825574180148715,0.45825574180350404
11813,0.4582557418014872,0.4582557418035039
11814,0.45825574180148715,0.458255741803504
11815,0.4582557418014872,0.458255741803504
11816,0.4582557418014872,0.4582557418035039
11817,0.4582557418014871,0.4582557418035039
11818,0.45825574180148715,0.4582557418035039
11819,0.45825574180148715,0.4582557418035039
11820,0.45825574180148715,0.458255741803504
11821,0.4582557418014871,0.458255741803504
11822,0.4582557418014872,0.45825574180350387
11823,0.4582557418014872,0.45825574180350404
11824,0.4582557418014872,0.4582557418035039
11825,0.4582557418014872,0.458255741803504
11826,0.4582557418014872,0.458255741803504
11827,0.45825574180148715,0.458255741803504
11828,0.4582557418014872,0.4582557418035039
11829,0.45825574180148715,0.4582557418035039
11830,0.45825574180148715,0.458255741803504
11831,0.4582557418014872,0.458255741803504
11832,0.4582557418014872,0.458255741803504
11833,0.45825574180148715,0.4582557418035039
11834,0.45825574180148715,0.4582557418035039
11835,0.45825574180148715,0.4582557418035039
11836,0.4582557418014872,0.4582557418035039
11837,0.4582557418014872,0.458255741803504
11838,0.45825574180148715,0.458255741803504
11839,0.4582557418014872,0.4582557418035039
11840,0.4582557418014872,0.45825574180350404
11841,0.45825574180148715,0.458255741803504
11842,0.45825574180148715,0.4582557418035039
11843,0.45825574180148715,0.458255741803504
11844,0.4582557418014872,0.458255741803504
11845,0.4582557418014872,0.4582557418035039
11846,0.45825574180148715,0.4582557418035039
11847,0.45825574180148715,0.4582557418035039
11848,0.45825574180148715,0.458255741803504
11849,0.4582557418014872,0.458255741803504
11850,0.4582557418014872,0.458255741803504
11851,0.4582557418014872,0.4582557418035039
11852,0.45825574180148715,0.4582557418035039
11853,0.45825574180148715,0.458255741803504
11854,0.45825574180148715,0.4582557418035039
11855,0.4582557418014872,0.4582557418035039
11856,0.4582557418014871,0.458255741803504
11857,0.4582557418014872,0.4582557418035039
11858,0.4582557418014872,0.4582557418035039
11859,0.4582557418014872,0.458255741803504
11860,0.4582557418014872,0.4582557418035039
11861,0.4582557418014872,0.4582557418035039
11862,0.45825574180148715,0.458255741803504
11863,0.45825574180148715,0.458255741803504
11864,0.4582557418014872,0.458255741803504
11865,0.4582557418014872,0.4582557418035039
11866,0.45825574180148715,0.4582557418035039
11867,0.4582557418014872,0.458255741803504
11868,0.45825574180148715,0.458255741803504
11869,0.4582557418014872,0.45825574180350404
11870,0.4582557418014872,0.4582557418035039
11871,0.45825574180148715,0.458255741803504
11872,0.45825574180148715,0.458255741803504
11873,0.4582557418014872,0.45825574180350387
11874,0.4582557418014872,0.4582557418035039
11875,0.4582557418014872,0.458255741803504
11876,0.45825574180148715,0.4582557418035039
11877,0.45825574180148715,0.458255741803504
11878,0.4582557418014872,0.4582557418035039
11879,0.45825574180148715,0.4582557418035039
11880,0.45825574180148715,0.458255741803504
11881,0.45825574180148715,0.4582557418035039
11882,0.4582557418014871,0.45825574180350404
11883,0.45825574180148715,0.4582557418035039
11884,0.45825574180148715,0.4582557418035039
11885,0.45825574180148715,0.4582557418035039
11886,0.4582557418014872,0.45825574180350404
11887,0.45825574180148715,0.4582557418035039
11888,0.4582557418014872,0.458255741803504
11889,0.4582557418014872,0.45825574180350404
11890,0.4582557418014871,0.4582557418035039
11891,0.4582557418014871,0.45825574180350404
11892,0.45825574180148715,0.4582557418035039
11893,0.45825574180148715,0.45825574180350387
11894,0.45825574180148715,0.458255741803504
11895,0.4582557418014872,0.4582557418035039
11896,0.4582557418014872,0.458255741803504
11897,0.4582557418014872,0.45825574180350404
11898,0.4582557418014872,0.458255741803504
11899,0.4582557418014871,0.458255741803504
11900,0.4582557418014872,0.458255741803504
11901,0.45825574180148715,0.458255741803504
11902,0.4582557418014872,0.4582557418035039
11903,0.4582557418014872,0.458255741803504
11904,0.4582557418014872,0.458255741803504
11905,0.45825574180148726,0.458255741803504
11906,0.4582557418014872,0.458255741803504
11907,0.45825574180148715,0.458255741803504
11908,0.45825574180148715,0.45825574180350404
11909,0.45825574180148715,0.458255741803504
11910,0.45825574180148715,0.458255741803504
11911,0.4582557418014872,0.458255741803504
11912,0.45825574180148715,0.4582557418035039
11913,0.45825574180148726,0.4582557418035039
11914,0.4582557418014872,0.4582557418035039
11915,0.45825574180148726,0.458255741803504
11916,0.45825574180148715,0.45825574180350387
11917,0.45825574180148726,0.458255741803504
11918,0.45825574180148726,0.458255741803504
11919,0.45825574180148715,0.4582557418035039
11920,0.4582557418014871,0.4582557418035039
11921,0.4582557418014872,0.458255741803504
11922,0.45825574180148715,0.458255741803504
11923,0.45825574180148715,0.458255741803504
11924,0.45825574180148715,0.458255741803504
11925,0.4582557418014872,0.45825574180350404
11926,0.4582557418014872,0.458255741803504
11927,0.4582557418014872,0.458255741803504
11928,0.45825574180148715,0.4582557418035039
11929,0.45825574180148715,0.458255741803504
11930,0.45825574180148715,0.458255741803504
11931,0.4582557418014872,0.458255741803504
11932,0.45825574180148726,0.4582557418035039
11933,0.45825574180148715,0.4582557418035039
11934,0.4582557418014872,0.4582557418035039
11935,0.4582557418014872,0.458255741803504
11936,0.45825574180148715,0.458255741803504
11937,0.45825574180148726,0.458255741803504
11938,0.4582557418014872,0.458255741803504
11939,0.45825574180148726,0.458255741803504
11940,0.45825574180148715,0.458255741803504
11941,0.45825574180148715,0.4582557418035039
11942,0.4582557418014872,0.4582557418035039
11943,0.4582557418014872,0.4582557418035039
11944,0.4582557418014872,0.45825574180350404
11945,0.45825574180148715,0.45825574180350404
11946,0.45825574180148715,0.4582557418035039
11947,0.45825574180148715,0.458255741803504
11948,0.4582557418014872,0.4582557418035039
11949,0.45825574180148715,0.458255741803504
11950,0.4582557418014872,0.4582557418035039
11951,0.4582557418014872,0.458255741803504
11952,0.4582557418014871,0.458255741803504
11953,0.4582557418014872,0.4582557418035039
11954,0.45825574180148715,0.4582557418035039
11955,0.45825574180148726,0.458255741803504
11956,0.45825574180148715,0.45825574180350404
11957,0.4582557418014872,0.458255741803504
11958,0.45825574180148715,0.45825574180350387
11959,0.45825574180148715,0.45825574180350404
11960,0.45825574180148715,0.4582557418035039
11961,0.45825574180148715,0.4582557418035039
11962,0.45825574180148715,0.4582557418035039
11963,0.45825574180148715,0.458255741803504
11964,0.4582557418014871,0.4582557418035039
11965,0.45825574180148715,0.4582557418035039
11966,0.4582557418014872,0.458255741803504
11967,0.4582557418014872,0.458255741803504
11968,0.4582557418014872,0.458255741803504
11969,0.4582557418014872,0.458255741803504
11970,0.4582557418014872,0.4582557418035039
11971,0.45825574180148715,0.45825574180350387
11972,0.4582557418014872,0.458255741803504
11973,0.4582557418014872,0.4582557418035039
11974,0.4582557418014872,0.458255741803504
11975,0.45825574180148715,0.4582557418035039
11976,0.45825574180148715,0.45825574180350404
11977,0.45825574180148715,0.458255741803504
11978,0.4582557418014872,0.45825574180350404
11979,0.4582557418014872,0.458255741803504
11980,0.45825574180148715,0.4582557418035039
11981,0.4582557418014871,0.458255741803504
11982,0.45825574180148715,0.458255741803504
11983,0.4582557418014871,0.458255741803504
11984,0.4582557418014872,0.4582557418035039
11985,0.45825574180148715,0.458255741803504
11986,0.45825574180148715,0.458255741803504
11987,0.4582557418014872,0.458255741803504
11988,0.45825574180148715,0.458255741803504
11989,0.45825574180148715,0.4582557418035039
11990,0.4582557418014871,0.4582557418035039
11991,0.45825574180148715,0.4582557418035039
11992,0.4582557418014872,0.458255741803504
11993,0.4582557418014872,0.4582557418035039
11994,0.45825574180148715,0.458255741803504
11995,0.45825574180148715,0.458255741803504
11996,0.4582557418014872,0.4582557418035039
11997,0.4582557418014872,0.458255741803504
11998,0.4582557418014872,0.45825574180350404
11999,0.45825574180148715,0.458255741803504
12000,0.45825574180148715,0.45825574180350387
12001,0.4582557418014871,0.458255741803504
12002,0.4582557418014872,0.458255741803504
12003,0.4582557418014872,0.4582557418035039
12004,0.4582557418014872,0.4582557418035039
12005,0.45825574180148715,0.458255741803504
12006,0.4582557418014872,0.458255741803504
12007,0.4582557418014872,0.458255741803504
12008,0.4582557418014872,0.45825574180350404
12009,0.4582557418014872,0.458255741803504
12010,0.45825574180148715,0.458255741803504
12011,0.4582557418014872,0.458255741803504
12012,0.45825574180148715,0.4582557418035039
12013,0.45825574180148726,0.458255741803504
12014,0.4582557418014872,0.458255741803504
12015,0.45825574180148715,0.458255741803504
12016,0.45825574180148726,0.45825574180350387
12017,0.4582557418014872,0.4582557418035039
12018,0.4582557418014872,0.4582557418035039
12019,0.4582557418014872,0.458255741803504
12020,0.4582557418014871,0.4582557418035039
12021,0.4582557418014872,0.4582557418035039
12022,0.45825574180148715,0.4582557418035039
12023,0.4582557418014872,0.458255741803504
12024,0.45825574180148726,0.458255741803504
12025,0.4582557418014872,0.458255741803504
12026,0.45825574180148715,0.45825574180350404
12027,0.4582557418014871,0.458255741803504
12028,0.45825574180148715,0.45825574180350387
12029,0.4582557418014872,0.458255741803504
12030,0.4582557418014872,0.458255741803504
12031,0.45825574180148715,0.458255741803504
12032,0.45825574180148715,0.458255741803504
12033,0.4582557418014872,0.45825574180350387
12034,0.45825574180148715,0.4582557418035039
12035,0.45825574180148715,0.458255741803504
12036,0.4582557418014872,0.4582557418035039
12037,0.45825574180148715,0.458255741803504
12038,0.45825574180148715,0.4582557418035039
12039,0.4582557418014872,0.458255741803504
12040,0.45825574180148715,0.45825574180350404
12041,0.4582557418014872,0.45825574180350387
12042,0.45825574180148715,0.4582557418035039
12043,0.4582557418014872,0.458255741803504
12044,0.45825574180148715,0.458255741803504
12045,0.4582557418014872,0.45825574180350404
12046,0.45825574180148715,0.458255741803504
12047,0.45825574180148715,0.4582557418035039
12048,0.4582557418014872,0.458255741803504
12049,0.45825574180148715,0.45825574180350387
12050,0.4582557418014872,0.458255741803504
12051,0.45825574180148715,0.4582557418035039
12052,0.45825574180148715,0.458255741803504
12053,0.45825574180148715,0.45825574180350404
12054,0.4582557418014872,0.458255741803504
12055,0.45825574180148715,0.458255741803504
12056,0.45825574180148715,0.458255741803504
12057,0.45825574180148715,0.458255741803504
12058,0.45825574180148715,0.458255741803504
12059,0.45825574180148715,0.458255741803504
12060,0.45825574180148715,0.4582557418035039
12061,0.45825574180148715,0.45825574180350404
12062,0.45825574180148704,0.4582557418035039
12063,0.45825574180148715,0.458255741803504
12064,0.45825574180148726,0.458255741803504
12065,0.45825574180148715,0.458255741803504
12066,0.4582557418014872,0.458255741803504
12067,0.45825574180148715,0.4582557418035039
12068,0.4582557418014872,0.45825574180350404
12069,0.45825574180148715,0.4582557418035039
12070,0.4582557418014872,0.458255741803504
12071,0.4582557418014872,0.4582557418035039
12072,0.4582557418014872,0.4582557418035039
12073,0.45825574180148715,0.4582557418035039
12074,0.45825574180148715,0.4582557418035039
12075,0.45825574180148715,0.458255741803504
12076,0.45825574180148715,0.45825574180350404
12077,0.4582557418014872,0.4582557418035039
12078,0.45825574180148715,0.458255741803504
12079,0.4582557418014872,0.458255741803504
12080,0.4582557418014872,0.45825574180350404
12081,0.4582557418014872,0.4582557418035039
12082,0.45825574180148715,0.458255741803504
12083,0.4582557418014871,0.458255741803504
12084,0.4582557418014872,0.4582557418035039
12085,0.45825574180148715,0.4582557418035039
12086,0.45825574180148715,0.458255741803504
12087,0.45825574180148715,0.458255741803504
12088,0.4582557418014872,0.4582557418035039
12089,0.4582557418014872,0.4582557418035039
12090,0.45825574180148715,0.4582557418035039
12091,0.4582557418014872,0.45825574180350404
12092,0.4582557418014871,0.458255741803504
12093,0.4582557418014872,0.4582557418035039
12094,0.45825574180148715,0.4582557418035039
12095,0.45825574180148715,0.458255741803504
12096,0.4582557418014872,0.458255741803504
12097,0.45825574180148715,0.4582557418035039
12098,0.4582557418014872,0.458255741803504
12099,0.45825574180148715,0.458255741803504
12100,0.45825574180148715,0.4582557418035039
12101,0.4582557418014872,0.458255741803504
12102,0.45825574180148715,0.458255741803504
12103,0.45825574180148715,0.45825574180350404
12104,0.4582557418014872,0.458255741803504
12105,0.4582557418014872,0.458255741803504
12106,0.4582557418014872,0.458255741803504
12107,0.45825574180148715,0.4582557418035039
12108,0.4582557418014872,0.4582557418035039
12109,0.4582557418014872,0.4582557418035039
12110,0.4582557418014872,0.458255741803504
12111,0.4582557418014872,0.45825574180350404
12112,0.4582557418014872,0.458255741803504
12113,0.4582557418014871,0.458255741803504
12114,0.4582557418014872,0.458255741803504
12115,0.4582557418014872,0.458255741803504
12116,0.45825574180148726,0.458255741803504
12117,0.45825574180148715,0.458255741803504
12118,0.45825574180148715,0.458255741803504
12119,0.45825574180148715,0.4582557418035039
12120,0.45825574180148715,0.458255741803504
12121,0.45825574180148726,0.458255741803504
12122,0.45825574180148715,0.458255741803504
12123,0.45825574180148715,0.45825574180350387
12124,0.4582557418014872,0.4582557418035039
12125,0.4582557418014871,0.458255741803504
12126,0.4582557418014872,0.4582557418035039
12127,0.45825574180148715,0.4582557418035039
12128,0.4582557418014871,0.4582557418035039
12129,0.4582557418014872,0.458255741803504
12130,0.4582557418014872,0.458255741803504
12131,0.45825574180148715,0.4582557418035039
12132,0.4582557418014872,0.4582557418035039
12133,0.4582557418014872,0.45825574180350404
12134,0.45825574180148715,0.458255741803504
12135,0.45825574180148715,0.4582557418035039
12136,0.4582557418014872,0.4582557418035039
12137,0.45825574180148715,0.4582557418035039
12138,0.4582557418014871,0.458255741803504
12139,0.4582557418014872,0.458255741803504
12140,0.45825574180148715,0.458255741803504
12141,0.45825574180148726,0.4582557418035039
12142,0.4582557418014872,0.458255741803504
12143,0.4582557418014872,0.4582557418035039
12144,0.45825574180148715,0.4582557418035039
12145,0.4582557418014872,0.45825574180350404
12146,0.45825574180148726,0.4582557418035039
12147,0.45825574180148715,0.45825574180350404
12148,0.45825574180148726,0.4582557418035039
12149,0.4582557418014872,0.458255741803504
12150,0.45825574180148726,0.458255741803504
12151,0.4582557418014872,0.4582557418035039
12152,0.45825574180148715,0.4582557418035039
12153,0.45825574180148715,0.458255741803504
12154,0.45825574180148715,0.4582557418035039
12155,0.45825574180148715,0.4582557418035039
12156,0.4582557418014872,0.4582557418035039
12157,0.45825574180148726,0.45825574180350404
12158,0.4582557418014872,0.4582557418035039
12159,0.4582557418014871,0.458255741803504
12160,0.4582557418014872,0.45825574180350404
12161,0.4582557418014872,0.458255741803504
12162,0.45825574180148715,0.4582557418035039
12163,0.4582557418014872,0.45825574180350404
12164,0.4582557418014872,0.458255741803504
12165,0.4582557418014872,0.45825574180350387
12166,0.45825574180148715,0.458255741803504
12167,0.4582557418014872,0.45825574180350404
12168,0.4582557418014872,0.458255741803504
12169,0.4582557418014872,0.4582557418035039
12170,0.4582557418014872,0.45825574180350387
12171,0.4582557418014872,0.45825574180350404
12172,0.4582557418014872,0.4582557418035039
12173,0.4582557418014872,0.458255741803504
12174,0.4582557418014872,0.458255741803504
12175,0.4582557418014872,0.458255741803504
12176,0.45825574180148715,0.458255741803504
12177,0.4582557418014872,0.458255741803504
12178,0.4582557418014872,0.4582557418035039
12179,0.45825574180148715,0.4582557418035039
12180,0.45825574180148715,0.458255741803504
12181,0.45825574180148715,0.45825574180350404
12182,0.4582557418014872,0.4582557418035039
12183,0.4582557418014872,0.4582557418035039
12184,0.4582557418014872,0.458255741803504
12185,0.4582557418014872,0.4582557418035039
12186,0.45825574180148715,0.458255741803504
12187,0.45825574180148726,0.45825574180350404
12188,0.4582557418014872,0.458255741803504
12189,0.4582557418014872,0.45825574180350404
12190,0.45825574180148715,0.458255741803504
12191,0.4582557418014871,0.4582557418035039
12192,0.4582557418014872,0.458255741803504
12193,0.45825574180148715,0.458255741803504
12194,0.4582557418014872,0.4582557418035039
12195,0.4582557418014872,0.4582557418035039
12196,0.45825574180148715,0.458255741803504
12197,0.4582557418014872,0.458255741803504
12198,0.4582557418014872,0.458255741803504
12199,0.4582557418014872,0.45825574180350404
12200,0.4582557418014872,0.458255741803504
12201,0.4582557418014872,0.458255741803504
12202,0.45825574180148715,0.458255741803504
12203,0.45825574180148715,0.45825574180350387
12204,0.4582557418014872,0.4582557418035039
12205,0.45825574180148715,0.45825574180350387
12206,0.4582557418014872,0.45825574180350404
12207,0.45825574180148715,0.4582557418035039
12208,0.45825574180148715,0.458255741803504
12209,0.4582557418014872,0.4582557418035039
12210,0.45825574180148715,0.458255741803504
12211,0.4582557418014872,0.458255741803504
12212,0.45825574180148726,0.4582557418035039
12213,0.45825574180148715,0.45825574180350404
12214,0.45825574180148715,0.458255741803504
12215,0.4582557418014872,0.458255741803504
12216,0.4582557418014872,0.45825574180350404
12217,0.4582557418014872,0.4582557418035039
12218,0.4582557418014872,0.4582557418035039
12219,0.45825574180148715,0.45825574180350404
12220,0.45825574180148715,0.458255741803504
12221,0.4582557418014871,0.458255741803504
12222,0.4582557418014872,0.45825574180350404
12223,0.4582557418014871,0.45825574180350404
12224,0.4582557418014872,0.458255741803504
12225,0.4582557418014872,0.4582557418035039
12226,0.45825574180148715,0.45825574180350387
12227,0.4582557418014872,0.458255741803504
12228,0.4582557418014872,0.458255741803504
12229,0.45825574180148715,0.458255741803504
12230,0.4582557418014872,0.458255741803504
12231,0.4582557418014872,0.458255741803504
12232,0.45825574180148715,0.458255741803504
12233,0.4582557418014871,0.458255741803504
12234,0.4582557418014872,0.458255741803504
12235,0.4582557418014872,0.4582557418035039
12236,0.4582557418014872,0.4582557418035039
12237,0.45825574180148715,0.458255741803504
12238,0.4582557418014872,0.458255741803504
12239,0.4582557418014872,0.4582557418035039
12240,0.4582557418014872,0.458255741803504
12241,0.45825574180148715,0.458255741803504
12242,0.45825574180148715,0.458255741803504
12243,0.4582557418014872,0.458255741803504
12244,0.45825574180148715,0.458255741803504
12245,0.45825574180148715,0.45825574180350387
12246,0.4582557418014872,0.4582557418035039
12247,0.4582557418014872,0.4582557418035039
12248,0.4582557418014872,0.4582557418035039
12249,0.45825574180148726,0.458255741803504
12250,0.45825574180148726,0.4582557418035039
12251,0.4582557418014872,0.458255741803504
12252,0.45825574180148715,0.458255741803504
12253,0.45825574180148715,0.4582557418035039
12254,0.4582557418014871,0.45825574180350404
12255,0.45825574180148715,0.4582557418035039
12256,0.4582557418014872,0.458255741803504
12257,0.45825574180148715,0.458255741803504
12258,0.4582557418014872,0.458255741803504
12259,0.45825574180148715,0.458255741803504
12260,0.45825574180148715,0.4582557418035039
12261,0.4582557418014872,0.4582557418035039
12262,0.4582557418014872,0.4582557418035039
12263,0.45825574180148715,0.458255741803504
12264,0.45825574180148715,0.45825574180350404
12265,0.4582557418014872,0.45825574180350387
12266,0.45825574180148715,0.458255741803504
12267,0.45825574180148715,0.458255741803504
12268,0.45825574180148715,0.458255741803504
12269,0.4582557418014872,0.458255741803504
12270,0.4582557418014872,0.458255741803504
12271,0.4582557418014872,0.4582557418035039
12272,0.45825574180148715,0.4582557418035039
12273,0.4582557418014871,0.4582557418035039
12274,0.4582557418014872,0.458255741803504
12275,0.45825574180148715,0.4582557418035039
12276,0.4582557418014872,0.45825574180350387
12277,0.45825574180148715,0.4582557418035039
12278,0.45825574180148715,0.458255741803504
12279,0.4582557418014872,0.458255741803504
12280,0.45825574180148715,0.45825574180350404
12281,0.4582557418014872,0.458255741803504
12282,0.4582557418014872,0.458255741803504
12283,0.45825574180148715,0.45825574180350404
12284,0.4582557418014872,0.458255741803504
12285,0.4582557418014872,0.4582557418035039
12286,0.45825574180148726,0.458255741803504
12287,0.45825574180148726,0.4582557418035039
12288,0.4582557418014872,0.4582557418035039
12289,0.4582557418014872,0.45825574180350404
12290,0.4582557418014872,0.4582557418035039
12291,0.45825574180148715,0.458255741803504
12292,0.4582557418014872,0.4582557418035039
12293,0.45825574180148715,0.4582557418035039
12294,0.4582557418014872,0.4582557418035039
12295,0.4582557418014872,0.4582557418035039
12296,0.4582557418014872,0.45825574180350387
12297,0.4582557418014872,0.4582557418035039
12298,0.4582557418014872,0.4582557418035039
12299,0.45825574180148726,0.4582557418035039
12300,0.4582557418014872,0.4582557418035039
12301,0.4582557418014872,0.4582557418035039
12302,0.45825574180148715,0.458255741803504
12303,0.4582557418014872,0.458255741803504
12304,0.4582557418014872,0.45825574180350404
12305,0.45825574180148715,0.45825574180350404
12306,0.4582557418014872,0.4582557418035039
12307,0.4582557418014872,0.458255741803504
12308,0.45825574180148715,0.4582557418035039
12309,0.45825574180148715,0.458255741803504
12310,0.45825574180148715,0.458255741803504
12311,0.45825574180148715,0.4582557418035039
12312,0.45825574180148715,0.458255741803504
12313,0.4582557418014872,0.458255741803504
12314,0.45825574180148715,0.458255741803504
12315,0.45825574180148715,0.458255741803504
12316,0.4582557418014872,0.45825574180350404
12317,0.4582557418014872,0.458255741803504
12318,0.45825574180148715,0.458255741803504
12319,0.45825574180148715,0.45825574180350404
12320,0.45825574180148715,0.458255741803504
12321,0.4582557418014872,0.458255741803504
12322,0.4582557418014872,0.458255741803504
12323,0.45825574180148715,0.45825574180350387
12324,0.45825574180148726,0.458255741803504
12325,0.4582557418014872,0.45825574180350404
12326,0.4582557418014872,0.45825574180350404
12327,0.4582557418014872,0.4582557418035039
12328,0.4582557418014872,0.45825574180350404
12329,0.45825574180148726,0.45825574180350404
12330,0.4582557418014871,0.458255741803504
12331,0.45825574180148715,0.45825574180350404
12332,0.45825574180148715,0.4582557418035039
12333,0.45825574180148715,0.4582557418035039
12334,0.45825574180148715,0.4582557418035039
12335,0.4582557418014872,0.4582557418035039
12336,0.4582557418014872,0.458255741803504
12337,0.45825574180148715,0.4582557418035039
12338,0.45825574180148715,0.45825574180350387
12339,0.45825574180148715,0.4582557418035039
12340,0.4582557418014872,0.458255741803504
12341,0.4582557418014872,0.4582557418035039
12342,0.45825574180148726,0.4582557418035039
12343,0.45825574180148715,0.458255741803504
12344,0.45825574180148715,0.4582557418035039
12345,0.4582557418014872,0.458255741803504
12346,0.4582557418014872,0.458255741803504
12347,0.45825574180148715,0.458255741803504
12348,0.45825574180148715,0.458255741803504
12349,0.4582557418014872,0.4582557418035039
12350,0.4582557418014872,0.4582557418035039
12351,0.4582557418014872,0.458255741803504
12352,0.45825574180148726,0.458255741803504
12353,0.4582557418014872,0.458255741803504
12354,0.45825574180148715,0.4582557418035039
12355,0.45825574180148715,0.4582557418035039
12356,0.45825574180148715,0.4582557418035039
12357,0.4582557418014872,0.458255741803504
12358,0.45825574180148715,0.4582557418035039
12359,0.45825574180148715,0.458255741803504
12360,0.4582557418014872,0.458255741803504
12361,0.4582557418014872,0.458255741803504
12362,0.4582557418014872,0.458255741803504
12363,0.4582557418014872,0.458255741803504
12364,0.45825574180148715,0.4582557418035039
12365,0.45825574180148715,0.45825574180350404
12366,0.4582557418014872,0.45825574180350404
12367,0.4582557418014872,0.45825574180350404
12368,0.45825574180148715,0.458255741803504
12369,0.45825574180148715,0.4582557418035039
12370,0.4582557418014872,0.45825574180350387
12371,0.45825574180148715,0.458255741803504
12372,0.45825574180148715,0.458255741803504
12373,0.45825574180148715,0.45825574180350387
12374,0.45825574180148715,0.4582557418035039
12375,0.4582557418014872,0.4582557418035039
12376,0.45825574180148715,0.4582557418035039
12377,0.45825574180148715,0.458255741803504
12378,0.4582557418014872,0.458255741803504
12379,0.45825574180148715,0.4582557418035039
12380,0.45825574180148715,0.4582557418035039
12381,0.45825574180148715,0.4582557418035039
12382,0.4582557418014872,0.4582557418035039
12383,0.45825574180148715,0.4582557418035039
12384,0.45825574180148715,0.458255741803504
12385,0.45825574180148726,0.458255741803504
12386,0.4582557418014872,0.4582557418035039
12387,0.4582557418014872,0.45825574180350404
12388,0.4582557418014872,0.4582557418035039
12389,0.4582557418014872,0.458255741803504
12390,0.4582557418014872,0.4582557418035039
12391,0.45825574180148715,0.4582557418035039
12392,0.4582557418014872,0.458255741803504
12393,0.45825574180148715,0.4582557418035039
12394,0.45825574180148715,0.45825574180350404
12395,0.45825574180148715,0.458255741803504
12396,0.4582557418014871,0.458255741803504
12397,0.4582557418014872,0.458255741803504
12398,0.4582557418014872,0.45825574180350387
12399,0.4582557418014872,0.458255741803504
12400,0.4582557418014872,0.458255741803504
12401,0.4582557418014872,0.4582557418035039
12402,0.4582557418014872,0.458255741803504
12403,0.45825574180148715,0.458255741803504
12404,0.4582557418014872,0.4582557418035039
12405,0.4582557418014871,0.4582557418035039
12406,0.45825574180148715,0.4582557418035039
12407,0.45825574180148715,0.458255741803504
12408,0.4582557418014872,0.4582557418035039
12409,0.4582557418014872,0.4582557418035039
12410,0.45825574180148715,0.458255741803504
12411,0.4582557418014872,0.4582557418035039
12412,0.45825574180148715,0.45825574180350387
12413,0.4582557418014872,0.458255741803504
12414,0.4582557418014872,0.458255741803504
12415,0.4582557418014872,0.458255741803504
12416,0.45825574180148715,0.458255741803504
12417,0.45825574180148715,0.4582557418035039
12418,0.45825574180148715,0.458255741803504
12419,0.4582557418014872,0.45825574180350404
12420,0.45825574180148715,0.45825574180350387
12421,0.4582557418014871,0.4582557418035039
12422,0.45825574180148715,0.458255741803504
12423,0.45825574180148715,0.458255741803504
12424,0.45825574180148715,0.4582557418035039
12425,0.45825574180148715,0.45825574180350387
12426,0.4582557418014872,0.458255741803504
12427,0.4582557418014872,0.458255741803504
12428,0.45825574180148715,0.458255741803504
12429,0.4582557418014872,0.458255741803504
12430,0.45825574180148715,0.458255741803504
12431,0.45825574180148715,0.45825574180350404
12432,0.45825574180148715,0.45825574180350404
12433,0.45825574180148715,0.4582557418035039
12434,0.4582557418014872,0.458255741803504
12435,0.45825574180148715,0.4582557418035039
12436,0.45825574180148715,0.458255741803504
12437,0.4582557418014872,0.4582557418035039
12438,0.4582557418014872,0.45825574180350404
12439,0.45825574180148715,0.458255741803504
12440,0.4582557418014871,0.4582557418035039
12441,0.45825574180148715,0.458255741803504
12442,0.4582557418014872,0.4582557418035039
12443,0.4582557418014872,0.45825574180350404
12444,0.4582557418014871,0.458255741803504
12445,0.45825574180148715,0.4582557418035039
12446,0.4582557418014872,0.4582557418035039
12447,0.4582557418014872,0.4582557418035039
12448,0.45825574180148715,0.458255741803504
12449,0.4582557418014872,0.458255741803504
12450,0.45825574180148715,0.4582557418035039
12451,0.45825574180148715,0.4582557418035039
12452,0.4582557418014872,0.458255741803504
12453,0.45825574180148715,0.458255741803504
12454,0.45825574180148715,0.458255741803504
12455,0.4582557418014872,0.458255741803504
12456,0.4582557418014872,0.45825574180350404
12457,0.4582557418014872,0.458255741803504
12458,0.4582557418014872,0.4582557418035039
12459,0.45825574180148715,0.458255741803504
12460,0.4582557418014872,0.458255741803504
12461,0.45825574180148715,0.4582557418035039
12462,0.45825574180148715,0.458255741803504
12463,0.4582557418014872,0.458255741803504
12464,0.4582557418014872,0.4582557418035039
12465,0.45825574180148715,0.458255741803504
12466,0.4582557418014872,0.458255741803504
12467,0.45825574180148715,0.45825574180350404
12468,0.45825574180148715,0.458255741803504
12469,0.4582557418014872,0.45825574180350387
12470,0.45825574180148715,0.458255741803504
12471,0.4582557418014871,0.458255741803504
12472,0.4582557418014872,0.45825574180350404
12473,0.45825574180148715,0.45825574180350387
12474,0.45825574180148715,0.458255741803504
12475,0.4582557418014872,0.4582557418035039
12476,0.45825574180148715,0.4582557418035039
12477,0.4582557418014872,0.458255741803504
12478,0.4582557418014872,0.4582557418035039
12479,0.4582557418014872,0.458255741803504
12480,0.45825574180148715,0.458255741803504
12481,0.4582557418014872,0.4582557418035039
12482,0.45825574180148715,0.4582557418035039
12483,0.45825574180148715,0.458255741803504
12484,0.4582557418014872,0.4582557418035039
12485,0.45825574180148715,0.458255741803504
12486,0.4582557418014872,0.4582557418035039
12487,0.45825574180148715,0.4582557418035039
12488,0.4582557418014872,0.458255741803504
12489,0.4582557418014872,0.458255741803504
12490,0.45825574180148715,0.458255741803504
12491,0.4582557418014872,0.4582557418035039
12492,0.4582557418014872,0.458255741803504
12493,0.4582557418014872,0.4582557418035039
12494,0.4582557418014872,0.4582557418035039
12495,0.4582557418014872,0.4582557418035039
12496,0.4582557418014872,0.458255741803504
12497,0.45825574180148715,0.4582557418035039
12498,0.4582557418014871,0.4582557418035039
12499,0.45825574180148715,0.4582557418035039
12500,0.4582557418014872,0.458255741803504
12501,0.45825574180148715,0.458255741803504
12502,0.4582557418014872,0.4582557418035039
12503,0.45825574180148715,0.458255741803504
12504,0.4582557418014872,0.458255741803504
12505,0.45825574180148715,0.4582557418035039
12506,0.4582557418014872,0.458255741803504
12507,0.4582557418014871,0.458255741803504
12508,0.4582557418014872,0.4582557418035039
12509,0.4582557418014872,0.4582557418035039
12510,0.4582557418014872,0.4582557418035039
12511,0.4582557418014872,0.4582557418035039
12512,0.4582557418014872,0.4582557418035039
12513,0.4582557418014872,0.458255741803504
12514,0.45825574180148715,0.4582557418035039
12515,0.45825574180148726,0.4582557418035039
12516,0.4582557418014872,0.4582557418035039
12517,0.45825574180148715,0.4582557418035039
12518,0.4582557418014872,0.458255741803504
12519,0.4582557418014872,0.4582557418035039
12520,0.4582557418014872,0.458255741803504
12521,0.4582557418014872,0.45825574180350404
12522,0.45825574180148715,0.458255741803504
12523,0.4582557418014871,0.458255741803504
12524,0.4582557418014871,0.4582557418035039
12525,0.4582557418014872,0.458255741803504
12526,0.45825574180148715,0.458255741803504
12527,0.4582557418014872,0.4582557418035039
12528,0.4582557418014872,0.458255741803504
12529,0.4582557418014872,0.458255741803504
12530,0.45825574180148715,0.4582557418035039
12531,0.45825574180148715,0.4582557418035039
12532,0.4582557418014871,0.4582557418035039
12533,0.4582557418014872,0.458255741803504
12534,0.45825574180148726,0.458255741803504
12535,0.45825574180148715,0.4582557418035039
12536,0.4582557418014872,0.4582557418035039
12537,0.4582557418014872,0.4582557418035039
12538,0.45825574180148715,0.4582557418035039
12539,0.45825574180148715,0.4582557418035039
12540,0.4582557418014872,0.458255741803504
12541,0.45825574180148715,0.458255741803504
12542,0.45825574180148715,0.458255741803504
12543,0.4582557418014872,0.458255741803504
12544,0.45825574180148715,0.4582557418035039
12545,0.45825574180148715,0.458255741803504
12546,0.45825574180148715,0.458255741803504
12547,0.4582557418014872,0.458255741803504
12548,0.4582557418014872,0.4582557418035039
12549,0.45825574180148715,0.458255741803504
12550,0.4582557418014871,0.458255741803504
12551,0.45825574180148715,0.4582557418035039
12552,0.45825574180148715,0.4582557418035039
12553,0.4582557418014872,0.458255741803504
12554,0.4582557418014872,0.45825574180350404
12555,0.45825574180148715,0.458255741803504
12556,0.45825574180148715,0.458255741803504
12557,0.4582557418014872,0.4582557418035039
12558,0.45825574180148715,0.4582557418035039
12559,0.4582557418014872,0.4582557418035039
12560,0.4582557418014872,0.4582557418035039
12561,0.4582557418014871,0.45825574180350404
12562,0.45825574180148715,0.458255741803504
12563,0.45825574180148715,0.458255741803504
12564,0.45825574180148715,0.458255741803504
12565,0.4582557418014872,0.458255741803504
12566,0.4582557418014872,0.458255741803504
12567,0.45825574180148715,0.45825574180350404
12568,0.45825574180148715,0.4582557418035039
12569,0.45825574180148715,0.4582557418035039
12570,0.4582557418014872,0.458255741803504
12571,0.4582557418014871,0.4582557418035039
12572,0.45825574180148715,0.458255741803504
12573,0.45825574180148715,0.458255741803504
12574,0.45825574180148715,0.45825574180350387
12575,0.4582557418014872,0.45825574180350404
12576,0.4582557418014871,0.4582557418035039
12577,0.45825574180148715,0.4582557418035039
12578,0.45825574180148715,0.458255741803504
12579,0.45825574180148726,0.4582557418035039
12580,0.45825574180148715,0.458255741803504
12581,0.45825574180148715,0.4582557418035039
12582,0.4582557418014872,0.458255741803504
12583,0.4582557418014872,0.458255741803504
12584,0.45825574180148715,0.458255741803504
12585,0.4582557418014872,0.458255741803504
12586,0.45825574180148715,0.458255741803504
12587,0.4582557418014872,0.458255741803504
12588,0.4582557418014872,0.45825574180350404
12589,0.4582557418014872,0.458255741803504
12590,0.4582557418014872,0.4582557418035039
12591,0.45825574180148715,0.458255741803504
12592,0.45825574180148715,0.4582557418035039
12593,0.45825574180148726,0.458255741803504
12594,0.4582557418014871,0.458255741803504
12595,0.4582557418014872,0.4582557418035039
12596,0.45825574180148715,0.4582557418035039
12597,0.45825574180148715,0.458255741803504
12598,0.4582557418014872,0.458255741803504
12599,0.4582557418014872,0.458255741803504
12600,0.45825574180148715,0.458255741803504
12601,0.45825574180148715,0.458255741803504
12602,0.4582557418014872,0.45825574180350404
12603,0.4582557418014872,0.458255741803504
12604,0.45825574180148715,0.4582557418035039
12605,0.45825574180148726,0.4582557418035039
12606,0.4582557418014872,0.4582557418035039
12607,0.4582557418014872,0.458255741803504
12608,0.4582557418014872,0.458255741803504
12609,0.45825574180148715,0.4582557418035039
12610,0.4582557418014872,0.45825574180350404
12611,0.45825574180148715,0.458255741803504
12612,0.4582557418014872,0.458255741803504
12613,0.4582557418014872,0.458255741803504
12614,0.4582557418014872,0.4582557418035039
12615,0.45825574180148715,0.458255741803504
12616,0.45825574180148715,0.4582557418035039
12617,0.4582557418014872,0.45825574180350404
12618,0.45825574180148726,0.458255741803504
12619,0.4582557418014872,0.4582557418035039
12620,0.45825574180148715,0.458255741803504
12621,0.45825574180148715,0.4582557418035039
12622,0.45825574180148726,0.458255741803504
12623,0.45825574180148715,0.4582557418035039
12624,0.4582557418014872,0.458255741803504
12625,0.4582557418014872,0.458255741803504
12626,0.45825574180148715,0.4582557418035039
12627,0.4582557418014872,0.4582557418035039
12628,0.4582557418014872,0.45825574180350387
12629,0.4582557418014872,0.45825574180350387
12630,0.4582557418014872,0.458255741803504
12631,0.45825574180148726,0.4582557418035039
12632,0.4582557418014872,0.458255741803504
12633,0.45825574180148726,0.458255741803504
12634,0.45825574180148715,0.458255741803504
12635,0.45825574180148715,0.458255741803504
12636,0.4582557418014872,0.458255741803504
12637,0.45825574180148715,0.45825574180350404
12638,0.4582557418014872,0.4582557418035039
12639,0.45825574180148715,0.4582557418035039
12640,0.45825574180148726,0.4582557418035039
12641,0.45825574180148715,0.458255741803504
12642,0.4582557418014872,0.4582557418035039
12643,0.45825574180148715,0.45825574180350387
12644,0.45825574180148715,0.458255741803504
12645,0.4582557418014872,0.458255741803504
12646,0.4582557418014872,0.458255741803504
12647,0.45825574180148715,0.4582557418035039
12648,0.4582557418014872,0.458255741803504
12649,0.45825574180148715,0.4582557418035039
12650,0.45825574180148715,0.4582557418035039
12651,0.45825574180148726,0.45825574180350404
12652,0.4582557418014872,0.4582557418035039
12653,0.4582557418014872,0.45825574180350404
12654,0.4582557418014871,0.4582557418035039
12655,0.4582557418014873,0.458255741803504
12656,0.4582557418014871,0.4582557418035039
12657,0.45825574180148715,0.4582557418035039
12658,0.45825574180148715,0.4582557418035039
12659,0.4582557418014872,0.4582557418035039
12660,0.45825574180148715,0.458255741803504
12661,0.45825574180148715,0.4582557418035039
12662,0.4582557418014872,0.45825574180350387
12663,0.4582557418014872,0.4582557418035039
12664,0.4582557418014872,0.458255741803504
12665,0.4582557418014872,0.4582557418035039
12666,0.4582557418014872,0.4582557418035039
12667,0.45825574180148715,0.458255741803504
12668,0.4582557418014872,0.458255741803504
12669,0.4582557418014872,0.4582557418035039
12670,0.45825574180148715,0.458255741803504
12671,0.45825574180148715,0.45825574180350404
12672,0.4582557418014872,0.4582557418035039
12673,0.4582557418014872,0.45825574180350404
12674,0.45825574180148715,0.4582557418035039
12675,0.45825574180148715,0.458255741803504
12676,0.4582557418014872,0.4582557418035039
12677,0.45825574180148715,0.458255741803504
12678,0.45825574180148715,0.4582557418035039
12679,0.45825574180148715,0.4582557418035039
12680,0.4582557418014872,0.458255741803504
12681,0.4582557418014871,0.458255741803504
12682,0.45825574180148715,0.458255741803504
12683,0.45825574180148715,0.4582557418035039
12684,0.45825574180148715,0.458255741803504
12685,0.45825574180148715,0.4582557418035039
12686,0.4582557418014872,0.458255741803504
12687,0.45825574180148715,0.458255741803504
12688,0.4582557418014871,0.458255741803504
12689,0.45825574180148715,0.458255741803504
12690,0.45825574180148726,0.458255741803504
12691,0.45825574180148715,0.4582557418035039
12692,0.45825574180148715,0.458255741803504
12693,0.4582557418014872,0.4582557418035039
12694,0.45825574180148715,0.45825574180350404
12695,0.4582557418014872,0.4582557418035039
12696,0.4582557418014872,0.458255741803504
12697,0.45825574180148715,0.458255741803504
12698,0.4582557418014872,0.4582557418035039
12699,0.4582557418014872,0.458255741803504
12700,0.4582557418014872,0.458255741803504
12701,0.4582557418014872,0.45825574180350404
12702,0.4582557418014872,0.4582557418035039
12703,0.45825574180148715,0.458255741803504
12704,0.45825574180148726,0.4582557418035039
12705,0.45825574180148715,0.458255741803504
12706,0.4582557418014872,0.458255741803504
12707,0.4582557418014872,0.45825574180350404
12708,0.45825574180148715,0.458255741803504
12709,0.45825574180148715,0.4582557418035039
12710,0.45825574180148726,0.4582557418035039
12711,0.45825574180148715,0.458255741803504
12712,0.45825574180148715,0.458255741803504
12713,0.45825574180148715,0.458255741803504
12714,0.45825574180148715,0.458255741803504
12715,0.45825574180148715,0.45825574180350404
12716,0.4582557418014872,0.4582557418035039
12717,0.4582557418014871,0.4582557418035039
12718,0.4582557418014872,0.4582557418035039
12719,0.45825574180148715,0.458255741803504
12720,0.4582557418014872,0.4582557418035039
12721,0.45825574180148715,0.458255741803504
12722,0.4582557418014872,0.4582557418035039
12723,0.45825574180148715,0.458255741803504
12724,0.45825574180148715,0.4582557418035039
12725,0.45825574180148715,0.458255741803504
12726,0.45825574180148715,0.45825574180350387
12727,0.4582557418014872,0.458255741803504
12728,0.45825574180148715,0.45825574180350387
12729,0.4582557418014872,0.4582557418035039
12730,0.4582557418014872,0.45825574180350404
12731,0.45825574180148715,0.458255741803504
12732,0.45825574180148715,0.458255741803504
12733,0.4582557418014872,0.458255741803504
12734,0.4582557418014872,0.4582557418035039
12735,0.4582557418014872,0.458255741803504
12736,0.45825574180148715,0.458255741803504
12737,0.45825574180148726,0.4582557418035039
12738,0.45825574180148715,0.458255741803504
12739,0.4582557418014872,0.45825574180350404
12740,0.45825574180148715,0.4582557418035039
12741,0.4582557418014871,0.45825574180350404
12742,0.45825574180148715,0.45825574180350404
12743,0.45825574180148726,0.458255741803504
12744,0.4582557418014872,0.458255741803504
12745,0.4582557418014872,0.4582557418035039
12746,0.45825574180148715,0.4582557418035039
12747,0.45825574180148715,0.4582557418035039
12748,0.45825574180148726,0.45825574180350404
12749,0.45825574180148726,0.4582557418035039
12750,0.4582557418014872,0.4582557418035039
12751,0.4582557418014872,0.458255741803504
12752,0.4582557418014872,0.458255741803504
12753,0.45825574180148715,0.458255741803504
12754,0.45825574180148726,0.4582557418035039
12755,0.4582557418014872,0.4582557418035039
12756,0.45825574180148715,0.458255741803504
12757,0.45825574180148715,0.45825574180350387
12758,0.45825574180148715,0.45825574180350404
12759,0.45825574180148715,0.458255741803504
12760,0.45825574180148715,0.458255741803504
12761,0.4582557418014872,0.4582557418035039
12762,0.45825574180148715,0.458255741803504
12763,0.45825574180148715,0.458255741803504
12764,0.45825574180148715,0.4582557418035039
12765,0.4582557418014872,0.4582557418035039
12766,0.4582557418014872,0.45825574180350387
12767,0.4582557418014872,0.45825574180350404
12768,0.4582557418014872,0.45825574180350387
12769,0.45825574180148715,0.458255741803504
12770,0.45825574180148715,0.4582557418035039
12771,0.45825574180148715,0.4582557418035039
12772,0.45825574180148715,0.458255741803504
12773,0.4582557418014872,0.458255741803504
12774,0.4582557418014872,0.4582557418035039
12775,0.4582557418014871,0.458255741803504
12776,0.45825574180148715,0.458255741803504
12777,0.45825574180148715,0.4582557418035039
12778,0.45825574180148715,0.45825574180350404
12779,0.45825574180148715,0.45825574180350387
12780,0.4582557418014872,0.4582557418035039
12781,0.4582557418014872,0.4582557418035039
12782,0.4582557418014872,0.458255741803504
12783,0.45825574180148715,0.4582557418035039
12784,0.45825574180148715,0.458255741803504
12785,0.45825574180148715,0.458255741803504
12786,0.4582557418014872,0.4582557418035039
12787,0.45825574180148715,0.45825574180350387
12788,0.4582557418014872,0.45825574180350387
12789,0.45825574180148715,0.4582557418035039
12790,0.4582557418014872,0.45825574180350387
12791,0.45825574180148715,0.458255741803504
12792,0.45825574180148715,0.45825574180350387
12793,0.4582557418014871,0.458255741803504
12794,0.45825574180148715,0.458255741803504
12795,0.4582557418014872,0.4582557418035039
12796,0.45825574180148715,0.4582557418035039
12797,0.4582557418014872,0.45825574180350387
12798,0.45825574180148715,0.458255741803504
12799,0.4582557418014872,0.458255741803504
12800,0.45825574180148715,0.458255741803504
12801,0.4582557418014872,0.45825574180350404
12802,0.4582557418014872,0.458255741803504
12803,0.45825574180148715,0.4582557418035039
12804,0.4582557418014872,0.458255741803504
12805,0.45825574180148715,0.458255741803504
12806,0.45825574180148715,0.4582557418035039
12807,0.45825574180148726,0.458255741803504
12808,0.45825574180148715,0.458255741803504
12809,0.45825574180148715,0.458255741803504
12810,0.45825574180148715,0.4582557418035039
12811,0.45825574180148715,0.4582557418035039
12812,0.4582557418014872,0.45825574180350404
12813,0.4582557418014872,0.4582557418035039
12814,0.45825574180148715,0.45825574180350404
12815,0.4582557418014872,0.4582557418035039
12816,0.4582557418014872,0.458255741803504
12817,0.4582557418014872,0.4582557418035039
12818,0.4582557418014872,0.4582557418035039
12819,0.45825574180148715,0.458255741803504
12820,0.45825574180148715,0.4582557418035039
12821,0.4582557418014872,0.4582557418035039
12822,0.45825574180148726,0.458255741803504
12823,0.45825574180148715,0.4582557418035039
12824,0.4582557418014872,0.4582557418035039
12825,0.4582557418014872,0.458255741803504
12826,0.45825574180148715,0.458255741803504
12827,0.45825574180148715,0.458255741803504
12828,0.45825574180148715,0.45825574180350404
12829,0.45825574180148715,0.4582557418035039
12830,0.4582557418014872,0.458255741803504
12831,0.45825574180148726,0.458255741803504
12832,0.4582557418014872,0.4582557418035039
12833,0.45825574180148715,0.45825574180350404
12834,0.45825574180148715,0.4582557418035039
12835,0.45825574180148715,0.4582557418035039
12836,0.45825574180148715,0.4582557418035039
12837,0.45825574180148715,0.4582557418035039
12838,0.4582557418014872,0.45825574180350387
12839,0.45825574180148715,0.458255741803504
12840,0.4582557418014872,0.458255741803504
12841,0.45825574180148715,0.458255741803504
12842,0.4582557418014872,0.4582557418035039
12843,0.4582557418014872,0.4582557418035039
12844,0.45825574180148715,0.4582557418035039
12845,0.45825574180148715,0.45825574180350404
12846,0.45825574180148715,0.4582557418035039
12847,0.4582557418014872,0.4582557418035039
12848,0.45825574180148715,0.4582557418035039
12849,0.45825574180148715,0.458255741803504
12850,0.4582557418014872,0.458255741803504
12851,0.45825574180148715,0.458255741803504
12852,0.4582557418014872,0.458255741803504
12853,0.4582557418014872,0.4582557418035039
12854,0.45825574180148726,0.4582557418035039
12855,0.45825574180148715,0.4582557418035039
12856,0.45825574180148715,0.458255741803504
12857,0.45825574180148715,0.458255741803504
12858,0.4582557418014872,0.458255741803504
12859,0.4582557418014872,0.4582557418035039
12860,0.45825574180148715,0.458255741803504
12861,0.4582557418014872,0.458255741803504
12862,0.4582557418014871,0.458255741803504
12863,0.4582557418014872,0.4582557418035039
12864,0.45825574180148715,0.4582557418035039
12865,0.45825574180148715,0.4582557418035039
12866,0.4582557418014872,0.4582557418035039
12867,0.45825574180148715,0.45825574180350387
12868,0.45825574180148715,0.458255741803504
12869,0.45825574180148715,0.4582557418035039
12870,0.45825574180148715,0.4582557418035039
12871,0.45825574180148726,0.458255741803504
12872,0.45825574180148715,0.458255741803504
12873,0.45825574180148715,0.45825574180350404
12874,0.4582557418014872,0.45825574180350404
12875,0.4582557418014872,0.45825574180350387
12876,0.45825574180148715,0.458255741803504
12877,0.45825574180148715,0.4582557418035039
12878,0.45825574180148715,0.458255741803504
12879,0.4582557418014872,0.458255741803504
12880,0.45825574180148715,0.458255741803504
12881,0.45825574180148715,0.458255741803504
12882,0.45825574180148715,0.458255741803504
12883,0.45825574180148715,0.4582557418035039
12884,0.4582557418014872,0.4582557418035039
12885,0.45825574180148726,0.4582557418035039
12886,0.45825574180148715,0.458255741803504
12887,0.45825574180148715,0.45825574180350404
12888,0.4582557418014872,0.4582557418035039
12889,0.45825574180148715,0.458255741803504
12890,0.45825574180148726,0.4582557418035039
12891,0.45825574180148715,0.4582557418035039
12892,0.45825574180148715,0.458255741803504
12893,0.4582557418014872,0.458255741803504
12894,0.45825574180148715,0.4582557418035039
12895,0.45825574180148715,0.458255741803504
12896,0.4582557418014872,0.458255741803504
12897,0.45825574180148715,0.45825574180350387
12898,0.4582557418014871,0.458255741803504
12899,0.45825574180148715,0.4582557418035039
12900,0.4582557418014872,0.458255741803504
12901,0.45825574180148715,0.458255741803504
12902,0.4582557418014872,0.4582557418035039
12903,0.45825574180148715,0.458255741803504
12904,0.45825574180148715,0.458255741803504
12905,0.45825574180148726,0.458255741803504
12906,0.4582557418014872,0.458255741803504
12907,0.45825574180148715,0.4582557418035039
12908,0.4582557418014872,0.458255741803504
12909,0.45825574180148715,0.45825574180350404
12910,0.45825574180148715,0.4582557418035039
12911,0.45825574180148726,0.4582557418035039
12912,0.4582557418014872,0.4582557418035039
12913,0.4582557418014872,0.458255741803504
12914,0.4582557418014872,0.4582557418035039
12915,0.4582557418014872,0.4582557418035039
12916,0.45825574180148715,0.458255741803504
12917,0.4582557418014872,0.458255741803504
12918,0.4582557418014872,0.4582557418035039
12919,0.4582557418014872,0.458255741803504
12920,0.4582557418014872,0.458255741803504
12921,0.45825574180148715,0.45825574180350387
12922,0.45825574180148715,0.458255741803504
12923,0.45825574180148715,0.458255741803504
12924,0.45825574180148715,0.458255741803504
12925,0.45825574180148715,0.458255741803504
12926,0.45825574180148715,0.4582557418035039
12927,0.45825574180148715,0.458255741803504
12928,0.4582557418014872,0.4582557418035039
12929,0.4582557418014872,0.4582557418035039
12930,0.45825574180148715,0.458255741803504
12931,0.4582557418014872,0.4582557418035039
12932,0.4582557418014872,0.458255741803504
12933,0.4582557418014871,0.458255741803504
12934,0.4582557418014872,0.458255741803504
12935,0.4582557418014872,0.4582557418035039
12936,0.4582557418014872,0.458255741803504
12937,0.45825574180148715,0.45825574180350404
12938,0.4582557418014872,0.4582557418035039
12939,0.45825574180148726,0.458255741803504
12940,0.4582557418014872,0.458255741803504
12941,0.4582557418014872,0.458255741803504
12942,0.4582557418014872,0.45825574180350404
12943,0.4582557418014872,0.458255741803504
12944,0.4582557418014872,0.458255741803504
12945,0.45825574180148715,0.458255741803504
12946,0.45825574180148715,0.4582557418035039
12947,0.4582557418014872,0.4582557418035039
12948,0.45825574180148715,0.458255741803504
12949,0.4582557418014872,0.458255741803504
12950,0.4582557418014872,0.4582557418035039
12951,0.45825574180148715,0.458255741803504
12952,0.45825574180148726,0.4582557418035039
12953,0.45825574180148715,0.4582557418035039
12954,0.45825574180148715,0.4582557418035039
12955,0.45825574180148715,0.45825574180350404
12956,0.45825574180148715,0.458255741803504
12957,0.4582557418014871,0.458255741803504
12958,0.4582557418014872,0.45825574180350404
12959,0.4582557418014872,0.4582557418035039
12960,0.45825574180148715,0.458255741803504
12961,0.4582557418014872,0.4582557418035039
12962,0.45825574180148715,0.4582557418035039
12963,0.4582557418014871,0.458255741803504
12964,0.45825574180148715,0.458255741803504
12965,0.45825574180148715,0.458255741803504
12966,0.45825574180148715,0.458255741803504
12967,0.45825574180148715,0.4582557418035039
12968,0.4582557418014872,0.458255741803504
12969,0.4582557418014872,0.458255741803504
12970,0.45825574180148715,0.4582557418035039
12971,0.45825574180148726,0.45825574180350387
12972,0.4582557418014872,0.458255741803504
12973,0.4582557418014871,0.458255741803504
12974,0.4582557418014872,0.458255741803504
12975,0.4582557418014872,0.458255741803504
12976,0.4582557418014872,0.4582557418035039
12977,0.45825574180148715,0.458255741803504
12978,0.45825574180148715,0.458255741803504
12979,0.45825574180148715,0.458255741803504
12980,0.45825574180148715,0.458255741803504
12981,0.45825574180148726,0.458255741803504
12982,0.4582557418014872,0.45825574180350404
12983,0.45825574180148715,0.4582557418035039
12984,0.4582557418014872,0.4582557418035039
12985,0.45825574180148715,0.4582557418035039
12986,0.4582557418014871,0.458255741803504
12987,0.45825574180148715,0.4582557418035039
12988,0.45825574180148715,0.45825574180350404
12989,0.45825574180148726,0.45825574180350404
12990,0.45825574180148715,0.4582557418035039
12991,0.45825574180148715,0.458255741803504
12992,0.4582557418014872,0.458255741803504
12993,0.45825574180148715,0.4582557418035039
12994,0.4582557418014872,0.45825574180350404
12995,0.45825574180148715,0.458255741803504
12996,0.4582557418014872,0.458255741803504
12997,0.4582557418014872,0.45825574180350404
12998,0.45825574180148715,0.45825574180350404
12999,0.4582557418014872,0.4582557418035039
13000,0.4582557418014872,0.458255741803504
13001,0.4582557418014872,0.4582557418035039
13002,0.4582557418014872,0.45825574180350404
13003,0.45825574180148715,0.4582557418035039
13004,0.4582557418014872,0.4582557418035039
13005,0.45825574180148715,0.458255741803504
13006,0.4582557418014872,0.4582557418035039
13007,0.45825574180148715,0.458255741803504
13008,0.4582557418014872,0.4582557418035039
13009,0.4582557418014872,0.4582557418035039
13010,0.45825574180148715,0.458255741803504
13011,0.45825574180148715,0.458255741803504
13012,0.45825574180148715,0.458255741803504
13013,0.45825574180148715,0.4582557418035039
13014,0.45825574180148715,0.458255741803504
13015,0.45825574180148715,0.458255741803504
13016,0.45825574180148715,0.458255741803504
13017,0.4582557418014872,0.458255741803504
13018,0.4582557418014872,0.458255741803504
13019,0.45825574180148715,0.4582557418035039
13020,0.45825574180148715,0.45825574180350387
13021,0.4582557418014872,0.4582557418035039
13022,0.4582557418014872,0.45825574180350387
13023,0.45825574180148715,0.4582557418035039
13024,0.45825574180148715,0.458255741803504
13025,0.4582557418014872,0.458255741803504
13026,0.4582557418014872,0.4582557418035039
13027,0.45825574180148715,0.458255741803504
13028,0.4582557418014872,0.458255741803504
13029,0.4582557418014872,0.4582557418035039
13030,0.4582557418014871,0.45825574180350404
13031,0.4582557418014872,0.458255741803504
13032,0.4582557418014872,0.458255741803504
13033,0.45825574180148715,0.458255741803504
13034,0.4582557418014871,0.45825574180350404
13035,0.4582557418014872,0.458255741803504
13036,0.4582557418014872,0.4582557418035039
13037,0.4582557418014872,0.458255741803504
13038,0.45825574180148715,0.45825574180350404
13039,0.4582557418014872,0.4582557418035039
13040,0.4582557418014872,0.4582557418035039
13041,0.4582557418014871,0.458255741803504
13042,0.4582557418014872,0.4582557418035039
13043,0.4582557418014872,0.458255741803504
13044,0.4582557418014872,0.458255741803504
13045,0.4582557418014872,0.4582557418035039
13046,0.45825574180148715,0.458255741803504
13047,0.45825574180148715,0.4582557418035039
13048,0.4582557418014872,0.458255741803504
13049,0.45825574180148715,0.4582557418035039
13050,0.45825574180148715,0.458255741803504
13051,0.45825574180148715,0.45825574180350404
13052,0.45825574180148715,0.4582557418035039
13053,0.4582557418014872,0.458255741803504
13054,0.4582557418014872,0.458255741803504
13055,0.45825574180148715,0.458255741803504
13056,0.45825574180148715,0.45825574180350387
13057,0.4582557418014872,0.4582557418035039
13058,0.4582557418014872,0.458255741803504
13059,0.45825574180148715,0.458255741803504
13060,0.4582557418014871,0.458255741803504
13061,0.45825574180148715,0.4582557418035039
13062,0.4582557418014872,0.458255741803504
13063,0.45825574180148715,0.4582557418035039
13064,0.4582557418014872,0.458255741803504
13065,0.4582557418014872,0.458255741803504
13066,0.45825574180148726,0.458255741803504
13067,0.45825574180148715,0.458255741803504
13068,0.4582557418014872,0.4582557418035039
13069,0.4582557418014872,0.458255741803504
13070,0.4582557418014872,0.458255741803504
13071,0.45825574180148715,0.458255741803504
13072,0.45825574180148715,0.4582557418035039
13073,0.45825574180148715,0.4582557418035039
13074,0.45825574180148715,0.4582557418035039
13075,0.45825574180148715,0.458255741803504
13076,0.45825574180148715,0.458255741803504
13077,0.4582557418014872,0.458255741803504
13078,0.45825574180148715,0.4582557418035039
13079,0.45825574180148715,0.4582557418035039
13080,0.45825574180148715,0.458255741803504
13081,0.45825574180148715,0.458255741803504
13082,0.45825574180148715,0.458255741803504
13083,0.45825574180148715,0.4582557418035039
13084,0.4582557418014872,0.458255741803504
13085,0.4582557418014872,0.458255741803504
13086,0.4582557418014872,0.458255741803504
13087,0.45825574180148715,0.4582557418035039
13088,0.4582557418014872,0.4582557418035039
13089,0.4582557418014871,0.4582557418035039
13090,0.4582557418014872,0.4582557418035039
13091,0.4582557418014872,0.458255741803504
13092,0.45825574180148715,0.45825574180350404
13093,0.4582557418014872,0.4582557418035039
13094,0.45825574180148715,0.4582557418035039
13095,0.4582557418014872,0.4582557418035041
13096,0.45825574180148715,0.458255741803504
13097,0.45825574180148715,0.458255741803504
13098,0.45825574180148715,0.458255741803504
13099,0.4582557418014872,0.458255741803504
13100,0.4582557418014872,0.4582557418035039
13101,0.4582557418014872,0.458255741803504
13102,0.45825574180148715,0.4582557418035039
13103,0.4582557418014872,0.458255741803504
13104,0.4582557418014872,0.458255741803504
13105,0.4582557418014872,0.458255741803504
13106,0.4582557418014872,0.458255741803504
13107,0.45825574180148715,0.45825574180350404
13108,0.4582557418014872,0.4582557418035039
13109,0.45825574180148715,0.458255741803504
13110,0.4582557418014872,0.4582557418035039
13111,0.4582557418014872,0.4582557418035039
13112,0.4582557418014872,0.4582557418035039
13113,0.4582557418014872,0.4582557418035039
13114,0.4582557418014872,0.458255741803504
13115,0.4582557418014872,0.458255741803504
13116,0.4582557418014872,0.458255741803504
13117,0.4582557418014872,0.458255741803504
13118,0.4582557418014872,0.458255741803504
13119,0.45825574180148715,0.458255741803504
13120,0.4582557418014872,0.4582557418035039
13121,0.4582557418014872,0.458255741803504
13122,0.4582557418014872,0.458255741803504
13123,0.45825574180148715,0.45825574180350404
13124,0.4582557418014872,0.4582557418035039
13125,0.4582557418014872,0.458255741803504
13126,0.4582557418014871,0.45825574180350404
13127,0.45825574180148715,0.4582557418035039
13128,0.4582557418014872,0.4582557418035039
13129,0.45825574180148715,0.458255741803504
13130,0.45825574180148715,0.458255741803504
13131,0.4582557418014872,0.45825574180350404
13132,0.4582557418014872,0.4582557418035039
13133,0.45825574180148715,0.458255741803504
13134,0.4582557418014872,0.4582557418035039
13135,0.4582557418014872,0.4582557418035039
13136,0.4582557418014872,0.4582557418035039
13137,0.4582557418014872,0.4582557418035039
13138,0.4582557418014872,0.4582557418035039
13139,0.45825574180148715,0.458255741803504
13140,0.45825574180148715,0.458255741803504
13141,0.45825574180148715,0.4582557418035039
13142,0.45825574180148715,0.4582557418035039
13143,0.45825574180148715,0.458255741803504
13144,0.4582557418014871,0.45825574180350404
13145,0.45825574180148726,0.4582557418035039
13146,0.4582557418014872,0.4582557418035039
13147,0.45825574180148715,0.4582557418035039
13148,0.45825574180148715,0.458255741803504
13149,0.4582557418014872,0.4582557418035039
13150,0.45825574180148715,0.4582557418035039
13151,0.45825574180148715,0.458255741803504
13152,0.45825574180148715,0.4582557418035039
13153,0.45825574180148715,0.458255741803504
13154,0.4582557418014872,0.4582557418035039
13155,0.45825574180148715,0.458255741803504
13156,0.45825574180148715,0.45825574180350404
13157,0.45825574180148715,0.4582557418035039
13158,0.4582557418014872,0.458255741803504
13159,0.4582557418014872,0.4582557418035039
13160,0.4582557418014871,0.458255741803504
13161,0.45825574180148715,0.458255741803504
13162,0.45825574180148715,0.458255741803504
13163,0.4582557418014872,0.458255741803504
13164,0.45825574180148715,0.458255741803504
13165,0.45825574180148715,0.458255741803504
13166,0.4582557418014872,0.458255741803504
13167,0.4582557418014872,0.4582557418035039
13168,0.45825574180148726,0.458255741803504
13169,0.45825574180148715,0.4582557418035039
13170,0.4582557418014872,0.4582557418035039
13171,0.4582557418014872,0.4582557418035039
13172,0.4582557418014872,0.458255741803504
13173,0.4582557418014872,0.45825574180350387
13174,0.45825574180148715,0.458255741803504
13175,0.45825574180148715,0.4582557418035039
13176,0.45825574180148726,0.458255741803504
13177,0.45825574180148715,0.458255741803504
13178,0.4582557418014872,0.4582557418035039
13179,0.45825574180148715,0.4582557418035039
13180,0.45825574180148715,0.458255741803504
13181,0.4582557418014872,0.45825574180350404
13182,0.4582557418014872,0.458255741803504
13183,0.45825574180148715,0.4582557418035039
13184,0.4582557418014872,0.45825574180350387
13185,0.4582557418014872,0.4582557418035039
13186,0.4582557418014872,0.458255741803504
13187,0.45825574180148726,0.458255741803504
13188,0.45825574180148715,0.4582557418035039
13189,0.45825574180148715,0.4582557418035039
13190,0.45825574180148715,0.458255741803504
13191,0.4582557418014872,0.45825574180350404
13192,0.45825574180148715,0.4582557418035039
13193,0.45825574180148715,0.458255741803504
13194,0.4582557418014872,0.458255741803504
13195,0.4582557418014872,0.458255741803504
13196,0.45825574180148715,0.45825574180350404
13197,0.4582557418014872,0.458255741803504
13198,0.4582557418014872,0.458255741803504
13199,0.4582557418014872,0.458255741803504
13200,0.4582557418014872,0.458255741803504
13201,0.4582557418014872,0.458255741803504
13202,0.45825574180148715,0.4582557418035039
13203,0.4582557418014872,0.45825574180350404
13204,0.45825574180148726,0.458255741803504
13205,0.4582557418014872,0.4582557418035039
13206,0.45825574180148715,0.458255741803504
13207,0.45825574180148715,0.4582557418035039
13208,0.4582557418014872,0.4582557418035039
13209,0.45825574180148715,0.458255741803504
13210,0.45825574180148715,0.4582557418035039
13211,0.4582557418014871,0.4582557418035039
13212,0.45825574180148715,0.458255741803504
13213,0.45825574180148715,0.458255741803504
13214,0.4582557418014872,0.4582557418035039
13215,0.4582557418014872,0.45825574180350387
13216,0.45825574180148715,0.4582557418035039
13217,0.45825574180148715,0.458255741803504
13218,0.45825574180148715,0.4582557418035039
13219,0.45825574180148715,0.4582557418035039
13220,0.4582557418014872,0.458255741803504
13221,0.45825574180148715,0.4582557418035039
13222,0.45825574180148715,0.4582557418035039
13223,0.45825574180148715,0.4582557418035039
13224,0.45825574180148726,0.458255741803504
13225,0.45825574180148715,0.4582557418035039
13226,0.45825574180148715,0.4582557418035039
13227,0.45825574180148715,0.4582557418035039
13228,0.4582557418014872,0.458255741803504
13229,0.45825574180148715,0.458255741803504
13230,0.45825574180148715,0.458255741803504
13231,0.45825574180148715,0.458255741803504
13232,0.45825574180148715,0.4582557418035039
13233,0.4582557418014872,0.4582557418035039
13234,0.45825574180148715,0.458255741803504
13235,0.4582557418014872,0.4582557418035039
13236,0.4582557418014872,0.458255741803504
13237,0.4582557418014872,0.4582557418035039
13238,0.4582557418014872,0.4582557418035039
13239,0.4582557418014872,0.458255741803504
13240,0.4582557418014872,0.458255741803504
13241,0.45825574180148715,0.458255741803504
13242,0.4582557418014871,0.458255741803504
13243,0.4582557418014872,0.4582557418035039
13244,0.45825574180148715,0.4582557418035039
13245,0.4582557418014872,0.4582557418035039
13246,0.4582557418014872,0.4582557418035039
13247,0.4582557418014872,0.45825574180350404
13248,0.4582557418014872,0.458255741803504
13249,0.4582557418014872,0.458255741803504
13250,0.4582557418014872,0.4582557418035039
13251,0.45825574180148715,0.4582557418035039
13252,0.45825574180148715,0.458255741803504
13253,0.45825574180148715,0.458255741803504
13254,0.4582557418014872,0.4582557418035039
13255,0.45825574180148715,0.4582557418035039
13256,0.4582557418014872,0.45825574180350404
13257,0.45825574180148715,0.4582557418035039
13258,0.4582557418014871,0.4582557418035039
13259,0.4582557418014872,0.4582557418035039
13260,0.4582557418014872,0.4582557418035039
13261,0.4582557418014872,0.458255741803504
13262,0.45825574180148715,0.458255741803504
13263,0.45825574180148715,0.458255741803504
13264,0.4582557418014872,0.458255741803504
13265,0.4582557418014872,0.458255741803504
13266,0.4582557418014872,0.458255741803504
13267,0.4582557418014872,0.458255741803504
13268,0.45825574180148715,0.458255741803504
13269,0.4582557418014872,0.4582557418035039
13270,0.4582557418014872,0.458255741803504
13271,0.4582557418014872,0.45825574180350404
13272,0.45825574180148715,0.4582557418035039
13273,0.45825574180148715,0.458255741803504
13274,0.45825574180148715,0.4582557418035039
13275,0.45825574180148715,0.4582557418035039
13276,0.4582557418014872,0.458255741803504
13277,0.4582557418014872,0.45825574180350404
13278,0.4582557418014872,0.458255741803504
13279,0.45825574180148715,0.458255741803504
13280,0.4582557418014872,0.458255741803504
13281,0.4582557418014872,0.45825574180350404
13282,0.4582557418014872,0.4582557418035039
13283,0.45825574180148715,0.4582557418035039
13284,0.45825574180148715,0.45825574180350387
13285,0.4582557418014872,0.4582557418035039
13286,0.4582557418014872,0.458255741803504
13287,0.45825574180148715,0.458255741803504
13288,0.45825574180148715,0.458255741803504
13289,0.4582557418014872,0.4582557418035039
13290,0.45825574180148715,0.4582557418035039
13291,0.4582557418014872,0.458255741803504
13292,0.4582557418014872,0.45825574180350404
13293,0.4582557418014872,0.458255741803504
13294,0.45825574180148715,0.4582557418035039
13295,0.4582557418014872,0.458255741803504
13296,0.4582557418014871,0.4582557418035039
13297,0.4582557418014872,0.45825574180350404
13298,0.45825574180148715,0.458255741803504
13299,0.4582557418014872,0.458255741803504
13300,0.4582557418014872,0.4582557418035039
13301,0.45825574180148715,0.458255741803504
13302,0.4582557418014872,0.458255741803504
13303,0.45825574180148715,0.4582557418035039
13304,0.4582557418014872,0.458255741803504
13305,0.4582557418014872,0.458255741803504
13306,0.45825574180148715,0.4582557418035039
13307,0.45825574180148715,0.458255741803504
13308,0.45825574180148715,0.458255741803504
13309,0.4582557418014872,0.45825574180350404
13310,0.45825574180148715,0.458255741803504
13311,0.4582557418014872,0.458255741803504
13312,0.4582557418014872,0.4582557418035039
13313,0.45825574180148715,0.458255741803504
13314,0.45825574180148715,0.458255741803504
13315,0.45825574180148715,0.458255741803504
13316,0.4582557418014872,0.4582557418035039
13317,0.45825574180148715,0.458255741803504
13318,0.45825574180148715,0.4582557418035039
13319,0.45825574180148715,0.458255741803504
13320,0.45825574180148715,0.4582557418035039
13321,0.4582557418014872,0.458255741803504
13322,0.4582557418014872,0.458255741803504
13323,0.45825574180148715,0.4582557418035039
13324,0.4582557418014872,0.4582557418035039
13325,0.45825574180148715,0.4582557418035041
13326,0.4582557418014872,0.458255741803504
13327,0.45825574180148726,0.458255741803504
13328,0.45825574180148715,0.458255741803504
13329,0.4582557418014872,0.458255741803504
13330,0.4582557418014872,0.458255741803504
13331,0.45825574180148715,0.458255741803504
13332,0.45825574180148726,0.4582557418035039
13333,0.45825574180148715,0.458255741803504
13334,0.4582557418014872,0.45825574180350404
13335,0.4582557418014871,0.4582557418035039
13336,0.4582557418014872,0.4582557418035039
13337,0.45825574180148715,0.458255741803504
13338,0.4582557418014872,0.45825574180350404
13339,0.4582557418014872,0.458255741803504
13340,0.4582557418014872,0.458255741803504
13341,0.4582557418014872,0.4582557418035039
13342,0.45825574180148715,0.458255741803504
13343,0.4582557418014872,0.4582557418035039
13344,0.45825574180148726,0.4582557418035039
13345,0.4582557418014872,0.458255741803504
13346,0.4582557418014872,0.4582557418035039
13347,0.45825574180148715,0.4582557418035039
13348,0.45825574180148715,0.45825574180350404
13349,0.4582557418014872,0.458255741803504
13350,0.45825574180148715,0.458255741803504
13351,0.4582557418014872,0.4582557418035039
13352,0.45825574180148715,0.4582557418035039
13353,0.4582557418014872,0.458255741803504
13354,0.45825574180148715,0.4582557418035039
13355,0.45825574180148715,0.458255741803504
13356,0.45825574180148726,0.458255741803504
13357,0.4582557418014872,0.4582557418035039
13358,0.4582557418014871,0.458255741803504
13359,0.45825574180148715,0.458255741803504
13360,0.45825574180148715,0.45825574180350404
13361,0.4582557418014872,0.4582557418035039
13362,0.45825574180148715,0.45825574180350404
13363,0.4582557418014872,0.4582557418035039
13364,0.4582557418014872,0.458255741803504
13365,0.4582557418014872,0.458255741803504
13366,0.45825574180148715,0.458255741803504
13367,0.45825574180148715,0.45825574180350404
13368,0.4582557418014872,0.4582557418035039
13369,0.45825574180148715,0.458255741803504
13370,0.4582557418014872,0.4582557418035039
13371,0.4582557418014872,0.458255741803504
13372,0.45825574180148715,0.458255741803504
13373,0.45825574180148715,0.458255741803504
13374,0.45825574180148715,0.458255741803504
13375,0.45825574180148726,0.458255741803504
13376,0.4582557418014872,0.4582557418035039
13377,0.45825574180148715,0.458255741803504
13378,0.4582557418014872,0.458255741803504
13379,0.4582557418014872,0.4582557418035039
13380,0.45825574180148715,0.4582557418035039
13381,0.4582557418014872,0.458255741803504
13382,0.4582557418014872,0.4582557418035039
13383,0.4582557418014872,0.458255741803504
13384,0.4582557418014872,0.458255741803504
13385,0.45825574180148715,0.4582557418035039
13386,0.45825574180148715,0.4582557418035039
13387,0.45825574180148715,0.4582557418035039
13388,0.4582557418014872,0.458255741803504
13389,0.4582557418014872,0.4582557418035039
13390,0.4582557418014872,0.458255741803504
13391,0.45825574180148715,0.458255741803504
13392,0.45825574180148715,0.4582557418035039
13393,0.45825574180148715,0.4582557418035039
13394,0.4582557418014872,0.4582557418035039
13395,0.4582557418014871,0.458255741803504
13396,0.4582557418014872,0.458255741803504
13397,0.4582557418014872,0.4582557418035039
13398,0.45825574180148715,0.458255741803504
13399,0.4582557418014872,0.458255741803504
13400,0.4582557418014872,0.458255741803504
13401,0.45825574180148715,0.4582557418035039
13402,0.45825574180148715,0.45825574180350387
13403,0.4582557418014872,0.458255741803504
13404,0.4582557418014871,0.4582557418035039
13405,0.45825574180148715,0.458255741803504
13406,0.4582557418014872,0.4582557418035039
13407,0.45825574180148715,0.458255741803504
13408,0.4582557418014872,0.45825574180350387
13409,0.4582557418014872,0.458255741803504
13410,0.4582557418014872,0.458255741803504
13411,0.45825574180148715,0.458255741803504
13412,0.4582557418014872,0.4582557418035039
13413,0.45825574180148715,0.4582557418035039
13414,0.4582557418014872,0.4582557418035039
13415,0.4582557418014872,0.458255741803504
13416,0.45825574180148715,0.458255741803504
13417,0.45825574180148715,0.4582557418035039
13418,0.45825574180148715,0.458255741803504
13419,0.4582557418014872,0.458255741803504
13420,0.45825574180148715,0.4582557418035039
13421,0.4582557418014872,0.4582557418035039
13422,0.45825574180148715,0.4582557418035039
13423,0.45825574180148715,0.458255741803504
13424,0.4582557418014872,0.45825574180350404
13425,0.4582557418014872,0.45825574180350404
13426,0.4582557418014872,0.4582557418035039
13427,0.45825574180148715,0.4582557418035039
13428,0.45825574180148715,0.458255741803504
13429,0.4582557418014872,0.458255741803504
13430,0.4582557418014872,0.4582557418035039
13431,0.4582557418014872,0.458255741803504
13432,0.4582557418014872,0.458255741803504
13433,0.4582557418014871,0.4582557418035039
13434,0.45825574180148715,0.458255741803504
13435,0.45825574180148715,0.4582557418035039
13436,0.4582557418014872,0.458255741803504
13437,0.4582557418014872,0.458255741803504
13438,0.4582557418014872,0.458255741803504
13439,0.4582557418014872,0.458255741803504
13440,0.4582557418014871,0.4582557418035039
13441,0.45825574180148715,0.4582557418035039
13442,0.4582557418014872,0.4582557418035039
13443,0.4582557418014872,0.458255741803504
13444,0.4582557418014873,0.458255741803504
13445,0.4582557418014872,0.458255741803504
13446,0.4582557418014871,0.4582557418035039
13447,0.45825574180148715,0.4582557418035039
13448,0.45825574180148715,0.458255741803504
13449,0.45825574180148715,0.4582557418035039
13450,0.45825574180148715,0.458255741803504
13451,0.4582557418014872,0.458255741803504
13452,0.4582557418014872,0.4582557418035039
13453,0.4582557418014872,0.458255741803504
13454,0.45825574180148715,0.4582557418035039
13455,0.45825574180148715,0.45825574180350387
13456,0.4582557418014871,0.4582557418035039
13457,0.4582557418014872,0.458255741803504
13458,0.4582557418014872,0.4582557418035039
13459,0.45825574180148715,0.458255741803504
13460,0.45825574180148715,0.458255741803504
13461,0.45825574180148715,0.4582557418035039
13462,0.45825574180148715,0.458255741803504
13463,0.45825574180148715,0.4582557418035039
13464,0.4582557418014872,0.458255741803504
13465,0.45825574180148726,0.458255741803504
13466,0.45825574180148726,0.458255741803504
13467,0.4582557418014872,0.458255741803504
13468,0.45825574180148726,0.458255741803504
13469,0.45825574180148715,0.4582557418035039
13470,0.4582557418014872,0.4582557418035039
13471,0.45825574180148715,0.458255741803504
13472,0.4582557418014872,0.458255741803504
13473,0.4582557418014872,0.458255741803504
13474,0.4582557418014872,0.458255741803504
13475,0.4582557418014872,0.458255741803504
13476,0.4582557418014872,0.4582557418035039
13477,0.4582557418014872,0.4582557418035039
13478,0.45825574180148715,0.458255741803504
13479,0.45825574180148715,0.4582557418035039
13480,0.4582557418014872,0.45825574180350404
13481,0.45825574180148715,0.45825574180350387
13482,0.4582557418014872,0.4582557418035039
13483,0.45825574180148715,0.4582557418035039
13484,0.45825574180148715,0.4582557418035039
13485,0.45825574180148715,0.458255741803504
13486,0.4582557418014871,0.458255741803504
13487,0.4582557418014872,0.45825574180350404
13488,0.45825574180148715,0.4582557418035039
13489,0.4582557418014872,0.4582557418035039
13490,0.4582557418014872,0.4582557418035039
13491,0.4582557418014872,0.4582557418035039
13492,0.4582557418014872,0.4582557418035039
13493,0.4582557418014872,0.458255741803504
13494,0.45825574180148715,0.458255741803504
13495,0.4582557418014872,0.458255741803504
13496,0.45825574180148715,0.458255741803504
13497,0.4582557418014871,0.4582557418035039
13498,0.4582557418014871,0.458255741803504
13499,0.4582557418014872,0.458255741803504
13500,0.4582557418014871,0.458255741803504
13501,0.45825574180148715,0.4582557418035039
13502,0.4582557418014872,0.458255741803504
13503,0.45825574180148715,0.458255741803504
13504,0.45825574180148715,0.4582557418035039
13505,0.4582557418014872,0.458255741803504
13506,0.4582557418014872,0.4582557418035039
13507,0.4582557418014872,0.4582557418035039
13508,0.45825574180148715,0.458255741803504
13509,0.4582557418014871,0.458255741803504
13510,0.45825574180148715,0.458255741803504
13511,0.4582557418014872,0.458255741803504
13512,0.4582557418014872,0.458255741803504
13513,0.4582557418014872,0.458255741803504
13514,0.45825574180148715,0.4582557418035039
13515,0.4582557418014872,0.458255741803504
13516,0.4582557418014871,0.458255741803504
13517,0.45825574180148715,0.45825574180350404
13518,0.4582557418014872,0.458255741803504
13519,0.45825574180148715,0.45825574180350404
13520,0.45825574180148726,0.458255741803504
13521,0.4582557418014872,0.4582557418035039
13522,0.45825574180148726,0.45825574180350387
13523,0.4582557418014871,0.4582557418035039
13524,0.4582557418014872,0.4582557418035039
13525,0.45825574180148715,0.45825574180350404
13526,0.45825574180148715,0.45825574180350404
13527,0.45825574180148715,0.458255741803504
13528,0.45825574180148715,0.4582557418035039
13529,0.45825574180148726,0.4582557418035039
13530,0.4582557418014872,0.4582557418035039
13531,0.45825574180148715,0.4582557418035039
13532,0.45825574180148715,0.458255741803504
13533,0.4582557418014872,0.458255741803504
13534,0.4582557418014872,0.458255741803504
13535,0.4582557418014872,0.4582557418035039
13536,0.4582557418014872,0.4582557418035039
13537,0.4582557418014872,0.4582557418035039
13538,0.4582557418014872,0.4582557418035039
13539,0.4582557418014872,0.4582557418035039
13540,0.4582557418014872,0.4582557418035039
13541,0.45825574180148715,0.458255741803504
13542,0.45825574180148715,0.458255741803504
13543,0.45825574180148715,0.45825574180350404
13544,0.4582557418014872,0.4582557418035039
13545,0.45825574180148726,0.45825574180350404
13546,0.45825574180148715,0.4582557418035039
13547,0.45825574180148715,0.458255741803504
13548,0.4582557418014872,0.458255741803504
13549,0.45825574180148715,0.458255741803504
13550,0.4582557418014872,0.458255741803504
13551,0.4582557418014872,0.4582557418035039
13552,0.4582557418014872,0.45825574180350404
13553,0.4582557418014872,0.45825574180350387
13554,0.45825574180148726,0.458255741803504
13555,0.4582557418014872,0.4582557418035039
13556,0.4582557418014872,0.458255741803504
13557,0.4582557418014872,0.4582557418035039
13558,0.4582557418014872,0.4582557418035039
13559,0.45825574180148715,0.4582557418035039
13560,0.45825574180148715,0.458255741803504
13561,0.4582557418014872,0.4582557418035039
13562,0.4582557418014872,0.4582557418035039
13563,0.4582557418014872,0.45825574180350387
13564,0.45825574180148715,0.4582557418035039
13565,0.4582557418014872,0.458255741803504
13566,0.45825574180148715,0.45825574180350404
13567,0.45825574180148715,0.458255741803504
13568,0.4582557418014872,0.458255741803504
13569,0.4582557418014872,0.458255741803504
13570,0.45825574180148715,0.4582557418035039
13571,0.4582557418014872,0.458255741803504
13572,0.4582557418014872,0.4582557418035039
13573,0.4582557418014872,0.4582557418035039
13574,0.45825574180148715,0.458255741803504
13575,0.4582557418014872,0.458255741803504
13576,0.45825574180148715,0.45825574180350404
13577,0.45825574180148715,0.458255741803504
13578,0.45825574180148715,0.4582557418035039
13579,0.4582557418014872,0.45825574180350404
13580,0.4582557418014871,0.458255741803504
13581,0.4582557418014872,0.4582557418035039
13582,0.45825574180148715,0.458255741803504
13583,0.45825574180148715,0.45825574180350404
13584,0.45825574180148715,0.458255741803504
13585,0.4582557418014872,0.458255741803504
13586,0.4582557418014872,0.458255741803504
13587,0.4582557418014872,0.458255741803504
13588,0.45825574180148715,0.4582557418035039
13589,0.4582557418014872,0.4582557418035039
13590,0.4582557418014872,0.458255741803504
13591,0.4582557418014872,0.458255741803504
13592,0.45825574180148715,0.4582557418035039
13593,0.45825574180148715,0.45825574180350404
13594,0.4582557418014872,0.458255741803504
13595,0.4582557418014871,0.458255741803504
13596,0.4582557418014872,0.4582557418035039
13597,0.4582557418014871,0.45825574180350387
13598,0.4582557418014872,0.4582557418035039
13599,0.4582557418014872,0.4582557418035039
13600,0.45825574180148715,0.458255741803504
13601,0.45825574180148715,0.4582557418035039
13602,0.45825574180148715,0.4582557418035039
13603,0.4582557418014872,0.4582557418035039
13604,0.4582557418014872,0.458255741803504
13605,0.4582557418014872,0.4582557418035039
13606,0.45825574180148715,0.458255741803504
13607,0.4582557418014872,0.458255741803504
13608,0.45825574180148715,0.4582557418035039
13609,0.45825574180148726,0.458255741803504
13610,0.4582557418014872,0.45825574180350404
13611,0.4582557418014872,0.458255741803504
13612,0.4582557418014872,0.458255741803504
13613,0.45825574180148715,0.4582557418035039
13614,0.4582557418014871,0.458255741803504
13615,0.4582557418014872,0.458255741803504
13616,0.45825574180148715,0.4582557418035039
13617,0.4582557418014872,0.4582557418035039
13618,0.4582557418014872,0.458255741803504
13619,0.4582557418014872,0.458255741803504
13620,0.45825574180148715,0.4582557418035039
13621,0.4582557418014872,0.45825574180350404
13622,0.4582557418014872,0.458255741803504
13623,0.45825574180148715,0.458255741803504
13624,0.4582557418014872,0.458255741803504
13625,0.45825574180148715,0.4582557418035039
13626,0.4582557418014872,0.4582557418035039
13627,0.45825574180148715,0.45825574180350387
13628,0.45825574180148715,0.458255741803504
13629,0.45825574180148715,0.458255741803504
13630,0.45825574180148715,0.4582557418035039
13631,0.45825574180148715,0.458255741803504
13632,0.45825574180148715,0.4582557418035039
13633,0.45825574180148715,0.458255741803504
13634,0.4582557418014871,0.4582557418035039
13635,0.45825574180148715,0.458255741803504
13636,0.45825574180148715,0.4582557418035039
13637,0.45825574180148715,0.4582557418035039
13638,0.45825574180148726,0.45825574180350404
13639,0.45825574180148715,0.458255741803504
13640,0.4582557418014872,0.458255741803504
13641,0.4582557418014872,0.458255741803504
13642,0.45825574180148715,0.45825574180350387
13643,0.4582557418014872,0.4582557418035039
13644,0.45825574180148715,0.458255741803504
13645,0.4582557418014872,0.4582557418035039
13646,0.45825574180148715,0.4582557418035039
13647,0.4582557418014872,0.4582557418035039
13648,0.45825574180148715,0.4582557418035039
13649,0.45825574180148715,0.458255741803504
13650,0.45825574180148715,0.458255741803504
13651,0.4582557418014872,0.458255741803504
13652,0.45825574180148715,0.4582557418035039
13653,0.45825574180148715,0.4582557418035039
13654,0.4582557418014872,0.45825574180350387
13655,0.4582557418014872,0.4582557418035039
13656,0.45825574180148715,0.4582557418035039
13657,0.4582557418014872,0.458255741803504
13658,0.4582557418014872,0.458255741803504
13659,0.45825574180148726,0.4582557418035039
13660,0.4582557418014872,0.4582557418035039
13661,0.4582557418014872,0.4582557418035039
13662,0.45825574180148715,0.458255741803504
13663,0.4582557418014872,0.4582557418035039
13664,0.45825574180148715,0.458255741803504
13665,0.4582557418014872,0.4582557418035039
13666,0.45825574180148715,0.458255741803504
13667,0.4582557418014872,0.458255741803504
13668,0.4582557418014872,0.458255741803504
13669,0.45825574180148715,0.458255741803504
13670,0.4582557418014872,0.458255741803504
13671,0.45825574180148715,0.458255741803504
13672,0.45825574180148715,0.458255741803504
13673,0.45825574180148715,0.4582557418035039
13674,0.4582557418014872,0.45825574180350404
13675,0.45825574180148715,0.458255741803504
13676,0.4582557418014872,0.458255741803504
13677,0.4582557418014872,0.458255741803504
13678,0.4582557418014872,0.458255741803504
13679,0.4582557418014872,0.45825574180350404
13680,0.45825574180148715,0.458255741803504
13681,0.4582557418014872,0.458255741803504
13682,0.4582557418014872,0.4582557418035039
13683,0.45825574180148726,0.45825574180350404
13684,0.45825574180148715,0.4582557418035039
13685,0.45825574180148726,0.4582557418035039
13686,0.45825574180148715,0.4582557418035039
13687,0.45825574180148715,0.4582557418035039
13688,0.45825574180148715,0.458255741803504
13689,0.45825574180148715,0.458255741803504
13690,0.45825574180148715,0.458255741803504
13691,0.4582557418014872,0.458255741803504
13692,0.45825574180148715,0.458255741803504
13693,0.45825574180148715,0.45825574180350404
13694,0.45825574180148715,0.458255741803504
13695,0.4582557418014872,0.458255741803504
13696,0.45825574180148715,0.458255741803504
13697,0.45825574180148715,0.458255741803504
13698,0.4582557418014872,0.458255741803504
13699,0.45825574180148715,0.458255741803504
13700,0.45825574180148726,0.458255741803504
13701,0.4582557418014872,0.4582557418035039
13702,0.4582557418014872,0.458255741803504
13703,0.4582557418014872,0.458255741803504
13704,0.45825574180148715,0.458255741803504
13705,0.4582557418014871,0.45825574180350404
13706,0.4582557418014872,0.45825574180350387
13707,0.45825574180148715,0.458255741803504
13708,0.4582557418014872,0.4582557418035039
13709,0.45825574180148715,0.458255741803504
13710,0.45825574180148715,0.4582557418035039
13711,0.45825574180148715,0.4582557418035039
13712,0.45825574180148726,0.458255741803504
13713,0.4582557418014872,0.4582557418035039
13714,0.45825574180148715,0.45825574180350387
13715,0.45825574180148726,0.458255741803504
13716,0.4582557418014872,0.45825574180350404
13717,0.45825574180148715,0.4582557418035039
13718,0.4582557418014872,0.4582557418035039
13719,0.4582557418014872,0.4582557418035039
13720,0.45825574180148715,0.458255741803504
13721,0.4582557418014872,0.45825574180350404
13722,0.45825574180148715,0.458255741803504
13723,0.4582557418014872,0.458255741803504
13724,0.4582557418014872,0.4582557418035039
13725,0.4582557418014872,0.458255741803504
13726,0.45825574180148715,0.458255741803504
13727,0.4582557418014872,0.4582557418035039
13728,0.45825574180148715,0.4582557418035039
13729,0.4582557418014872,0.458255741803504
13730,0.4582557418014872,0.45825574180350387
13731,0.4582557418014872,0.458255741803504
13732,0.45825574180148715,0.458255741803504
13733,0.45825574180148715,0.458255741803504
13734,0.4582557418014872,0.458255741803504
13735,0.45825574180148726,0.458255741803504
13736,0.4582557418014872,0.458255741803504
13737,0.45825574180148726,0.458255741803504
13738,0.4582557418014872,0.4582557418035039
13739,0.4582557418014872,0.4582557418035039
13740,0.45825574180148715,0.458255741803504
13741,0.45825574180148715,0.4582557418035039
13742,0.45825574180148715,0.4582557418035039
13743,0.4582557418014871,0.45825574180350404
13744,0.45825574180148715,0.458255741803504
13745,0.4582557418014872,0.458255741803504
13746,0.4582557418014872,0.4582557418035039
13747,0.45825574180148715,0.45825574180350387
13748,0.45825574180148715,0.4582557418035039
13749,0.4582557418014872,0.458255741803504
13750,0.4582557418014872,0.458255741803504
13751,0.4582557418014872,0.4582557418035039
13752,0.45825574180148715,0.458255741803504
13753,0.45825574180148726,0.458255741803504
13754,0.4582557418014872,0.458255741803504
13755,0.45825574180148715,0.458255741803504
13756,0.45825574180148715,0.45825574180350404
13757,0.4582557418014872,0.458255741803504
13758,0.4582557418014872,0.4582557418035039
13759,0.4582557418014872,0.458255741803504
13760,0.4582557418014872,0.458255741803504
13761,0.4582557418014872,0.4582557418035039
13762,0.4582557418014872,0.4582557418035039
13763,0.4582557418014872,0.45825574180350387
13764,0.45825574180148715,0.4582557418035039
13765,0.45825574180148715,0.45825574180350387
13766,0.4582557418014872,0.4582557418035039
13767,0.45825574180148715,0.458255741803504
13768,0.45825574180148715,0.458255741803504
13769,0.45825574180148715,0.458255741803504
13770,0.45825574180148726,0.458255741803504
13771,0.4582557418014872,0.4582557418035039
13772,0.4582557418014872,0.458255741803504
13773,0.4582557418014872,0.4582557418035039
13774,0.45825574180148715,0.4582557418035039
13775,0.4582557418014872,0.458255741803504
13776,0.45825574180148715,0.4582557418035039
13777,0.4582557418014872,0.45825574180350387
13778,0.45825574180148715,0.458255741803504
13779,0.45825574180148715,0.458255741803504
13780,0.4582557418014872,0.4582557418035039
13781,0.45825574180148715,0.4582557418035039
13782,0.4582557418014872,0.458255741803504
13783,0.45825574180148715,0.45825574180350404
13784,0.4582557418014872,0.4582557418035039
13785,0.45825574180148715,0.4582557418035039
13786,0.4582557418014872,0.45825574180350404
13787,0.45825574180148715,0.458255741803504
13788,0.4582557418014872,0.4582557418035039
13789,0.45825574180148715,0.4582557418035039
13790,0.4582557418014872,0.4582557418035039
13791,0.4582557418014872,0.45825574180350404
13792,0.4582557418014872,0.458255741803504
13793,0.45825574180148715,0.458255741803504
13794,0.45825574180148715,0.4582557418035039
13795,0.45825574180148715,0.458255741803504
13796,0.4582557418014872,0.458255741803504
13797,0.4582557418014872,0.4582557418035039
13798,0.4582557418014872,0.4582557418035039
13799,0.4582557418014872,0.4582557418035039
13800,0.4582557418014872,0.4582557418035039
13801,0.45825574180148715,0.458255741803504
13802,0.4582557418014872,0.458255741803504
13803,0.45825574180148715,0.4582557418035039
13804,0.4582557418014872,0.458255741803504
13805,0.45825574180148715,0.458255741803504
13806,0.45825574180148715,0.458255741803504
13807,0.45825574180148715,0.458255741803504
13808,0.45825574180148715,0.45825574180350404
13809,0.4582557418014872,0.458255741803504
13810,0.4582557418014872,0.458255741803504
13811,0.45825574180148726,0.458255741803504
13812,0.45825574180148715,0.458255741803504
13813,0.4582557418014872,0.4582557418035039
13814,0.45825574180148715,0.45825574180350387
13815,0.45825574180148715,0.4582557418035039
13816,0.45825574180148726,0.458255741803504
13817,0.4582557418014872,0.458255741803504
13818,0.45825574180148715,0.458255741803504
13819,0.45825574180148715,0.4582557418035039
13820,0.45825574180148715,0.458255741803504
13821,0.45825574180148715,0.458255741803504
13822,0.45825574180148715,0.4582557418035039
13823,0.45825574180148715,0.458255741803504
13824,0.4582557418014872,0.458255741803504
13825,0.45825574180148726,0.458255741803504
13826,0.45825574180148726,0.458255741803504
13827,0.4582557418014872,0.45825574180350387
13828,0.45825574180148726,0.45825574180350387
13829,0.4582557418014872,0.458255741803504
13830,0.45825574180148715,0.45825574180350404
13831,0.4582557418014871,0.458255741803504
13832,0.4582557418014872,0.458255741803504
13833,0.4582557418014871,0.458255741803504
13834,0.4582557418014871,0.4582557418035039
13835,0.4582557418014872,0.45825574180350387
13836,0.4582557418014872,0.458255741803504
13837,0.45825574180148715,0.458255741803504
13838,0.4582557418014872,0.458255741803504
13839,0.4582557418014872,0.4582557418035039
13840,0.45825574180148715,0.4582557418035039
13841,0.4582557418014872,0.4582557418035039
13842,0.45825574180148715,0.45825574180350387
13843,0.45825574180148715,0.4582557418035039
13844,0.45825574180148715,0.458255741803504
13845,0.4582557418014872,0.45825574180350404
13846,0.4582557418014872,0.45825574180350404
13847,0.4582557418014871,0.458255741803504
13848,0.45825574180148715,0.458255741803504
13849,0.4582557418014871,0.4582557418035039
13850,0.45825574180148715,0.4582557418035039
13851,0.4582557418014871,0.4582557418035039
13852,0.4582557418014872,0.4582557418035039
13853,0.4582557418014872,0.458255741803504
13854,0.45825574180148726,0.4582557418035039
13855,0.4582557418014872,0.458255741803504
13856,0.45825574180148715,0.4582557418035039
13857,0.4582557418014872,0.458255741803504
13858,0.45825574180148726,0.458255741803504
13859,0.4582557418014872,0.4582557418035039
13860,0.45825574180148715,0.458255741803504
13861,0.45825574180148715,0.4582557418035039
13862,0.45825574180148726,0.458255741803504
13863,0.45825574180148715,0.4582557418035039
13864,0.45825574180148715,0.4582557418035039
13865,0.4582557418014871,0.458255741803504
13866,0.45825574180148715,0.45825574180350404
13867,0.4582557418014872,0.4582557418035039
13868,0.4582557418014872,0.458255741803504
13869,0.45825574180148715,0.458255741803504
13870,0.4582557418014872,0.4582557418035039
13871,0.45825574180148726,0.458255741803504
13872,0.4582557418014872,0.45825574180350404
13873,0.45825574180148715,0.4582557418035039
13874,0.4582557418014872,0.458255741803504
13875,0.45825574180148715,0.4582557418035039
13876,0.4582557418014872,0.458255741803504
13877,0.45825574180148715,0.458255741803504
13878,0.4582557418014872,0.458255741803504
13879,0.45825574180148715,0.4582557418035039
13880,0.4582557418014872,0.4582557418035039
13881,0.45825574180148715,0.458255741803504
13882,0.45825574180148715,0.458255741803504
13883,0.4582557418014872,0.458255741803504
13884,0.45825574180148715,0.4582557418035039
13885,0.4582557418014872,0.458255741803504
13886,0.45825574180148715,0.458255741803504
13887,0.45825574180148715,0.45825574180350404
13888,0.45825574180148715,0.458255741803504
13889,0.4582557418014872,0.45825574180350404
13890,0.45825574180148715,0.458255741803504
13891,0.4582557418014872,0.458255741803504
13892,0.45825574180148715,0.458255741803504
13893,0.4582557418014872,0.4582557418035039
13894,0.4582557418014871,0.4582557418035039
13895,0.45825574180148715,0.4582557418035039
13896,0.45825574180148715,0.45825574180350387
13897,0.4582557418014872,0.4582557418035039
13898,0.45825574180148715,0.4582557418035039
13899,0.4582557418014872,0.4582557418035039
13900,0.45825574180148726,0.458255741803504
13901,0.45825574180148726,0.458255741803504
13902,0.45825574180148715,0.458255741803504
13903,0.4582557418014872,0.458255741803504
13904,0.4582557418014872,0.458255741803504
13905,0.4582557418014872,0.458255741803504
13906,0.4582557418014872,0.458255741803504
13907,0.4582557418014872,0.458255741803504
13908,0.4582557418014872,0.4582557418035039
13909,0.45825574180148715,0.458255741803504
13910,0.4582557418014872,0.4582557418035039
13911,0.4582557418014872,0.4582557418035039
13912,0.4582557418014871,0.4582557418035039
13913,0.45825574180148715,0.458255741803504
13914,0.4582557418014872,0.4582557418035039
13915,0.45825574180148715,0.4582557418035039
13916,0.4582557418014872,0.458255741803504
13917,0.4582557418014872,0.4582557418035039
13918,0.45825574180148715,0.458255741803504
13919,0.45825574180148715,0.4582557418035039
13920,0.4582557418014872,0.458255741803504
13921,0.45825574180148715,0.45825574180350404
13922,0.4582557418014872,0.458255741803504
13923,0.4582557418014872,0.45825574180350404
13924,0.45825574180148715,0.458255741803504
13925,0.45825574180148715,0.4582557418035039
13926,0.45825574180148715,0.458255741803504
13927,0.45825574180148715,0.4582557418035039
13928,0.4582557418014871,0.458255741803504
13929,0.4582557418014871,0.458255741803504
13930,0.45825574180148715,0.458255741803504
13931,0.4582557418014872,0.458255741803504
13932,0.4582557418014872,0.45825574180350404
13933,0.4582557418014872,0.4582557418035039
13934,0.45825574180148726,0.458255741803504
13935,0.45825574180148726,0.4582557418035039
13936,0.45825574180148726,0.458255741803504
13937,0.4582557418014872,0.45825574180350404
13938,0.4582557418014872,0.458255741803504
13939,0.45825574180148715,0.4582557418035039
13940,0.45825574180148715,0.458255741803504
13941,0.45825574180148715,0.4582557418035039
13942,0.45825574180148715,0.458255741803504
13943,0.45825574180148715,0.4582557418035039
13944,0.45825574180148715,0.458255741803504
13945,0.4582557418014872,0.458255741803504
13946,0.45825574180148715,0.458255741803504
13947,0.4582557418014872,0.4582557418035039
13948,0.4582557418014872,0.458255741803504
13949,0.45825574180148726,0.458255741803504
13950,0.45825574180148715,0.4582557418035039
13951,0.4582557418014872,0.4582557418035039
13952,0.45825574180148715,0.4582557418035039
13953,0.4582557418014872,0.4582557418035039
13954,0.4582557418014872,0.4582557418035039
13955,0.4582557418014872,0.4582557418035039
13956,0.4582557418014872,0.4582557418035039
13957,0.4582557418014872,0.458255741803504
13958,0.45825574180148715,0.458255741803504
13959,0.45825574180148715,0.4582557418035039
13960,0.4582557418014872,0.458255741803504
13961,0.45825574180148715,0.4582557418035039
13962,0.45825574180148715,0.4582557418035039
13963,0.45825574180148715,0.4582557418035039
13964,0.4582557418014872,0.4582557418035039
13965,0.4582557418014872,0.458255741803504
13966,0.4582557418014872,0.45825574180350404
13967,0.45825574180148715,0.45825574180350404
13968,0.4582557418014872,0.458255741803504
13969,0.4582557418014872,0.458255741803504
13970,0.4582557418014872,0.458255741803504
13971,0.45825574180148715,0.45825574180350404
13972,0.4582557418014872,0.458255741803504
13973,0.4582557418014871,0.4582557418035039
13974,0.45825574180148715,0.4582557418035039
13975,0.4582557418014872,0.45825574180350387
13976,0.45825574180148715,0.4582557418035039
13977,0.4582557418014872,0.45825574180350387
13978,0.45825574180148726,0.4582557418035039
13979,0.4582557418014872,0.4582557418035039
13980,0.45825574180148715,0.458255741803504
13981,0.45825574180148715,0.458255741803504
13982,0.4582557418014872,0.458255741803504
13983,0.4582557418014872,0.458255741803504
13984,0.4582557418014872,0.45825574180350404
13985,0.4582557418014872,0.4582557418035039
13986,0.45825574180148715,0.4582557418035039
13987,0.45825574180148715,0.458255741803504
13988,0.4582557418014872,0.458255741803504
13989,0.45825574180148715,0.45825574180350404
13990,0.4582557418014872,0.4582557418035039
13991,0.45825574180148726,0.4582557418035039
13992,0.45825574180148715,0.45825574180350387
13993,0.45825574180148715,0.4582557418035039
13994,0.4582557418014871,0.4582557418035039
13995,0.4582557418014872,0.4582557418035039
13996,0.45825574180148715,0.4582557418035039
13997,0.45825574180148715,0.458255741803504
13998,0.4582557418014872,0.4582557418035039
13999,0.45825574180148715,0.4582557418035039
14000,0.4582557418014872,0.458255741803504
14001,0.45825574180148726,0.458255741803504
14002,0.45825574180148715,0.458255741803504
14003,0.45825574180148715,0.45825574180350404
14004,0.4582557418014872,0.45825574180350404
14005,0.45825574180148715,0.458255741803504
14006,0.4582557418014872,0.4582557418035039
14007,0.45825574180148715,0.458255741803504
14008,0.45825574180148715,0.458255741803504
14009,0.4582557418014872,0.4582557418035039
14010,0.45825574180148715,0.458255741803504
14011,0.4582557418014872,0.458255741803504
14012,0.45825574180148715,0.45825574180350387
14013,0.45825574180148715,0.4582557418035039
14014,0.4582557418014871,0.458255741803504
14015,0.45825574180148715,0.4582557418035039
14016,0.45825574180148715,0.4582557418035039
14017,0.45825574180148715,0.458255741803504
14018,0.4582557418014871,0.458255741803504
14019,0.45825574180148715,0.458255741803504
14020,0.4582557418014872,0.45825574180350404
14021,0.4582557418014872,0.4582557418035039
14022,0.45825574180148715,0.458255741803504
14023,0.45825574180148715,0.458255741803504
14024,0.45825574180148715,0.4582557418035039
14025,0.4582557418014872,0.4582557418035039
14026,0.45825574180148715,0.458255741803504
14027,0.4582557418014872,0.458255741803504
14028,0.4582557418014872,0.45825574180350404
14029,0.4582557418014872,0.458255741803504
14030,0.4582557418014872,0.45825574180350387
14031,0.45825574180148715,0.4582557418035039
14032,0.45825574180148715,0.458255741803504
14033,0.45825574180148715,0.4582557418035039
14034,0.45825574180148715,0.458255741803504
14035,0.45825574180148715,0.4582557418035039
14036,0.45825574180148715,0.458255741803504
14037,0.4582557418014871,0.4582557418035039
14038,0.45825574180148715,0.458255741803504
14039,0.4582557418014872,0.458255741803504
14040,0.45825574180148726,0.4582557418035039
14041,0.45825574180148715,0.458255741803504
14042,0.4582557418014872,0.458255741803504
14043,0.45825574180148715,0.458255741803504
14044,0.4582557418014872,0.458255741803504
14045,0.45825574180148715,0.4582557418035039
14046,0.45825574180148715,0.458255741803504
14047,0.4582557418014872,0.45825574180350404
14048,0.45825574180148726,0.458255741803504
14049,0.45825574180148715,0.4582557418035039
14050,0.45825574180148715,0.4582557418035039
14051,0.45825574180148715,0.458255741803504
14052,0.4582557418014872,0.4582557418035039
14053,0.4582557418014871,0.4582557418035039
14054,0.45825574180148715,0.45825574180350387
14055,0.4582557418014872,0.4582557418035039
14056,0.45825574180148715,0.458255741803504
14057,0.45825574180148715,0.458255741803504
14058,0.45825574180148715,0.458255741803504
14059,0.45825574180148715,0.4582557418035039
14060,0.45825574180148715,0.458255741803504
14061,0.45825574180148715,0.4582557418035039
14062,0.4582557418014872,0.458255741803504
14063,0.45825574180148715,0.458255741803504
14064,0.45825574180148715,0.458255741803504
14065,0.4582557418014871,0.4582557418035039
14066,0.45825574180148715,0.4582557418035039
14067,0.4582557418014872,0.4582557418035039
14068,0.45825574180148715,0.458255741803504
14069,0.45825574180148715,0.4582557418035039
14070,0.4582557418014872,0.458255741803504
14071,0.4582557418014872,0.45825574180350404
14072,0.4582557418014872,0.4582557418035039
14073,0.4582557418014872,0.45825574180350387
14074,0.45825574180148715,0.4582557418035039
14075,0.45825574180148715,0.4582557418035039
14076,0.45825574180148715,0.4582557418035039
14077,0.4582557418014872,0.458255741803504
14078,0.4582557418014872,0.4582557418035039
14079,0.4582557418014871,0.458255741803504
14080,0.45825574180148715,0.4582557418035039
14081,0.4582557418014872,0.458255741803504
14082,0.45825574180148715,0.458255741803504
14083,0.4582557418014872,0.4582557418035039
14084,0.4582557418014872,0.4582557418035039
14085,0.45825574180148715,0.458255741803504
14086,0.4582557418014872,0.458255741803504
14087,0.4582557418014872,0.458255741803504
14088,0.4582557418014872,0.45825574180350387
14089,0.45825574180148715,0.458255741803504
14090,0.45825574180148715,0.45825574180350387
14091,0.4582557418014872,0.4582557418035039
14092,0.4582557418014872,0.4582557418035039
14093,0.45825574180148715,0.458255741803504
14094,0.4582557418014872,0.4582557418035039
14095,0.4582557418014872,0.458255741803504
14096,0.45825574180148715,0.4582557418035039
14097,0.4582557418014872,0.458255741803504
14098,0.4582557418014872,0.458255741803504
14099,0.45825574180148715,0.458255741803504
14100,0.45825574180148715,0.45825574180350387
14101,0.45825574180148715,0.458255741803504
14102,0.45825574180148715,0.458255741803504
14103,0.4582557418014872,0.4582557418035039
14104,0.4582557418014872,0.4582557418035039
14105,0.4582557418014872,0.458255741803504
14106,0.4582557418014872,0.458255741803504
14107,0.4582557418014872,0.4582557418035039
14108,0.4582557418014872,0.4582557418035039
14109,0.4582557418014872,0.4582557418035039
14110,0.4582557418014872,0.4582557418035039
14111,0.45825574180148715,0.45825574180350387
14112,0.4582557418014872,0.4582557418035039
14113,0.4582557418014872,0.4582557418035039
14114,0.4582557418014872,0.45825574180350387
14115,0.45825574180148715,0.4582557418035039
14116,0.4582557418014872,0.4582557418035039
14117,0.4582557418014872,0.4582557418035039
14118,0.45825574180148715,0.458255741803504
14119,0.4582557418014872,0.45825574180350404
14120,0.4582557418014871,0.4582557418035039
14121,0.45825574180148715,0.458255741803504
14122,0.4582557418014872,0.45825574180350404
14123,0.45825574180148715,0.4582557418035039
14124,0.45825574180148715,0.458255741803504
14125,0.45825574180148715,0.45825574180350404
14126,0.45825574180148715,0.45825574180350404
14127,0.4582557418014872,0.458255741803504
14128,0.45825574180148715,0.458255741803504
14129,0.45825574180148715,0.4582557418035039
14130,0.4582557418014872,0.45825574180350387
14131,0.45825574180148726,0.4582557418035039
14132,0.45825574180148715,0.4582557418035039
14133,0.4582557418014872,0.4582557418035039
14134,0.45825574180148726,0.458255741803504
14135,0.4582557418014872,0.4582557418035039
14136,0.4582557418014872,0.4582557418035039
14137,0.4582557418014872,0.4582557418035039
14138,0.45825574180148715,0.458255741803504
14139,0.45825574180148715,0.458255741803504
14140,0.45825574180148715,0.458255741803504
14141,0.45825574180148715,0.45825574180350404
14142,0.4582557418014872,0.458255741803504
14143,0.45825574180148715,0.458255741803504
14144,0.4582557418014872,0.45825574180350404
14145,0.45825574180148715,0.45825574180350404
14146,0.4582557418014871,0.458255741803504
14147,0.45825574180148715,0.45825574180350404
14148,0.4582557418014872,0.45825574180350404
14149,0.4582557418014872,0.458255741803504
14150,0.4582557418014872,0.458255741803504
14151,0.4582557418014872,0.4582557418035039
14152,0.4582557418014872,0.458255741803504
14153,0.4582557418014872,0.458255741803504
14154,0.4582557418014872,0.4582557418035039
14155,0.4582557418014872,0.458255741803504
14156,0.4582557418014872,0.4582557418035039
14157,0.4582557418014872,0.4582557418035039
14158,0.4582557418014872,0.458255741803504
14159,0.4582557418014872,0.4582557418035039
14160,0.4582557418014872,0.45825574180350404
14161,0.45825574180148726,0.4582557418035039
14162,0.45825574180148715,0.458255741803504
14163,0.4582557418014872,0.458255741803504
14164,0.4582557418014871,0.45825574180350404
14165,0.45825574180148715,0.4582557418035039
14166,0.4582557418014872,0.458255741803504
14167,0.4582557418014871,0.45825574180350404
14168,0.45825574180148715,0.458255741803504
14169,0.4582557418014872,0.458255741803504
14170,0.4582557418014871,0.458255741803504
14171,0.45825574180148715,0.458255741803504
14172,0.45825574180148715,0.458255741803504
14173,0.4582557418014872,0.458255741803504
14174,0.4582557418014872,0.45825574180350404
14175,0.45825574180148715,0.458255741803504
14176,0.45825574180148726,0.458255741803504
14177,0.45825574180148715,0.4582557418035039
14178,0.45825574180148715,0.458255741803504
14179,0.4582557418014872,0.4582557418035039
14180,0.45825574180148715,0.4582557418035039
14181,0.4582557418014872,0.458255741803504
14182,0.4582557418014872,0.4582557418035039
14183,0.45825574180148715,0.458255741803504
14184,0.45825574180148715,0.4582557418035039
14185,0.45825574180148715,0.45825574180350387
14186,0.45825574180148726,0.458255741803504
14187,0.45825574180148715,0.4582557418035039
14188,0.4582557418014872,0.458255741803504
14189,0.45825574180148715,0.4582557418035039
14190,0.45825574180148715,0.45825574180350404
14191,0.45825574180148715,0.458255741803504
14192,0.45825574180148715,0.4582557418035039
14193,0.45825574180148715,0.458255741803504
14194,0.4582557418014872,0.45825574180350404
14195,0.4582557418014872,0.4582557418035039
14196,0.4582557418014872,0.458255741803504
14197,0.4582557418014871,0.458255741803504
14198,0.45825574180148715,0.4582557418035039
14199,0.45825574180148715,0.458255741803504
14200,0.45825574180148715,0.4582557418035039
14201,0.4582557418014872,0.458255741803504
14202,0.45825574180148715,0.458255741803504
14203,0.4582557418014872,0.458255741803504
14204,0.45825574180148726,0.458255741803504
14205,0.45825574180148715,0.458255741803504
14206,0.4582557418014872,0.45825574180350387
14207,0.4582557418014872,0.45825574180350387
14208,0.4582557418014872,0.4582557418035039
14209,0.45825574180148715,0.4582557418035039
14210,0.45825574180148715,0.4582557418035039
14211,0.45825574180148715,0.458255741803504
14212,0.4582557418014872,0.4582557418035039
14213,0.4582557418014872,0.458255741803504
14214,0.45825574180148715,0.45825574180350404
14215,0.45825574180148715,0.458255741803504
14216,0.45825574180148715,0.45825574180350404
14217,0.4582557418014872,0.458255741803504
14218,0.45825574180148715,0.458255741803504
14219,0.45825574180148715,0.458255741803504
14220,0.4582557418014872,0.458255741803504
14221,0.45825574180148715,0.458255741803504
14222,0.4582557418014872,0.4582557418035039
14223,0.45825574180148715,0.458255741803504
14224,0.4582557418014872,0.458255741803504
14225,0.4582557418014872,0.458255741803504
14226,0.45825574180148715,0.45825574180350404
14227,0.4582557418014872,0.458255741803504
14228,0.45825574180148715,0.458255741803504
14229,0.4582557418014872,0.4582557418035039
14230,0.4582557418014872,0.4582557418035039
14231,0.4582557418014872,0.4582557418035039
14232,0.45825574180148715,0.4582557418035039
14233,0.45825574180148715,0.4582557418035039
14234,0.4582557418014872,0.4582557418035039
14235,0.45825574180148715,0.4582557418035039
14236,0.4582557418014872,0.458255741803504
14237,0.4582557418014872,0.4582557418035039
14238,0.45825574180148715,0.4582557418035039
14239,0.45825574180148715,0.458255741803504
14240,0.4582557418014872,0.458255741803504
14241,0.4582557418014872,0.458255741803504
14242,0.45825574180148715,0.458255741803504
14243,0.45825574180148715,0.4582557418035039
14244,0.45825574180148715,0.458255741803504
14245,0.4582557418014872,0.4582557418035039
14246,0.45825574180148715,0.4582557418035039
14247,0.4582557418014872,0.458255741803504
14248,0.45825574180148715,0.458255741803504
14249,0.4582557418014872,0.45825574180350404
14250,0.45825574180148715,0.4582557418035039
14251,0.4582557418014872,0.458255741803504
14252,0.4582557418014872,0.458255741803504
14253,0.45825574180148715,0.4582557418035039
14254,0.45825574180148715,0.458255741803504
14255,0.45825574180148715,0.458255741803504
14256,0.4582557418014872,0.458255741803504
14257,0.4582557418014872,0.4582557418035039
14258,0.45825574180148726,0.4582557418035039
14259,0.45825574180148715,0.4582557418035039
14260,0.4582557418014872,0.458255741803504
14261,0.4582557418014872,0.4582557418035039
14262,0.4582557418014872,0.458255741803504
14263,0.45825574180148715,0.4582557418035039
14264,0.4582557418014872,0.4582557418035039
14265,0.4582557418014872,0.458255741803504
14266,0.45825574180148715,0.458255741803504
14267,0.45825574180148715,0.458255741803504
14268,0.4582557418014872,0.458255741803504
14269,0.45825574180148715,0.45825574180350404
14270,0.45825574180148715,0.4582557418035039
14271,0.45825574180148715,0.458255741803504
14272,0.4582557418014872,0.4582557418035039
14273,0.4582557418014871,0.458255741803504
14274,0.45825574180148715,0.4582557418035039
14275,0.45825574180148715,0.458255741803504
14276,0.4582557418014872,0.45825574180350387
14277,0.4582557418014871,0.4582557418035039
14278,0.45825574180148715,0.4582557418035039
14279,0.45825574180148704,0.458255741803504
14280,0.4582557418014871,0.4582557418035039
14281,0.4582557418014871,0.458255741803504
14282,0.45825574180148715,0.4582557418035039
14283,0.45825574180148715,0.4582557418035039
14284,0.45825574180148715,0.4582557418035039
14285,0.45825574180148715,0.4582557418035039
14286,0.4582557418014872,0.458255741803504
14287,0.45825574180148715,0.4582557418035039
14288,0.45825574180148715,0.458255741803504
14289,0.45825574180148715,0.4582557418035039
14290,0.4582557418014872,0.458255741803504
14291,0.4582557418014872,0.4582557418035039
14292,0.45825574180148726,0.4582557418035039
14293,0.4582557418014872,0.4582557418035039
14294,0.4582557418014872,0.4582557418035039
14295,0.45825574180148715,0.4582557418035039
14296,0.4582557418014872,0.4582557418035039
14297,0.45825574180148715,0.458255741803504
14298,0.4582557418014872,0.4582557418035039
14299,0.4582557418014872,0.458255741803504
14300,0.45825574180148715,0.4582557418035039
14301,0.45825574180148715,0.458255741803504
14302,0.4582557418014872,0.4582557418035039
14303,0.45825574180148715,0.458255741803504
14304,0.45825574180148715,0.4582557418035039
14305,0.45825574180148715,0.458255741803504
14306,0.4582557418014872,0.458255741803504
14307,0.45825574180148715,0.458255741803504
14308,0.45825574180148715,0.4582557418035039
14309,0.4582557418014871,0.458255741803504
14310,0.4582557418014872,0.4582557418035039
14311,0.45825574180148715,0.4582557418035039
14312,0.45825574180148715,0.4582557418035039
14313,0.45825574180148715,0.4582557418035039
14314,0.4582557418014872,0.458255741803504
14315,0.45825574180148715,0.45825574180350404
14316,0.4582557418014872,0.4582557418035039
14317,0.4582557418014872,0.458255741803504
14318,0.45825574180148715,0.4582557418035039
14319,0.45825574180148715,0.4582557418035039
14320,0.4582557418014872,0.4582557418035039
14321,0.45825574180148715,0.458255741803504
14322,0.4582557418014872,0.458255741803504
14323,0.45825574180148715,0.4582557418035039
14324,0.45825574180148715,0.4582557418035039
14325,0.4582557418014872,0.458255741803504
14326,0.4582557418014872,0.4582557418035039
14327,0.45825574180148726,0.458255741803504
14328,0.45825574180148715,0.458255741803504
14329,0.4582557418014872,0.458255741803504
14330,0.4582557418014871,0.458255741803504
14331,0.4582557418014872,0.4582557418035039
14332,0.45825574180148715,0.458255741803504
14333,0.4582557418014872,0.4582557418035039
14334,0.4582557418014872,0.4582557418035039
14335,0.45825574180148715,0.4582557418035039
14336,0.45825574180148715,0.458255741803504
14337,0.4582557418014872,0.4582557418035039
14338,0.4582557418014871,0.4582557418035039
14339,0.45825574180148715,0.458255741803504
14340,0.45825574180148715,0.458255741803504
14341,0.4582557418014872,0.458255741803504
14342,0.45825574180148715,0.458255741803504
14343,0.4582557418014872,0.4582557418035039
14344,0.45825574180148715,0.458255741803504
14345,0.45825574180148715,0.458255741803504
14346,0.4582557418014872,0.4582557418035039
14347,0.45825574180148715,0.4582557418035039
14348,0.4582557418014872,0.458255741803504
14349,0.4582557418014872,0.4582557418035039
14350,0.45825574180148726,0.45825574180350387
14351,0.4582557418014872,0.4582557418035039
14352,0.4582557418014872,0.45825574180350387
14353,0.4582557418014872,0.458255741803504
14354,0.4582557418014872,0.45825574180350387
14355,0.4582557418014872,0.4582557418035039
14356,0.45825574180148715,0.4582557418035039
14357,0.4582557418014872,0.458255741803504
14358,0.4582557418014872,0.4582557418035039
14359,0.4582557418014872,0.458255741803504
14360,0.45825574180148715,0.458255741803504
14361,0.4582557418014872,0.458255741803504
14362,0.45825574180148715,0.45825574180350404
14363,0.4582557418014872,0.4582557418035039
14364,0.45825574180148715,0.458255741803504
14365,0.45825574180148715,0.458255741803504
14366,0.4582557418014872,0.458255741803504
14367,0.4582557418014872,0.4582557418035039
14368,0.45825574180148715,0.458255741803504
14369,0.45825574180148715,0.4582557418035039
14370,0.4582557418014872,0.4582557418035039
14371,0.4582557418014872,0.4582557418035039
14372,0.4582557418014871,0.4582557418035039
14373,0.45825574180148715,0.458255741803504
14374,0.45825574180148715,0.45825574180350387
14375,0.4582557418014872,0.4582557418035039
14376,0.45825574180148715,0.4582557418035039
14377,0.4582557418014871,0.458255741803504
14378,0.4582557418014872,0.458255741803504
14379,0.45825574180148715,0.4582557418035039
14380,0.45825574180148715,0.458255741803504
14381,0.45825574180148715,0.4582557418035039
14382,0.4582557418014872,0.458255741803504
14383,0.4582557418014872,0.45825574180350387
14384,0.45825574180148715,0.4582557418035039
14385,0.45825574180148726,0.4582557418035039
14386,0.4582557418014872,0.458255741803504
14387,0.45825574180148726,0.45825574180350387
14388,0.4582557418014872,0.4582557418035039
14389,0.45825574180148726,0.4582557418035039
14390,0.4582557418014872,0.4582557418035039
14391,0.45825574180148715,0.45825574180350387
14392,0.4582557418014872,0.45825574180350387
14393,0.45825574180148715,0.458255741803504
14394,0.45825574180148726,0.4582557418035039
14395,0.45825574180148715,0.458255741803504
14396,0.4582557418014872,0.458255741803504
14397,0.4582557418014872,0.458255741803504
14398,0.4582557418014872,0.458255741803504
14399,0.45825574180148726,0.458255741803504
14400,0.45825574180148726,0.4582557418035039
14401,0.4582557418014872,0.4582557418035039
14402,0.4582557418014872,0.458255741803504
14403,0.4582557418014871,0.4582557418035039
14404,0.4582557418014872,0.45825574180350404
14405,0.4582557418014872,0.4582557418035039
14406,0.4582557418014872,0.4582557418035039
14407,0.4582557418014872,0.45825574180350387
14408,0.45825574180148715,0.4582557418035039
14409,0.45825574180148715,0.458255741803504
14410,0.45825574180148715,0.4582557418035039
14411,0.4582557418014872,0.458255741803504
14412,0.45825574180148715,0.45825574180350387
14413,0.4582557418014872,0.45825574180350387
14414,0.45825574180148715,0.45825574180350404
14415,0.45825574180148715,0.458255741803504
14416,0.4582557418014872,0.458255741803504
14417,0.45825574180148715,0.4582557418035039
14418,0.4582557418014871,0.45825574180350387
14419,0.45825574180148715,0.4582557418035039
14420,0.45825574180148715,0.4582557418035039
14421,0.4582557418014872,0.458255741803504
14422,0.4582557418014872,0.4582557418035039
14423,0.4582557418014872,0.4582557418035039
14424,0.4582557418014872,0.4582557418035039
14425,0.4582557418014872,0.45825574180350387
14426,0.45825574180148726,0.4582557418035039
14427,0.45825574180148715,0.4582557418035039
14428,0.45825574180148715,0.4582557418035039
14429,0.4582557418014872,0.4582557418035039
14430,0.4582557418014872,0.4582557418035039
14431,0.4582557418014872,0.458255741803504
14432,0.4582557418014872,0.458255741803504
14433,0.45825574180148715,0.45825574180350404
14434,0.4582557418014872,0.458255741803504
14435,0.4582557418014872,0.458255741803504
14436,0.4582557418014872,0.4582557418035039
14437,0.4582557418014872,0.4582557418035039
14438,0.45825574180148715,0.458255741803504
14439,0.4582557418014872,0.458255741803504
14440,0.4582557418014871,0.458255741803504
14441,0.4582557418014871,0.45825574180350404
14442,0.45825574180148715,0.4582557418035039
14443,0.45825574180148715,0.45825574180350404
14444,0.4582557418014872,0.458255741803504
14445,0.4582557418014872,0.458255741803504
14446,0.4582557418014872,0.45825574180350404
14447,0.45825574180148726,0.4582557418035039
14448,0.45825574180148715,0.458255741803504
14449,0.4582557418014872,0.458255741803504
14450,0.4582557418014872,0.4582557418035039
14451,0.4582557418014871,0.4582557418035039
14452,0.45825574180148715,0.4582557418035039
14453,0.45825574180148715,0.458255741803504
14454,0.45825574180148715,0.458255741803504
14455,0.4582557418014872,0.4582557418035039
14456,0.4582557418014871,0.45825574180350404
14457,0.4582557418014872,0.45825574180350404
14458,0.45825574180148715,0.458255741803504
14459,0.45825574180148715,0.458255741803504
14460,0.4582557418014872,0.4582557418035039
14461,0.4582557418014872,0.45825574180350404
14462,0.45825574180148715,0.4582557418035039
14463,0.4582557418014872,0.458255741803504
14464,0.4582557418014872,0.458255741803504
14465,0.4582557418014872,0.4582557418035039
14466,0.45825574180148726,0.4582557418035039
14467,0.4582557418014872,0.4582557418035039
14468,0.4582557418014872,0.458255741803504
14469,0.4582557418014872,0.458255741803504
14470,0.45825574180148715,0.458255741803504
14471,0.4582557418014872,0.45825574180350404
14472,0.45825574180148715,0.45825574180350404
14473,0.45825574180148715,0.458255741803504
14474,0.4582557418014872,0.45825574180350404
14475,0.45825574180148715,0.45825574180350404
14476,0.4582557418014872,0.4582557418035041
14477,0.45825574180148715,0.458255741803504
14478,0.45825574180148715,0.458255741803504
14479,0.4582557418014872,0.458255741803504
14480,0.4582557418014872,0.458255741803504
14481,0.4582557418014872,0.4582557418035039
14482,0.4582557418014872,0.458255741803504
14483,0.45825574180148715,0.4582557418035039
14484,0.45825574180148715,0.4582557418035039
14485,0.45825574180148715,0.458255741803504
14486,0.4582557418014872,0.4582557418035039
14487,0.45825574180148715,0.458255741803504
14488,0.4582557418014872,0.458255741803504
14489,0.45825574180148715,0.4582557418035039
14490,0.4582557418014872,0.45825574180350404
14491,0.4582557418014872,0.458255741803504
14492,0.45825574180148715,0.458255741803504
14493,0.4582557418014872,0.458255741803504
14494,0.4582557418014872,0.4582557418035039
14495,0.4582557418014872,0.4582557418035039
14496,0.4582557418014872,0.4582557418035039
14497,0.45825574180148715,0.458255741803504
14498,0.4582557418014871,0.458255741803504
14499,0.45825574180148715,0.458255741803504
14500,0.45825574180148715,0.4582557418035039
14501,0.45825574180148715,0.4582557418035039
14502,0.4582557418014872,0.4582557418035039
14503,0.4582557418014872,0.458255741803504
14504,0.4582557418014872,0.458255741803504
14505,0.4582557418014872,0.4582557418035039
14506,0.45825574180148726,0.458255741803504
14507,0.4582557418014872,0.4582557418035039
14508,0.45825574180148715,0.4582557418035039
14509,0.45825574180148726,0.4582557418035039
14510,0.4582557418014872,0.4582557418035039
14511,0.4582557418014872,0.458255741803504
14512,0.4582557418014872,0.458255741803504
14513,0.45825574180148715,0.4582557418035039
14514,0.45825574180148715,0.4582557418035039
14515,0.4582557418014872,0.458255741803504
14516,0.4582557418014872,0.45825574180350404
14517,0.4582557418014872,0.458255741803504
14518,0.4582557418014872,0.458255741803504
14519,0.4582557418014872,0.4582557418035039
14520,0.45825574180148715,0.458255741803504
14521,0.45825574180148715,0.458255741803504
14522,0.4582557418014872,0.4582557418035039
14523,0.4582557418014872,0.458255741803504
14524,0.4582557418014872,0.458255741803504
14525,0.45825574180148715,0.458255741803504
14526,0.45825574180148715,0.45825574180350404
14527,0.45825574180148715,0.458255741803504
14528,0.4582557418014872,0.4582557418035039
14529,0.45825574180148715,0.458255741803504
14530,0.4582557418014872,0.458255741803504
14531,0.4582557418014872,0.458255741803504
14532,0.45825574180148715,0.45825574180350404
14533,0.45825574180148715,0.458255741803504
14534,0.4582557418014872,0.4582557418035039
14535,0.4582557418014871,0.458255741803504
14536,0.45825574180148715,0.458255741803504
14537,0.4582557418014872,0.458255741803504
14538,0.45825574180148715,0.458255741803504
14539,0.45825574180148715,0.4582557418035039
14540,0.4582557418014872,0.4582557418035039
14541,0.4582557418014871,0.458255741803504
14542,0.4582557418014871,0.4582557418035039
14543,0.45825574180148715,0.45825574180350387
14544,0.4582557418014872,0.4582557418035039
14545,0.45825574180148715,0.458255741803504
14546,0.45825574180148715,0.4582557418035039
14547,0.4582557418014872,0.458255741803504
14548,0.45825574180148715,0.4582557418035039
14549,0.45825574180148726,0.458255741803504
14550,0.4582557418014872,0.4582557418035039
14551,0.4582557418014872,0.4582557418035039
14552,0.4582557418014872,0.4582557418035039
14553,0.45825574180148715,0.4582557418035039
14554,0.45825574180148715,0.4582557418035039
14555,0.4582557418014872,0.4582557418035039
14556,0.4582557418014872,0.458255741803504
14557,0.4582557418014872,0.458255741803504
14558,0.4582557418014872,0.458255741803504
14559,0.45825574180148715,0.458255741803504
14560,0.45825574180148715,0.458255741803504
14561,0.4582557418014872,0.458255741803504
14562,0.4582557418014872,0.458255741803504
14563,0.45825574180148715,0.458255741803504
14564,0.45825574180148726,0.458255741803504
14565,0.45825574180148726,0.458255741803504
14566,0.4582557418014872,0.4582557418035039
14567,0.45825574180148715,0.4582557418035039
14568,0.4582557418014872,0.458255741803504
14569,0.4582557418014872,0.458255741803504
14570,0.45825574180148715,0.458255741803504
14571,0.45825574180148715,0.458255741803504
14572,0.4582557418014872,0.458255741803504
14573,0.45825574180148715,0.4582557418035039
14574,0.4582557418014872,0.458255741803504
14575,0.4582557418014872,0.458255741803504
14576,0.45825574180148715,0.4582557418035039
14577,0.4582557418014871,0.458255741803504
14578,0.4582557418014872,0.458255741803504
14579,0.45825574180148715,0.458255741803504
14580,0.45825574180148715,0.458255741803504
14581,0.4582557418014872,0.458255741803504
14582,0.4582557418014872,0.458255741803504
14583,0.4582557418014871,0.4582557418035039
14584,0.45825574180148715,0.45825574180350404
14585,0.45825574180148715,0.458255741803504
14586,0.45825574180148715,0.4582557418035039
14587,0.4582557418014872,0.458255741803504
14588,0.4582557418014872,0.458255741803504
14589,0.4582557418014872,0.458255741803504
14590,0.4582557418014871,0.458255741803504
14591,0.4582557418014872,0.4582557418035039
14592,0.45825574180148715,0.458255741803504
14593,0.45825574180148715,0.458255741803504
14594,0.45825574180148715,0.458255741803504
14595,0.4582557418014872,0.4582557418035039
14596,0.45825574180148715,0.4582557418035039
14597,0.4582557418014872,0.4582557418035039
14598,0.4582557418014872,0.4582557418035039
14599,0.4582557418014872,0.4582557418035039
14600,0.4582557418014872,0.458255741803504
14601,0.45825574180148726,0.458255741803504
14602,0.45825574180148715,0.458255741803504
14603,0.45825574180148715,0.458255741803504
14604,0.4582557418014872,0.458255741803504
14605,0.45825574180148715,0.458255741803504
14606,0.45825574180148715,0.458255741803504
14607,0.4582557418014872,0.45825574180350404
14608,0.45825574180148726,0.458255741803504
14609,0.4582557418014872,0.4582557418035039
14610,0.4582557418014872,0.458255741803504
14611,0.4582557418014872,0.458255741803504
14612,0.4582557418014872,0.458255741803504
14613,0.45825574180148715,0.458255741803504
14614,0.4582557418014872,0.45825574180350404
14615,0.45825574180148715,0.458255741803504
14616,0.45825574180148715,0.458255741803504
14617,0.45825574180148715,0.458255741803504
14618,0.4582557418014872,0.458255741803504
14619,0.4582557418014872,0.458255741803504
14620,0.4582557418014871,0.458255741803504
14621,0.4582557418014872,0.45825574180350404
14622,0.45825574180148715,0.45825574180350404
14623,0.45825574180148715,0.4582557418035039
14624,0.45825574180148715,0.458255741803504
14625,0.4582557418014872,0.458255741803504
14626,0.4582557418014872,0.458255741803504
14627,0.4582557418014872,0.4582557418035039
14628,0.4582557418014872,0.458255741803504
14629,0.45825574180148715,0.458255741803504
14630,0.45825574180148715,0.4582557418035039
14631,0.4582557418014871,0.458255741803504
14632,0.45825574180148715,0.458255741803504
14633,0.45825574180148715,0.458255741803504
14634,0.45825574180148715,0.45825574180350387
14635,0.45825574180148715,0.458255741803504
14636,0.45825574180148715,0.4582557418035039
14637,0.45825574180148715,0.4582557418035039
14638,0.45825574180148715,0.458255741803504
14639,0.4582557418014872,0.4582557418035039
14640,0.4582557418014872,0.4582557418035039
14641,0.45825574180148715,0.4582557418035039
14642,0.4582557418014872,0.4582557418035039
14643,0.45825574180148715,0.4582557418035039
14644,0.45825574180148715,0.4582557418035039
14645,0.45825574180148715,0.458255741803504
14646,0.4582557418014872,0.45825574180350404
14647,0.4582557418014872,0.458255741803504
14648,0.4582557418014872,0.45825574180350387
14649,0.45825574180148715,0.4582557418035039
14650,0.4582557418014872,0.458255741803504
14651,0.4582557418014872,0.4582557418035039
14652,0.4582557418014872,0.4582557418035039
14653,0.45825574180148726,0.458255741803504
14654,0.45825574180148726,0.4582557418035039
14655,0.4582557418014872,0.45825574180350387
14656,0.45825574180148715,0.458255741803504
14657,0.4582557418014872,0.4582557418035039
14658,0.4582557418014872,0.4582557418035039
14659,0.4582557418014872,0.458255741803504
14660,0.4582557418014872,0.458255741803504
14661,0.45825574180148726,0.4582557418035039
14662,0.45825574180148726,0.4582557418035039
14663,0.45825574180148726,0.458255741803504
14664,0.45825574180148715,0.458255741803504
14665,0.4582557418014872,0.458255741803504
14666,0.4582557418014872,0.458255741803504
14667,0.4582557418014872,0.45825574180350404
14668,0.45825574180148726,0.45825574180350404
14669,0.4582557418014872,0.45825574180350404
14670,0.45825574180148715,0.458255741803504
14671,0.45825574180148715,0.458255741803504
14672,0.4582557418014872,0.458255741803504
14673,0.4582557418014872,0.458255741803504
14674,0.4582557418014872,0.45825574180350404
14675,0.4582557418014872,0.45825574180350404
14676,0.45825574180148726,0.458255741803504
14677,0.45825574180148715,0.4582557418035039
14678,0.45825574180148715,0.458255741803504
14679,0.45825574180148715,0.45825574180350404
14680,0.4582557418014872,0.4582557418035039
14681,0.45825574180148715,0.458255741803504
14682,0.45825574180148715,0.458255741803504
14683,0.4582557418014872,0.4582557418035039
14684,0.45825574180148715,0.4582557418035039
14685,0.45825574180148715,0.458255741803504
14686,0.45825574180148715,0.4582557418035039
14687,0.4582557418014872,0.4582557418035039
14688,0.4582557418014872,0.45825574180350387
14689,0.4582557418014872,0.45825574180350404
14690,0.4582557418014872,0.458255741803504
14691,0.45825574180148715,0.458255741803504
14692,0.45825574180148715,0.4582557418035039
14693,0.45825574180148715,0.458255741803504
14694,0.45825574180148715,0.458255741803504
14695,0.45825574180148715,0.4582557418035039
14696,0.4582557418014872,0.45825574180350387
14697,0.45825574180148715,0.458255741803504
14698,0.45825574180148715,0.458255741803504
14699,0.45825574180148715,0.4582557418035039
14700,0.45825574180148715,0.4582557418035039
14701,0.45825574180148715,0.458255741803504
14702,0.45825574180148715,0.458255741803504
14703,0.45825574180148715,0.4582557418035039
14704,0.4582557418014872,0.4582557418035039
14705,0.4582557418014871,0.458255741803504
14706,0.4582557418014871,0.458255741803504
14707,0.45825574180148715,0.4582557418035039
14708,0.45825574180148715,0.4582557418035039
14709,0.45825574180148715,0.458255741803504
14710,0.45825574180148715,0.4582557418035039
14711,0.4582557418014872,0.458255741803504
14712,0.4582557418014872,0.4582557418035039
14713,0.4582557418014872,0.458255741803504
14714,0.4582557418014872,0.4582557418035039
14715,0.45825574180148726,0.4582557418035039
14716,0.4582557418014872,0.4582557418035039
14717,0.4582557418014872,0.4582557418035039
14718,0.45825574180148715,0.458255741803504
14719,0.4582557418014872,0.458255741803504
14720,0.45825574180148715,0.458255741803504
14721,0.45825574180148715,0.458255741803504
14722,0.45825574180148715,0.458255741803504
14723,0.4582557418014872,0.45825574180350404
14724,0.4582557418014872,0.458255741803504
14725,0.4582557418014872,0.458255741803504
14726,0.4582557418014872,0.45825574180350404
14727,0.4582557418014872,0.45825574180350404
14728,0.45825574180148715,0.458255741803504
14729,0.45825574180148715,0.458255741803504
14730,0.45825574180148715,0.458255741803504
14731,0.4582557418014872,0.45825574180350404
14732,0.4582557418014872,0.458255741803504
14733,0.4582557418014872,0.458255741803504
14734,0.45825574180148715,0.4582557418035039
14735,0.4582557418014872,0.4582557418035039
14736,0.45825574180148715,0.4582557418035039
14737,0.45825574180148715,0.4582557418035039
14738,0.45825574180148715,0.458255741803504
14739,0.4582557418014872,0.458255741803504
14740,0.4582557418014872,0.458255741803504
14741,0.4582557418014872,0.4582557418035039
14742,0.45825574180148715,0.458255741803504
14743,0.4582557418014872,0.458255741803504
14744,0.45825574180148715,0.4582557418035039
14745,0.45825574180148715,0.4582557418035039
14746,0.45825574180148715,0.458255741803504
14747,0.45825574180148715,0.458255741803504
14748,0.4582557418014872,0.458255741803504
14749,0.4582557418014872,0.458255741803504
14750,0.45825574180148715,0.45825574180350404
14751,0.45825574180148715,0.458255741803504
14752,0.45825574180148715,0.4582557418035039
14753,0.45825574180148715,0.4582557418035039
14754,0.45825574180148715,0.4582557418035039
14755,0.45825574180148715,0.458255741803504
14756,0.45825574180148715,0.458255741803504
14757,0.4582557418014872,0.458255741803504
14758,0.4582557418014871,0.458255741803504
14759,0.45825574180148715,0.458255741803504
14760,0.4582557418014871,0.4582557418035039
14761,0.4582557418014872,0.4582557418035039
14762,0.45825574180148715,0.4582557418035039
14763,0.45825574180148715,0.458255741803504
14764,0.45825574180148715,0.458255741803504
14765,0.45825574180148715,0.458255741803504
14766,0.4582557418014871,0.45825574180350387
14767,0.4582557418014871,0.4582557418035039
14768,0.4582557418014871,0.4582557418035039
14769,0.4582557418014871,0.4582557418035039
14770,0.45825574180148715,0.4582557418035039
14771,0.45825574180148715,0.4582557418035039
14772,0.45825574180148715,0.458255741803504
14773,0.45825574180148715,0.4582557418035039
14774,0.45825574180148715,0.4582557418035039
14775,0.45825574180148715,0.458255741803504
14776,0.4582557418014872,0.4582557418035039
14777,0.4582557418014872,0.458255741803504
14778,0.45825574180148715,0.4582557418035039
14779,0.4582557418014872,0.4582557418035039
14780,0.4582557418014872,0.4582557418035039
14781,0.4582557418014872,0.45825574180350404
14782,0.4582557418014872,0.458255741803504
14783,0.4582557418014872,0.458255741803504
14784,0.4582557418014872,0.4582557418035039
14785,0.45825574180148726,0.458255741803504
14786,0.4582557418014872,0.45825574180350404
14787,0.45825574180148715,0.458255741803504
14788,0.45825574180148715,0.458255741803504
14789,0.4582557418014872,0.458255741803504
14790,0.4582557418014872,0.45825574180350404
14791,0.4582557418014872,0.458255741803504
14792,0.4582557418014872,0.458255741803504
14793,0.45825574180148715,0.4582557418035039
14794,0.45825574180148715,0.458255741803504
14795,0.45825574180148715,0.458255741803504
14796,0.45825574180148715,0.458255741803504
14797,0.45825574180148715,0.458255741803504
14798,0.45825574180148715,0.458255741803504
14799,0.45825574180148715,0.458255741803504
14800,0.4582557418014872,0.458255741803504
14801,0.4582557418014872,0.4582557418035039
14802,0.4582557418014872,0.4582557418035039
14803,0.4582557418014872,0.4582557418035039
14804,0.4582557418014871,0.458255741803504
14805,0.45825574180148715,0.458255741803504
14806,0.45825574180148715,0.458255741803504
14807,0.45825574180148715,0.458255741803504
14808,0.45825574180148715,0.458255741803504
14809,0.45825574180148715,0.458255741803504
14810,0.4582557418014872,0.4582557418035039
14811,0.4582557418014872,0.458255741803504
14812,0.4582557418014872,0.4582557418035039
14813,0.4582557418014872,0.4582557418035039
14814,0.45825574180148715,0.458255741803504
14815,0.45825574180148715,0.458255741803504
14816,0.45825574180148715,0.458255741803504
14817,0.45825574180148715,0.458255741803504
14818,0.45825574180148715,0.45825574180350404
14819,0.45825574180148715,0.45825574180350404
14820,0.4582557418014872,0.45825574180350404
14821,0.45825574180148715,0.458255741803504
14822,0.45825574180148715,0.458255741803504
14823,0.45825574180148715,0.458255741803504
14824,0.45825574180148715,0.458255741803504
14825,0.45825574180148715,0.458255741803504
14826,0.4582557418014872,0.458255741803504
14827,0.45825574180148715,0.458255741803504
14828,0.45825574180148715,0.4582557418035039
14829,0.45825574180148715,0.458255741803504
14830,0.4582557418014872,0.458255741803504
14831,0.45825574180148715,0.4582557418035039
14832,0.4582557418014872,0.4582557418035039
14833,0.4582557418014872,0.458255741803504
14834,0.4582557418014872,0.458255741803504
14835,0.4582557418014872,0.458255741803504
14836,0.45825574180148715,0.458255741803504
14837,0.45825574180148715,0.45825574180350404
14838,0.45825574180148715,0.458255741803504
14839,0.4582557418014871,0.458255741803504
14840,0.45825574180148715,0.4582557418035039
14841,0.4582557418014872,0.4582557418035039
14842,0.4582557418014872,0.458255741803504
14843,0.4582557418014871,0.4582557418035039
14844,0.4582557418014871,0.458255741803504
14845,0.4582557418014871,0.4582557418035039
14846,0.45825574180148715,0.4582557418035039
14847,0.4582557418014872,0.4582557418035039
14848,0.45825574180148715,0.458255741803504
14849,0.45825574180148715,0.4582557418035039
14850,0.45825574180148715,0.4582557418035039
14851,0.4582557418014871,0.45825574180350387
14852,0.4582557418014872,0.4582557418035039
14853,0.4582557418014872,0.4582557418035039
14854,0.45825574180148715,0.4582557418035039
14855,0.45825574180148715,0.4582557418035039
14856,0.45825574180148715,0.45825574180350404
14857,0.4582557418014872,0.458255741803504
14858,0.4582557418014872,0.458255741803504
14859,0.4582557418014872,0.458255741803504
14860,0.4582557418014872,0.458255741803504
14861,0.4582557418014872,0.4582557418035039
14862,0.45825574180148726,0.45825574180350404
14863,0.45825574180148726,0.45825574180350404
14864,0.45825574180148726,0.45825574180350404
14865,0.45825574180148715,0.4582557418035039
14866,0.45825574180148715,0.458255741803504
14867,0.45825574180148715,0.458255741803504
14868,0.4582557418014872,0.458255741803504
14869,0.4582557418014872,0.458255741803504
14870,0.4582557418014872,0.458255741803504
14871,0.45825574180148715,0.458255741803504
14872,0.4582557418014872,0.45825574180350404
14873,0.45825574180148715,0.45825574180350404
14874,0.4582557418014872,0.458255741803504
14875,0.45825574180148715,0.458255741803504
14876,0.45825574180148715,0.4582557418035039
14877,0.4582557418014871,0.458255741803504
14878,0.45825574180148715,0.458255741803504
14879,0.4582557418014872,0.458255741803504
14880,0.4582557418014872,0.45825574180350387
14881,0.4582557418014872,0.458255741803504
14882,0.45825574180148715,0.458255741803504
14883,0.45825574180148715,0.4582557418035039
14884,0.4582557418014872,0.4582557418035039
14885,0.4582557418014872,0.4582557418035039
14886,0.45825574180148715,0.4582557418035039
14887,0.45825574180148726,0.458255741803504
14888,0.45825574180148715,0.458255741803504
14889,0.4582557418014872,0.458255741803504
14890,0.4582557418014871,0.458255741803504
14891,0.4582557418014872,0.458255741803504
14892,0.4582557418014871,0.4582557418035039
14893,0.4582557418014872,0.458255741803504
14894,0.4582557418014871,0.4582557418035039
14895,0.4582557418014872,0.458255741803504
14896,0.45825574180148715,0.458255741803504
14897,0.45825574180148715,0.4582557418035039
14898,0.45825574180148715,0.45825574180350404
14899,0.45825574180148715,0.458255741803504
14900,0.45825574180148715,0.458255741803504
14901,0.45825574180148715,0.458255741803504
14902,0.4582557418014872,0.458255741803504
14903,0.45825574180148715,0.4582557418035039
14904,0.45825574180148715,0.4582557418035039
14905,0.4582557418014872,0.4582557418035039
14906,0.4582557418014872,0.458255741803504
14907,0.45825574180148715,0.4582557418035039
14908,0.45825574180148715,0.4582557418035039
14909,0.45825574180148715,0.4582557418035039
14910,0.45825574180148715,0.458255741803504
14911,0.45825574180148715,0.458255741803504
14912,0.45825574180148704,0.45825574180350387
14913,0.45825574180148715,0.4582557418035039
14914,0.4582557418014872,0.4582557418035039
14915,0.4582557418014872,0.45825574180350387
14916,0.4582557418014871,0.4582557418035039
14917,0.4582557418014871,0.4582557418035039
14918,0.4582557418014871,0.4582557418035039
14919,0.4582557418014871,0.4582557418035039
14920,0.45825574180148715,0.4582557418035039
14921,0.45825574180148715,0.458255741803504
14922,0.45825574180148715,0.458255741803504
14923,0.45825574180148715,0.4582557418035039
14924,0.45825574180148715,0.458255741803504
14925,0.45825574180148715,0.45825574180350387
14926,0.4582557418014872,0.45825574180350387
14927,0.4582557418014872,0.4582557418035039
14928,0.4582557418014872,0.4582557418035039
14929,0.4582557418014872,0.4582557418035039
14930,0.45825574180148715,0.4582557418035039
14931,0.4582557418014871,0.4582557418035039
14932,0.45825574180148715,0.4582557418035039
14933,0.45825574180148715,0.458255741803504
14934,0.45825574180148715,0.4582557418035039
14935,0.45825574180148715,0.458255741803504
14936,0.45825574180148715,0.4582557418035039
14937,0.45825574180148715,0.4582557418035039
14938,0.4582557418014872,0.4582557418035039
14939,0.45825574180148715,0.458255741803504
14940,0.4582557418014872,0.458255741803504
14941,0.45825574180148715,0.4582557418035039
14942,0.45825574180148715,0.458255741803504
14943,0.45825574180148715,0.458255741803504
14944,0.45825574180148715,0.45825574180350404
14945,0.4582557418014872,0.458255741803504
14946,0.4582557418014872,0.458255741803504
14947,0.4582557418014872,0.458255741803504
14948,0.4582557418014871,0.458255741803504
14949,0.4582557418014872,0.458255741803504
14950,0.45825574180148715,0.458255741803504
14951,0.45825574180148726,0.458255741803504
14952,0.4582557418014872,0.458255741803504
14953,0.4582557418014872,0.458255741803504
14954,0.4582557418014872,0.458255741803504
14955,0.4582557418014872,0.458255741803504
14956,0.4582557418014872,0.45825574180350404
14957,0.4582557418014872,0.45825574180350404
14958,0.45825574180148726,0.45825574180350404
14959,0.4582557418014872,0.4582557418035039
14960,0.4582557418014872,0.458255741803504
14961,0.4582557418014872,0.4582557418035039
14962,0.4582557418014872,0.458255741803504
14963,0.4582557418014872,0.45825574180350404
14964,0.4582557418014872,0.458255741803504
14965,0.4582557418014872,0.458255741803504
14966,0.45825574180148715,0.458255741803504
14967,0.45825574180148726,0.458255741803504
14968,0.45825574180148715,0.45825574180350404
14969,0.45825574180148715,0.458255741803504
14970,0.45825574180148715,0.458255741803504
14971,0.4582557418014872,0.4582557418035039
14972,0.4582557418014872,0.4582557418035039
14973,0.45825574180148715,0.4582557418035039
14974,0.45825574180148715,0.458255741803504
14975,0.45825574180148715,0.458255741803504
14976,0.4582557418014871,0.458255741803504
14977,0.4582557418014871,0.45825574180350387
14978,0.4582557418014872,0.4582557418035039
14979,0.4582557418014872,0.458255741803504
14980,0.4582557418014872,0.458255741803504
14981,0.45825574180148715,0.4582557418035039
14982,0.45825574180148715,0.4582557418035039
14983,0.45825574180148715,0.4582557418035039
14984,0.4582557418014872,0.4582557418035039
14985,0.4582557418014872,0.4582557418035039
14986,0.4582557418014872,0.458255741803504
14987,0.4582557418014872,0.458255741803504
14988,0.4582557418014872,0.458255741803504
14989,0.4582557418014872,0.458255741803504
14990,0.4582557418014872,0.458255741803504
14991,0.45825574180148726,0.458255741803504
14992,0.4582557418014872,0.4582557418035039
14993,0.4582557418014872,0.4582557418035039
14994,0.45825574180148715,0.4582557418035039
14995,0.45825574180148715,0.458255741803504
14996,0.45825574180148715,0.4582557418035039
14997,0.45825574180148715,0.4582557418035039
14998,0.4582557418014872,0.4582557418035039
14999,0.4582557418014872,0.4582557418035039
