row,split
0,val
1,train
2,train
3,train
4,train
5,train
6,test
7,train
8,train
9,val
10,train
11,train
12,val
13,val
14,val
15,test
16,train
17,train
18,test
19,train
20,train
21,train
22,test
23,train
24,train
25,train
26,train
27,train
28,test
29,train
30,train
31,train
32,train
33,test
34,test
35,test
36,test
37,test
38,val
39,train
40,train
41,val
42,test
43,val
44,test
45,train
46,train
47,val
48,val
49,test
50,train
51,val
52,test
53,train
54,val
55,train
56,test
57,train
58,train
59,test
60,train
61,train
62,test
63,test
64,val
65,test
66,val
67,train
68,train
69,val
70,val
71,train
72,test
73,val
74,train
75,train
76,train
77,train
78,test
79,test
80,train
81,train
82,train
83,train
84,val
85,val
86,train
87,train
88,val
89,train
90,train
91,train
92,test
93,test
94,train
95,train
96,train
97,train
98,test
99,train
100,train
101,train
102,val
103,test
104,test
105,train
106,train
107,test
108,train
109,val
110,train
111,train
112,train
113,train
114,train
115,test
116,train
117,val
118,val
119,train
120,train
121,train
122,val
123,train
124,train
125,test
126,val
127,test
128,train
129,test
130,train
131,val
132,train
133,val
134,train
135,train
136,train
137,train
138,train
139,test
140,train
141,train
142,test
143,val
144,val
145,train
146,test
147,train
148,train
149,train
150,train
151,train
152,train
153,train
154,train
155,train
156,train
157,val
158,train
159,val
160,train
161,val
162,val
163,train
164,train
165,test
166,train
167,val
168,val
169,test
170,train
171,val
172,test
173,train
174,train
175,train
176,train
177,val
178,val
179,val
180,train
181,train
182,train
183,train
184,test
185,train
186,train
187,test
188,train
189,train
190,train
191,train
192,train
193,train
194,test
195,test
196,val
197,train
198,train
199,val
200,val
201,test
202,val
203,train
204,val
205,train
206,val
207,train
208,train
209,val
210,test
211,train
212,train
213,train
214,test
215,train
216,train
217,train
218,train
219,test
220,train
221,train
222,train
223,train
224,train
225,train
226,val
227,train
228,val
229,train
230,val
231,train
232,train
233,val
234,test
235,train
236,train
237,train
238,test
239,val
240,val
241,train
242,test
243,train
244,train
245,test
246,test
247,train
248,train
249,train
250,train
251,train
252,train
253,train
254,test
255,train
256,train
257,train
258,train
259,val
260,train
261,val
262,train
263,train
264,test
265,train
266,val
267,train
268,train
269,train
270,val
271,train
272,val
273,train
274,train
275,train
276,val
277,test
278,train
279,test
280,val
281,train
282,train
283,train
284,train
285,train
286,test
287,val
288,test
289,train
290,test
291,test
292,test
293,val
294,train
295,train
296,val
297,test
298,train
299,train
300,train
301,val
302,train
303,train
304,train
305,train
306,val
307,val
308,train
309,test
310,train
311,train
312,train
313,train
314,train
315,train
316,train
317,train
318,test
319,train
320,val
321,train
322,val
323,train
324,train
325,val
326,train
327,test
328,train
329,test
330,train
331,train
332,test
333,train
334,train
335,test
336,train
337,test
338,val
339,train
340,val
341,val
342,test
343,train
344,train
345,train
346,test
347,train
348,test
349,train
350,val
351,test
352,test
353,train
354,test
355,train
356,train
357,val
358,test
359,train
360,train
361,train
362,train
363,train
364,train
365,train
366,val
367,train
368,val
369,train
370,test
371,train
372,train
373,train
374,train
375,train
376,test
377,val
378,train
379,train
380,test
381,val
382,val
383,val
384,val
385,train
386,train
387,train
388,train
389,train
390,train
391,test
392,val
393,train
394,train
395,test
396,val
397,val
398,val
399,test
400,test
401,train
402,train
403,train
404,train
405,val
406,test
407,train
408,test
409,train
410,train
411,train
412,test
413,test
414,test
415,test
416,train
417,train
418,train
419,train
420,val
421,train
422,train
423,train
424,val
425,val
426,val
427,train
428,test
429,train
430,test
431,train
432,val
433,test
434,test
435,train
436,train
437,val
438,val
439,test
440,train
441,val
442,train
443,train
444,train
445,train
446,train
447,val
448,val
449,val
450,val
451,val
452,test
453,train
454,val
455,train
456,val
457,train
458,train
459,train
460,train
461,train
462,val
463,train
464,val
465,test
466,train
467,test
468,val
469,test
470,val
471,train
472,val
473,train
474,val
475,val
476,train
477,test
478,test
479,train
480,train
481,train
482,test
483,train
484,val
485,test
486,train
487,train
488,train
489,train
490,test
491,train
492,val
493,train
494,train
495,val
496,train
497,train
498,val
499,test
500,train
501,train
502,val
503,val
504,train
505,test
506,train
507,test
508,train
509,train
510,train
511,test
512,test
513,val
514,test
515,val
516,train
517,train
518,train
519,train
520,train
521,train
522,val
523,test
524,val
525,train
526,train
527,train
528,train
529,train
530,train
531,test
532,val
533,train
534,train
535,train
536,train
537,train
538,test
539,train
540,test
541,train
542,train
543,train
544,train
545,train
546,test
547,train
548,test
549,test
550,test
551,train
552,test
553,train
554,test
555,train
556,train
557,train
558,val
559,val
560,train
561,val
562,val
563,train
564,val
565,train
566,val
567,val
568,train
569,train
570,train
571,test
572,train
573,train
574,val
575,val
576,train
577,val
578,val
579,val
580,train
581,train
582,test
583,val
584,train
585,val
586,train
587,test
588,train
589,test
590,train
591,test
592,train
593,train
594,test
595,train
596,train
597,test
598,train
599,train
600,test
601,test
602,train
603,val
604,test
605,test
606,train
607,train
608,train
609,train
610,train
611,train
612,train
613,val
614,test
615,train
616,test
617,test
618,train
619,test
620,test
621,train
622,train
623,train
624,train
625,val
626,train
627,train
628,train
629,train
630,train
631,train
632,test
633,train
634,train
635,test
636,val
637,val
638,test
639,train
640,train
641,val
642,train
643,train
644,val
645,train
646,train
647,val
648,test
649,train
650,val
651,train
652,test
653,test
654,train
655,train
656,train
657,val
658,train
659,train
660,val
661,train
662,train
663,train
664,test
665,test
666,train
667,val
668,train
669,train
670,train
671,val
672,train
673,val
674,train
675,test
676,train
677,train
678,train
679,train
680,val
681,test
682,test
683,train
684,test
685,train
686,train
687,val
688,train
689,train
690,train
691,train
692,test
693,test
694,train
695,test
696,train
697,train
698,test
699,train
700,test
701,test
702,test
703,train
704,train
705,train
706,train
707,val
708,val
709,train
710,test
711,train
712,train
713,train
714,train
715,val
716,val
717,train
718,train
719,train
720,train
721,train
722,train
723,val
724,train
725,val
726,train
727,train
728,train
729,test
730,train
731,train
732,train
733,test
734,val
735,val
736,val
737,val
738,train
739,test
740,test
741,train
742,train
743,val
744,train
745,val
746,val
747,train
748,train
749,test
750,train
751,val
752,train
753,train
754,train
755,val
756,train
757,train
758,train
759,train
760,val
761,val
762,train
763,train
764,train
765,test
766,val
767,test
768,train
769,train
770,val
771,train
772,train
773,train
774,train
775,val
776,train
777,test
778,train
779,train
780,val
781,test
782,train
783,val
784,train
785,train
786,train
787,train
788,train
789,val
790,train
791,val
792,train
793,val
794,train
795,train
796,test
797,train
798,train
799,train
800,test
801,train
802,train
803,train
804,train
805,train
806,test
807,train
808,test
809,test
810,train
811,val
812,test
813,train
814,train
815,train
816,test
817,train
818,train
819,train
820,test
821,val
822,train
823,val
824,val
825,test
826,train
827,val
828,test
829,train
830,train
831,test
832,train
833,val
834,val
835,test
836,train
837,train
838,test
839,train
840,val
841,train
842,test
843,train
844,train
845,val
846,train
847,train
848,train
849,val
850,train
851,test
852,train
853,test
854,train
855,train
856,train
857,train
858,train
859,val
860,val
861,test
862,test
863,val
864,train
865,train
866,train
867,train
868,val
869,train
870,train
871,train
872,train
873,test
874,train
875,val
876,train
877,train
878,test
879,test
880,test
881,train
882,val
883,test
884,train
885,test
886,train
887,train
888,train
889,val
890,train
891,val
892,train
893,train
894,train
895,test
896,test
897,val
898,train
899,train
900,test
901,train
902,train
903,train
904,train
905,train
906,train
907,train
908,test
909,train
910,val
911,val
912,train
913,test
914,train
915,val
916,train
917,train
918,train
919,val
920,val
921,train
922,train
923,train
924,val
925,val
926,train
927,train
928,val
929,train
930,train
931,train
932,train
933,train
934,test
935,train
936,train
937,test
938,train
939,train
940,val
941,train
942,val
943,test
944,train
945,val
946,train
947,train
948,train
949,train
950,train
951,train
952,val
953,train
954,train
955,train
956,val
957,val
958,test
959,train
960,test
961,train
962,val
963,test
964,val
965,train
966,test
967,val
968,train
969,val
970,train
971,train
972,train
973,train
974,test
975,train
976,train
977,train
978,val
979,train
980,train
981,test
982,train
983,train
984,val
985,train
986,train
987,test
988,train
989,train
990,train
991,train
992,train
993,test
994,val
995,train
996,train
997,val
998,val
999,train
1000,train
1001,test
1002,train
1003,train
1004,train
1005,train
1006,test
1007,train
1008,train
1009,train
1010,train
1011,train
1012,train
1013,test
1014,test
1015,train
1016,train
1017,train
1018,train
1019,test
1020,train
1021,test
1022,test
1023,train
1024,train
1025,train
1026,train
1027,train
1028,train
1029,test
1030,train
1031,train
1032,train
1033,train
1034,train
1035,train
1036,train
1037,train
1038,train
1039,train
1040,val
1041,train
1042,val
1043,train
1044,test
1045,train
1046,train
1047,train
1048,train
1049,train
1050,test
1051,train
1052,train
1053,train
1054,train
1055,val
1056,train
1057,val
1058,train
1059,val
1060,test
1061,train
1062,test
1063,train
1064,train
1065,val
1066,train
1067,train
1068,val
1069,test
1070,train
1071,test
1072,test
1073,train
1074,val
1075,train
1076,test
1077,val
1078,train
1079,train
1080,val
1081,val
1082,train
1083,train
1084,val
1085,train
1086,train
1087,train
1088,train
1089,val
1090,train
1091,train
1092,train
1093,train
1094,train
1095,train
1096,val
1097,test
1098,val
1099,val
1100,train
1101,train
1102,train
1103,train
1104,test
1105,train
1106,train
1107,train
1108,train
1109,val
1110,test
1111,val
1112,val
1113,train
1114,test
1115,test
1116,train
1117,train
1118,val
1119,test
1120,train
1121,train
1122,train
1123,test
1124,val
1125,train
1126,train
1127,train
1128,val
1129,test
1130,val
1131,train
1132,test
1133,train
1134,train
1135,train
1136,train
1137,train
1138,val
1139,train
1140,train
1141,train
1142,train
1143,val
1144,train
1145,val
1146,train
1147,train
1148,test
1149,test
1150,val
1151,val
1152,train
1153,train
1154,train
1155,train
1156,val
1157,train
1158,val
1159,train
1160,train
1161,test
1162,train
1163,train
1164,test
1165,test
1166,test
1167,train
1168,train
1169,train
1170,val
1171,val
1172,test
1173,val
1174,val
1175,train
1176,train
1177,test
1178,train
1179,train
1180,test
1181,test
1182,train
1183,train
1184,train
1185,train
1186,val
1187,train
1188,train
1189,train
1190,train
1191,train
1192,train
1193,train
1194,train
1195,train
1196,train
1197,val
1198,val
1199,val
1200,train
1201,test
1202,val
1203,train
1204,train
1205,train
1206,test
1207,train
1208,train
1209,train
1210,train
1211,val
1212,train
1213,train
1214,train
1215,train
1216,train
1217,test
1218,train
1219,train
1220,train
1221,train
1222,test
1223,train
1224,train
1225,train
1226,val
1227,train
1228,train
1229,train
1230,train
1231,val
1232,test
1233,val
1234,train
1235,train
1236,train
1237,val
1238,test
1239,train
1240,train
1241,val
1242,test
1243,train
1244,val
1245,train
1246,test
1247,train
1248,test
1249,train
1250,val
1251,train
1252,train
1253,train
1254,train
1255,train
1256,train
1257,train
1258,val
1259,train
1260,train
1261,test
1262,train
1263,val
1264,train
1265,val
1266,val
1267,val
1268,train
1269,val
1270,test
1271,test
1272,val
1273,val
1274,test
1275,val
1276,train
1277,train
1278,val
1279,train
1280,train
1281,train
1282,val
1283,train
1284,train
1285,train
1286,train
1287,train
1288,train
1289,train
1290,train
1291,train
1292,test
1293,train
1294,train
1295,val
1296,train
1297,val
1298,test
1299,val
1300,train
1301,train
1302,val
1303,train
1304,val
1305,train
1306,train
1307,train
1308,train
1309,train
1310,train
1311,train
1312,train
1313,train
1314,test
1315,train
1316,test
1317,test
1318,test
1319,val
1320,val
1321,train
1322,val
1323,train
1324,test
1325,train
1326,test
1327,train
1328,train
1329,train
1330,train
1331,train
1332,val
1333,val
1334,val
1335,val
1336,train
1337,train
1338,train
1339,train
1340,train
1341,train
1342,train
1343,val
1344,train
1345,train
1346,train
1347,train
1348,train
1349,test
1350,train
1351,test
1352,train
1353,test
1354,train
1355,val
1356,train
1357,train
1358,train
1359,train
1360,test
1361,test
1362,train
1363,val
1364,train
1365,test
1366,test
1367,test
1368,train
1369,test
1370,test
1371,test
1372,test
1373,train
1374,train
1375,train
1376,train
1377,train
1378,train
1379,val
1380,val
1381,test
1382,train
1383,train
1384,train
1385,val
1386,train
1387,train
1388,train
1389,train
1390,train
1391,train
1392,val
1393,train
1394,val
1395,val
1396,train
1397,test
1398,test
1399,val
1400,test
1401,val
1402,val
1403,train
1404,train
1405,train
1406,train
1407,train
1408,val
1409,test
1410,train
1411,train
1412,train
1413,train
1414,train
1415,train
1416,test
1417,train
1418,train
1419,test
1420,test
1421,test
1422,train
1423,val
1424,val
1425,test
1426,train
1427,train
1428,train
1429,val
1430,train
1431,val
1432,train
1433,test
1434,train
1435,train
1436,train
1437,train
1438,train
1439,test
1440,train
1441,val
1442,test
1443,train
1444,train
1445,val
1446,val
1447,train
1448,train
1449,val
1450,train
1451,train
1452,test
1453,train
1454,test
1455,train
1456,test
1457,train
1458,train
1459,train
1460,train
1461,train
1462,val
1463,train
1464,train
1465,train
1466,train
1467,test
1468,train
1469,val
1470,val
1471,train
1472,train
1473,train
1474,train
1475,val
1476,train
1477,train
1478,train
1479,train
1480,train
1481,test
1482,train
1483,train
1484,train
1485,train
1486,train
1487,train
1488,test
1489,train
1490,val
1491,test
1492,test
1493,train
1494,train
1495,val
1496,train
1497,test
1498,train
1499,train
1500,val
1501,val
1502,train
1503,test
1504,train
1505,train
1506,train
1507,val
1508,val
1509,val
1510,val
1511,val
1512,train
1513,train
1514,test
1515,val
1516,test
1517,train
1518,val
1519,val
1520,test
1521,train
1522,train
1523,val
1524,train
1525,train
1526,test
1527,val
1528,train
1529,train
1530,train
1531,train
1532,train
1533,train
1534,train
1535,val
1536,train
1537,train
1538,train
1539,test
1540,train
1541,train
1542,train
1543,val
1544,train
1545,test
1546,test
1547,test
1548,train
1549,train
1550,train
1551,train
1552,train
1553,val
1554,train
1555,train
1556,train
1557,val
1558,train
1559,val
1560,train
1561,train
1562,train
1563,val
1564,val
1565,train
1566,test
1567,train
1568,train
1569,val
1570,train
1571,train
1572,train
1573,val
1574,train
1575,train
1576,train
1577,val
1578,val
1579,train
1580,train
1581,train
1582,train
1583,train
1584,val
1585,train
1586,train
1587,train
1588,train
1589,train
1590,train
1591,test
1592,val
1593,train
1594,train
1595,train
1596,test
1597,train
1598,train
1599,test
1600,train
1601,val
1602,test
1603,test
1604,test
1605,val
1606,train
1607,train
1608,val
1609,val
1610,val
1611,val
1612,train
1613,test
1614,val
1615,train
1616,train
1617,val
1618,train
1619,test
1620,val
1621,train
1622,val
1623,train
1624,test
1625,test
1626,train
1627,train
1628,train
1629,train
1630,train
1631,test
1632,val
1633,train
1634,test
1635,test
1636,train
1637,train
1638,train
1639,val
1640,train
1641,train
1642,val
1643,test
1644,val
1645,train
1646,train
1647,test
1648,train
1649,train
1650,train
1651,val
1652,val
1653,test
1654,test
1655,test
1656,train
1657,train
1658,test
1659,train
1660,test
1661,train
1662,test
1663,train
1664,train
1665,train
1666,test
1667,train
1668,test
1669,train
1670,train
1671,test
1672,train
1673,val
1674,train
1675,train
1676,train
1677,train
1678,train
1679,train
1680,train
1681,train
1682,train
1683,train
1684,val
1685,test
1686,val
1687,val
1688,train
1689,val
1690,train
1691,val
1692,val
1693,val
1694,train
1695,train
1696,train
1697,train
1698,train
1699,test
1700,train
1701,test
1702,train
1703,train
1704,train
1705,val
1706,train
1707,train
1708,train
1709,train
1710,train
1711,val
1712,val
1713,test
1714,train
1715,train
1716,train
1717,val
1718,test
1719,train
1720,train
1721,train
1722,val
1723,val
1724,train
1725,test
1726,val
1727,test
1728,train
1729,test
1730,train
1731,train
1732,train
1733,train
1734,train
1735,train
1736,train
1737,train
1738,train
1739,test
1740,train
1741,val
1742,test
1743,train
1744,train
1745,val
1746,train
1747,val
1748,train
1749,val
1750,val
1751,val
1752,test
1753,test
1754,train
1755,train
1756,train
1757,train
1758,test
1759,train
1760,train
1761,test
1762,test
1763,train
1764,val
1765,train
1766,test
1767,train
1768,test
1769,test
1770,val
1771,train
1772,train
1773,val
1774,train
1775,train
1776,train
1777,test
1778,train
1779,test
1780,train
1781,val
1782,train
1783,test
1784,val
1785,test
1786,train
1787,train
1788,train
1789,test
1790,test
1791,train
1792,train
1793,train
1794,train
1795,test
1796,test
1797,train
1798,train
1799,train
1800,test
1801,train
1802,val
1803,test
1804,train
1805,test
1806,val
1807,test
1808,val
1809,train
1810,train
1811,test
1812,train
1813,train
1814,val
1815,train
1816,test
1817,train
1818,test
1819,train
1820,test
1821,train
1822,train
1823,train
1824,train
1825,test
1826,train
1827,train
1828,train
1829,val
1830,train
1831,train
1832,train
1833,train
1834,train
1835,val
1836,train
1837,test
1838,train
1839,train
1840,train
1841,train
1842,test
1843,test
1844,train
1845,train
1846,train
1847,test
1848,train
1849,val
1850,train
1851,test
1852,train
1853,train
1854,val
1855,train
1856,val
1857,train
1858,val
1859,train
1860,train
1861,train
1862,val
1863,test
1864,val
1865,train
1866,val
1867,test
1868,train
1869,train
1870,train
1871,val
1872,train
1873,train
1874,train
1875,train
1876,test
1877,train
1878,val
1879,val
1880,test
1881,train
1882,test
1883,train
1884,test
1885,train
1886,test
1887,val
1888,train
1889,train
1890,train
1891,train
1892,train
1893,test
1894,test
1895,train
1896,val
1897,val
1898,train
1899,train
1900,train
1901,train
1902,val
1903,train
1904,train
1905,train
1906,train
1907,val
1908,val
1909,train
1910,train
1911,train
1912,test
1913,test
1914,train
1915,train
1916,train
1917,val
1918,train
1919,train
1920,train
1921,train
1922,test
1923,train
1924,val
1925,val
1926,val
1927,train
1928,train
1929,train
1930,train
1931,train
1932,train
1933,train
1934,train
1935,train
1936,train
1937,val
1938,val
1939,train
1940,train
1941,test
1942,train
1943,train
1944,train
1945,train
1946,test
1947,test
1948,train
1949,train
1950,test
1951,test
1952,train
1953,train
1954,test
1955,train
1956,test
1957,train
1958,test
1959,test
1960,val
1961,train
1962,val
1963,train
1964,train
1965,test
1966,test
1967,train
1968,train
1969,train
1970,train
1971,train
1972,test
1973,train
1974,train
1975,train
1976,val
1977,test
1978,train
1979,train
1980,train
1981,val
1982,val
1983,train
1984,val
1985,train
1986,train
1987,val
1988,train
1989,test
1990,test
1991,test
1992,test
1993,train
1994,train
1995,test
1996,train
1997,train
1998,train
1999,train
2000,train
2001,train
2002,val
2003,val
2004,train
2005,train
2006,train
2007,train
2008,train
2009,train
2010,train
2011,test
2012,train
2013,train
2014,test
2015,train
2016,test
2017,test
2018,train
2019,val
2020,train
2021,train
2022,val
2023,val
2024,val
2025,val
2026,test
2027,val
2028,val
2029,train
2030,test
2031,train
2032,train
2033,test
2034,train
2035,train
2036,train
2037,val
2038,train
2039,train
2040,test
2041,train
2042,test
2043,train
2044,train
2045,test
2046,train
2047,test
2048,train
2049,train
2050,test
2051,train
2052,val
2053,val
2054,train
2055,train
2056,train
2057,val
2058,train
2059,train
2060,train
2061,train
2062,train
2063,train
2064,train
2065,test
2066,test
2067,train
2068,train
2069,test
2070,test
2071,train
2072,train
2073,test
2074,train
2075,val
2076,val
2077,train
2078,train
2079,test
2080,train
2081,train
2082,train
2083,train
2084,train
2085,val
2086,train
2087,val
2088,test
2089,train
2090,train
2091,train
2092,train
2093,train
2094,train
2095,train
2096,train
2097,train
2098,train
2099,train
2100,val
2101,val
2102,val
2103,val
2104,train
2105,train
2106,train
2107,train
2108,train
2109,train
2110,train
2111,train
2112,train
2113,test
2114,val
2115,val
2116,val
2117,train
2118,test
2119,train
2120,val
2121,train
2122,train
2123,test
2124,train
2125,train
2126,train
2127,test
2128,train
2129,test
2130,val
2131,train
2132,train
2133,train
2134,train
2135,train
2136,train
2137,train
2138,test
2139,train
2140,train
2141,val
2142,train
2143,train
2144,train
2145,train
2146,test
2147,test
2148,test
2149,train
2150,val
2151,train
2152,val
2153,train
2154,test
2155,train
2156,train
2157,train
2158,train
2159,train
2160,val
2161,train
2162,train
2163,train
2164,val
2165,train
2166,val
2167,train
2168,test
2169,train
2170,test
2171,train
2172,val
2173,test
2174,test
2175,train
2176,test
2177,train
2178,train
2179,val
2180,train
2181,train
2182,train
2183,train
2184,train
2185,test
2186,train
2187,test
2188,train
2189,test
2190,val
2191,val
2192,test
2193,val
2194,test
2195,val
2196,test
2197,train
2198,train
2199,train
2200,val
2201,train
2202,train
2203,train
2204,train
2205,val
2206,train
2207,train
2208,val
2209,test
2210,val
2211,val
2212,train
2213,test
2214,train
2215,test
2216,train
2217,test
2218,test
2219,val
2220,train
2221,train
2222,train
2223,train
2224,val
2225,test
2226,train
2227,train
2228,test
2229,val
2230,train
2231,test
2232,train
2233,train
2234,train
2235,train
2236,test
2237,test
2238,test
2239,train
2240,train
2241,train
2242,train
2243,train
2244,train
2245,train
2246,val
2247,val
2248,train
2249,train
2250,val
2251,train
2252,train
2253,train
2254,train
2255,train
2256,val
2257,train
2258,train
2259,train
2260,train
2261,val
2262,test
2263,train
2264,val
2265,train
2266,train
2267,train
2268,train
2269,train
2270,val
2271,train
2272,train
2273,val
2274,train
2275,train
2276,train
2277,train
2278,train
2279,train
2280,train
2281,train
2282,test
2283,test
2284,train
2285,test
2286,test
2287,train
2288,train
2289,train
2290,train
2291,train
2292,train
2293,train
2294,train
2295,val
2296,val
2297,train
2298,val
2299,train
2300,train
2301,train
2302,train
2303,train
2304,train
2305,val
2306,val
2307,train
2308,val
2309,train
2310,test
2311,test
2312,val
2313,train
2314,train
2315,test
2316,train
2317,train
2318,train
2319,train
2320,train
2321,train
2322,train
2323,train
2324,test
2325,test
2326,val
2327,train
2328,train
2329,val
2330,val
2331,val
2332,val
2333,val
2334,test
2335,train
2336,val
2337,train
2338,val
2339,train
2340,train
2341,test
2342,train
2343,train
2344,train
2345,val
2346,val
2347,val
2348,val
2349,val
2350,train
2351,train
2352,train
2353,train
2354,train
2355,train
2356,val
2357,train
2358,test
2359,train
2360,train
2361,val
2362,train
2363,val
2364,train
2365,train
2366,val
2367,train
2368,train
2369,val
2370,test
2371,train
2372,test
2373,test
2374,train
2375,train
2376,train
2377,train
2378,train
2379,train
2380,train
2381,train
2382,train
2383,train
2384,train
2385,val
2386,train
2387,train
2388,train
2389,val
2390,test
2391,test
2392,val
2393,train
2394,train
2395,train
2396,val
2397,train
2398,train
2399,test
2400,train
2401,train
2402,train
2403,val
2404,val
2405,train
2406,val
2407,test
2408,test
2409,test
2410,test
2411,train
2412,train
2413,train
2414,train
2415,val
2416,val
2417,test
2418,train
2419,test
2420,train
2421,train
2422,train
2423,val
2424,train
2425,train
2426,train
2427,train
2428,train
2429,train
2430,train
2431,train
2432,train
2433,train
2434,train
2435,train
2436,train
2437,train
2438,train
2439,train
2440,val
2441,train
2442,train
2443,val
2444,test
2445,val
2446,train
2447,train
2448,train
2449,test
2450,val
2451,val
2452,val
2453,train
2454,train
2455,val
2456,train
2457,train
2458,train
2459,val
2460,train
2461,train
2462,val
2463,train
2464,train
2465,val
2466,train
2467,test
2468,train
2469,val
2470,train
2471,test
2472,train
2473,train
2474,val
2475,test
2476,train
2477,train
2478,train
2479,val
2480,train
2481,train
2482,train
2483,train
2484,train
2485,val
2486,train
2487,train
2488,train
2489,val
2490,test
2491,train
2492,train
2493,train
2494,test
2495,test
2496,val
2497,train
2498,test
2499,train
2500,train
2501,val
2502,train
2503,train
2504,train
2505,train
2506,val
2507,val
2508,train
2509,train
2510,val
2511,train
2512,train
2513,train
2514,train
2515,train
2516,train
2517,train
2518,test
2519,train
2520,val
2521,train
2522,train
2523,test
2524,val
2525,val
2526,train
2527,val
2528,train
2529,train
2530,train
2531,train
2532,train
2533,test
2534,train
2535,val
2536,val
2537,val
2538,test
2539,train
2540,train
2541,train
2542,train
2543,test
2544,test
2545,train
2546,train
2547,train
2548,val
2549,train
2550,test
2551,train
2552,test
2553,test
2554,test
2555,train
2556,train
2557,train
2558,train
2559,train
2560,train
2561,val
2562,val
2563,val
2564,train
2565,test
2566,val
2567,test
2568,test
2569,train
2570,test
2571,val
2572,train
2573,test
2574,test
2575,test
2576,test
2577,test
2578,train
2579,train
2580,test
2581,train
2582,val
2583,train
2584,val
2585,val
2586,test
2587,val
2588,train
2589,train
2590,train
2591,test
2592,train
2593,train
2594,test
2595,test
2596,train
2597,train
2598,train
2599,train
2600,train
2601,train
2602,train
2603,train
2604,train
2605,train
2606,test
2607,test
2608,train
2609,train
2610,test
2611,test
2612,test
2613,train
2614,train
2615,test
2616,val
2617,train
2618,train
2619,train
2620,val
2621,train
2622,val
2623,train
2624,train
2625,test
2626,train
2627,train
2628,train
2629,train
2630,train
2631,test
2632,train
2633,train
2634,val
2635,train
2636,train
2637,train
2638,val
2639,train
2640,train
2641,train
2642,test
2643,train
2644,train
2645,test
2646,train
2647,test
2648,val
2649,train
2650,train
2651,train
2652,val
2653,train
2654,train
2655,val
2656,train
2657,train
2658,train
2659,val
2660,val
2661,train
2662,test
2663,train
2664,train
2665,train
2666,test
2667,test
2668,train
2669,val
2670,val
2671,val
2672,test
2673,val
2674,test
2675,train
2676,test
2677,train
2678,train
2679,train
2680,test
2681,test
2682,test
2683,train
2684,train
2685,val
2686,train
2687,train
2688,train
2689,test
2690,val
2691,train
2692,test
2693,test
2694,train
2695,train
2696,test
2697,val
2698,train
2699,train
2700,train
2701,train
2702,train
2703,val
2704,test
2705,test
2706,val
2707,train
2708,train
2709,train
2710,train
2711,train
2712,test
2713,train
2714,val
2715,train
2716,train
2717,train
2718,val
2719,train
2720,train
2721,train
2722,test
2723,train
2724,val
2725,val
2726,val
2727,val
2728,train
2729,train
2730,val
2731,test
2732,val
2733,train
2734,train
2735,val
2736,train
2737,val
2738,test
2739,train
2740,train
2741,val
2742,train
2743,train
2744,test
2745,train
2746,val
2747,test
2748,test
2749,train
2750,train
2751,train
2752,train
2753,val
2754,val
2755,train
2756,train
2757,test
2758,test
2759,train
2760,val
2761,train
2762,val
2763,train
2764,train
2765,test
2766,train
2767,val
2768,train
2769,train
2770,train
2771,train
2772,train
2773,train
2774,train
2775,test
2776,test
2777,val
2778,train
2779,train
2780,train
2781,train
2782,test
2783,train
2784,train
2785,train
2786,val
2787,train
2788,train
2789,test
2790,test
2791,val
2792,test
2793,train
2794,train
2795,train
2796,train
2797,train
2798,val
2799,test
2800,val
2801,train
2802,val
2803,train
2804,train
2805,train
2806,train
2807,test
2808,val
2809,test
2810,train
2811,train
2812,train
2813,val
2814,test
2815,train
2816,train
2817,train
2818,train
2819,val
2820,val
2821,val
2822,val
2823,val
2824,test
2825,val
2826,val
2827,val
2828,val
2829,train
2830,test
2831,train
2832,test
2833,val
2834,test
2835,test
2836,train
2837,train
2838,train
2839,train
2840,train
2841,test
2842,train
2843,test
2844,val
2845,val
2846,train
2847,train
2848,val
2849,train
2850,test
2851,test
2852,train
2853,train
2854,train
2855,train
2856,test
2857,train
2858,test
2859,test
2860,test
2861,test
2862,test
2863,train
2864,train
2865,train
2866,test
2867,train
2868,train
2869,test
2870,train
2871,val
2872,train
2873,train
2874,train
2875,val
2876,test
2877,train
2878,val
2879,train
2880,train
2881,test
2882,train
2883,train
2884,train
2885,train
2886,test
2887,train
2888,train
2889,train
2890,test
2891,train
2892,train
2893,test
2894,val
2895,train
2896,test
2897,test
2898,train
2899,train
2900,val
2901,test
2902,train
2903,train
2904,test
2905,test
2906,train
2907,val
2908,train
2909,val
2910,train
2911,train
2912,train
2913,test
2914,test
2915,train
2916,train
2917,train
2918,train
2919,train
2920,train
2921,train
2922,train
2923,train
2924,train
2925,test
2926,train
2927,train
2928,val
2929,train
2930,train
2931,val
2932,val
2933,val
2934,train
2935,val
2936,train
2937,train
2938,val
2939,train
2940,val
2941,train
2942,val
2943,test
2944,train
2945,train
2946,train
2947,val
2948,val
2949,val
2950,train
2951,val
2952,train
2953,train
2954,train
2955,train
2956,val
2957,test
2958,train
2959,train
2960,train
2961,train
2962,train
2963,val
2964,train
2965,train
2966,train
2967,train
2968,train
2969,train
2970,train
2971,train
2972,val
2973,val
2974,train
2975,test
2976,train
2977,train
2978,train
2979,test
2980,train
2981,train
2982,test
2983,test
2984,train
2985,train
2986,test
2987,train
2988,train
2989,train
2990,train
2991,train
2992,train
2993,val
2994,val
2995,train
2996,train
2997,train
2998,test
2999,train
3000,test
3001,train
3002,val
3003,train
3004,test
3005,test
3006,train
3007,train
3008,train
3009,train
3010,train
3011,train
3012,train
3013,train
3014,val
3015,val
3016,test
3017,train
3018,val
3019,val
3020,train
3021,train
3022,train
3023,test
3024,test
3025,test
3026,train
3027,train
3028,val
3029,train
3030,train
3031,train
3032,val
3033,train
3034,train
3035,train
3036,train
3037,val
3038,train
3039,train
3040,test
3041,train
3042,train
3043,train
3044,train
3045,val
3046,train
3047,test
3048,train
3049,train
3050,train
3051,train
3052,test
3053,val
3054,test
3055,train
3056,val
3057,train
3058,test
3059,train
3060,test
3061,val
3062,train
3063,train
3064,val
3065,test
3066,train
3067,train
3068,test
3069,train
3070,train
3071,train
3072,test
3073,train
3074,test
3075,train
3076,train
3077,train
3078,val
3079,train
3080,train
3081,train
3082,train
3083,train
3084,test
3085,train
3086,val
3087,val
3088,train
3089,train
3090,train
3091,val
3092,val
3093,train
3094,val
3095,train
3096,train
3097,train
3098,train
3099,train
3100,train
3101,train
3102,train
3103,train
3104,val
3105,train
3106,train
3107,train
3108,test
3109,train
3110,val
3111,train
3112,train
3113,train
3114,test
3115,test
3116,test
3117,train
3118,train
3119,val
3120,val
3121,val
3122,train
3123,val
3124,train
3125,train
3126,test
3127,train
3128,train
3129,test
3130,train
3131,train
3132,train
3133,train
3134,train
3135,val
3136,test
3137,val
3138,val
3139,train
3140,train
3141,val
3142,train
3143,train
3144,val
3145,train
3146,train
3147,val
3148,test
3149,val
3150,train
3151,test
3152,train
3153,train
3154,train
3155,train
3156,test
3157,train
3158,test
3159,train
3160,train
3161,train
3162,val
3163,train
3164,train
3165,val
3166,val
3167,test
3168,train
3169,val
3170,train
3171,train
3172,train
3173,train
3174,train
3175,val
3176,test
3177,test
3178,train
3179,train
3180,train
3181,val
3182,train
3183,train
3184,train
3185,val
3186,val
3187,val
3188,train
3189,test
3190,test
3191,train
3192,test
3193,train
3194,val
3195,train
3196,train
3197,test
3198,train
3199,test
3200,train
3201,val
3202,train
3203,train
3204,test
3205,val
3206,val
3207,val
3208,train
3209,train
3210,test
3211,train
3212,train
3213,train
3214,train
3215,train
3216,train
3217,train
3218,train
3219,train
3220,train
3221,train
3222,test
3223,test
3224,val
3225,train
3226,train
3227,train
3228,test
3229,val
3230,train
3231,train
3232,test
3233,train
3234,val
3235,train
3236,val
3237,train
3238,train
3239,val
3240,test
3241,val
3242,test
3243,train
3244,val
3245,test
3246,train
3247,val
3248,train
3249,train
3250,test
3251,train
3252,train
3253,train
3254,train
3255,train
3256,train
3257,train
3258,val
3259,test
3260,train
3261,train
3262,test
3263,train
3264,train
3265,test
3266,train
3267,test
3268,val
3269,train
3270,train
3271,train
3272,train
3273,train
3274,test
3275,train
3276,train
3277,train
3278,val
3279,train
3280,train
3281,val
3282,train
3283,val
3284,val
3285,test
3286,test
3287,val
3288,train
3289,val
3290,train
3291,train
3292,test
3293,val
3294,train
3295,test
3296,train
3297,val
3298,train
3299,test
3300,val
3301,train
3302,val
3303,train
3304,test
3305,val
3306,train
3307,train
3308,train
3309,train
3310,test
3311,test
3312,train
3313,train
3314,train
3315,train
3316,train
3317,train
3318,val
3319,train
3320,val
3321,train
3322,train
3323,train
3324,test
3325,val
3326,train
3327,train
3328,train
3329,val
3330,val
3331,val
3332,train
3333,val
3334,train
3335,train
3336,train
3337,val
3338,val
3339,train
3340,val
3341,val
3342,train
3343,val
3344,val
3345,train
3346,test
3347,train
3348,train
3349,train
3350,val
3351,train
3352,val
3353,val
3354,train
3355,test
3356,train
3357,train
3358,val
3359,train
3360,train
3361,train
3362,val
3363,train
3364,train
3365,test
3366,train
3367,test
3368,train
3369,train
3370,train
3371,train
3372,train
3373,val
3374,train
3375,train
3376,test
3377,train
3378,test
3379,val
3380,val
3381,train
3382,train
3383,val
3384,train
3385,test
3386,test
3387,train
3388,test
3389,train
3390,train
3391,train
3392,train
3393,train
3394,test
3395,test
3396,train
3397,train
3398,train
3399,train
3400,train
3401,test
3402,train
3403,test
3404,train
3405,train
3406,train
3407,train
3408,val
3409,train
3410,val
3411,train
3412,train
3413,train
3414,train
3415,test
3416,train
3417,train
3418,train
3419,val
3420,train
3421,train
3422,train
3423,train
3424,test
3425,train
3426,test
3427,train
3428,train
3429,test
3430,train
3431,train
3432,train
3433,val
3434,train
3435,train
3436,train
3437,train
3438,val
3439,train
3440,train
3441,train
3442,train
3443,val
3444,val
3445,val
3446,test
3447,train
3448,train
3449,test
3450,train
3451,test
3452,train
3453,train
3454,train
3455,train
3456,test
3457,train
3458,val
3459,train
3460,train
3461,train
3462,train
3463,val
3464,train
3465,test
3466,train
3467,train
3468,val
3469,train
3470,train
3471,train
3472,train
3473,train
3474,train
3475,test
3476,val
3477,test
3478,test
3479,test
3480,test
3481,train
3482,train
3483,train
3484,train
3485,train
3486,train
3487,test
3488,train
3489,train
3490,test
3491,val
3492,train
3493,train
3494,train
3495,test
3496,train
3497,val
3498,train
3499,test
3500,train
3501,train
3502,train
3503,train
3504,train
3505,train
3506,test
3507,test
3508,train
3509,train
3510,train
3511,val
3512,train
3513,val
3514,val
3515,test
3516,train
3517,val
3518,train
3519,train
3520,val
3521,train
3522,train
3523,test
3524,train
3525,val
3526,train
3527,test
3528,train
3529,train
3530,train
3531,train
3532,train
3533,train
3534,val
3535,train
3536,train
3537,train
3538,train
3539,test
3540,val
3541,train
3542,train
3543,train
3544,train
3545,train
3546,train
3547,test
3548,train
3549,train
3550,test
3551,train
3552,train
3553,train
3554,val
3555,train
3556,train
3557,train
3558,test
3559,train
3560,train
3561,train
3562,train
3563,train
3564,train
3565,train
3566,val
3567,train
3568,train
3569,test
3570,train
3571,train
3572,test
3573,train
3574,train
3575,train
3576,train
3577,test
3578,test
3579,test
3580,train
3581,test
3582,train
3583,train
3584,train
3585,train
3586,val
3587,train
3588,test
3589,train
3590,train
3591,train
3592,train
3593,train
3594,train
3595,train
3596,test
3597,val
3598,train
3599,train
3600,train
3601,train
3602,train
3603,train
3604,test
3605,val
3606,train
3607,train
3608,train
3609,train
3610,train
3611,train
3612,train
3613,train
3614,val
3615,train
3616,test
3617,train
3618,val
3619,test
3620,train
3621,train
3622,test
3623,test
3624,train
3625,test
3626,train
3627,train
3628,train
3629,train
3630,test
3631,test
3632,test
3633,train
3634,train
3635,train
3636,train
3637,train
3638,val
3639,test
3640,train
3641,train
3642,test
3643,test
3644,train
3645,val
3646,train
3647,train
3648,train
3649,test
3650,train
3651,train
3652,train
3653,train
3654,train
3655,test
3656,val
3657,test
3658,train
3659,test
3660,train
3661,val
3662,train
3663,val
3664,test
3665,test
3666,test
3667,test
3668,val
3669,val
3670,train
3671,train
3672,test
3673,train
3674,train
3675,train
3676,train
3677,val
3678,train
3679,train
3680,train
3681,train
3682,train
3683,val
3684,train
3685,train
3686,test
3687,train
3688,train
3689,train
3690,train
3691,train
3692,train
3693,train
3694,val
3695,test
3696,train
3697,test
3698,train
3699,test
3700,train
3701,train
3702,test
3703,test
3704,train
3705,test
3706,train
3707,test
3708,train
3709,val
3710,train
3711,train
3712,val
3713,val
3714,train
3715,val
3716,test
3717,train
3718,train
3719,val
3720,train
3721,test
3722,val
3723,test
3724,test
3725,test
3726,test
3727,test
3728,train
3729,val
3730,train
3731,train
3732,train
3733,test
3734,train
3735,train
3736,test
3737,train
3738,train
3739,train
3740,test
3741,train
3742,train
3743,train
3744,train
3745,train
3746,val
3747,train
3748,train
3749,train
3750,train
3751,val
3752,train
3753,train
3754,val
3755,train
3756,train
3757,train
3758,train
3759,train
3760,train
3761,val
3762,test
3763,test
3764,train
3765,val
3766,val
3767,train
3768,train
3769,test
3770,val
3771,train
3772,train
3773,test
3774,train
3775,train
3776,test
3777,train
3778,train
3779,train
3780,val
3781,train
3782,train
3783,val
3784,train
3785,test
3786,train
3787,test
3788,train
3789,val
3790,test
3791,val
3792,val
3793,train
3794,train
3795,train
3796,test
3797,train
3798,val
3799,val
3800,train
3801,train
3802,train
3803,train
3804,train
3805,test
3806,train
3807,val
3808,train
3809,train
3810,train
3811,val
3812,train
3813,train
3814,train
3815,val
3816,val
3817,test
3818,train
3819,train
3820,test
3821,test
3822,test
3823,train
3824,train
3825,train
3826,train
3827,val
3828,test
3829,test
3830,train
3831,val
3832,val
3833,val
3834,test
3835,train
3836,val
3837,train
3838,train
3839,train
3840,val
3841,train
3842,train
3843,train
3844,train
3845,test
3846,val
3847,train
3848,train
3849,test
3850,val
3851,train
3852,train
3853,val
3854,train
3855,test
3856,train
3857,train
3858,test
3859,train
3860,train
3861,test
3862,train
3863,train
3864,val
3865,val
3866,train
3867,train
3868,train
3869,test
3870,train
3871,val
3872,train
3873,test
3874,train
3875,val
3876,train
3877,train
3878,val
3879,train
3880,train
3881,train
3882,val
3883,train
3884,test
3885,train
3886,test
3887,val
3888,train
3889,train
3890,train
3891,train
3892,test
3893,test
3894,train
3895,train
3896,val
3897,val
3898,test
3899,train
3900,train
3901,train
3902,val
3903,val
3904,test
3905,train
3906,train
3907,test
3908,train
3909,train
3910,train
3911,train
3912,train
3913,test
3914,train
3915,train
3916,train
3917,train
3918,val
3919,train
3920,test
3921,test
3922,train
3923,train
3924,val
3925,train
3926,train
3927,val
3928,train
3929,test
3930,test
3931,val
3932,train
3933,train
3934,val
3935,train
3936,train
3937,train
3938,train
3939,train
3940,test
3941,train
3942,train
3943,val
3944,train
3945,val
3946,train
3947,train
3948,test
3949,train
3950,train
3951,train
3952,train
3953,test
3954,train
3955,val
3956,train
3957,val
3958,train
3959,train
3960,test
3961,train
3962,val
3963,train
3964,val
3965,train
3966,train
3967,test
3968,train
3969,val
3970,train
3971,train
3972,train
3973,train
3974,train
3975,val
3976,train
3977,train
3978,train
3979,train
3980,test
3981,val
3982,val
3983,train
3984,train
3985,train
3986,test
3987,train
3988,train
3989,test
3990,train
3991,test
3992,test
3993,val
3994,train
3995,train
3996,test
3997,train
3998,train
3999,train
4000,val
4001,val
4002,test
4003,train
4004,train
4005,test
4006,train
4007,test
4008,val
4009,test
4010,val
4011,train
4012,val
4013,val
4014,test
4015,train
4016,train
4017,val
4018,train
4019,train
4020,train
4021,train
4022,train
4023,train
4024,train
4025,train
4026,test
4027,train
4028,train
4029,train
4030,val
4031,val
4032,train
4033,train
4034,val
4035,test
4036,val
4037,train
4038,val
4039,train
4040,val
4041,test
4042,val
4043,train
4044,train
4045,train
4046,val
4047,train
4048,train
4049,train
4050,train
4051,train
4052,train
4053,train
4054,test
4055,train
4056,train
4057,val
4058,val
4059,train
4060,test
4061,train
4062,train
4063,train
4064,train
4065,train
4066,test
4067,val
4068,train
4069,test
4070,val
4071,test
4072,test
4073,train
4074,train
4075,train
4076,val
4077,train
4078,train
4079,train
4080,train
4081,train
4082,train
4083,val
4084,train
4085,train
4086,train
4087,val
4088,train
4089,test
4090,train
4091,val
4092,test
4093,test
4094,train
4095,test
4096,train
4097,val
4098,train
4099,test
4100,train
4101,train
4102,train
4103,train
4104,test
4105,test
4106,test
4107,train
4108,test
4109,train
4110,train
4111,val
4112,train
4113,val
4114,train
4115,train
4116,train
4117,train
4118,train
4119,test
4120,test
4121,test
4122,train
4123,test
4124,train
4125,test
4126,val
4127,train
4128,val
4129,test
4130,train
4131,train
4132,val
4133,train
4134,val
4135,train
4136,train
4137,train
4138,train
4139,train
4140,train
4141,train
4142,test
4143,train
4144,train
4145,test
4146,train
4147,test
4148,val
4149,train
4150,train
4151,val
4152,train
4153,test
4154,train
4155,train
4156,train
4157,train
4158,train
4159,test
4160,val
4161,val
4162,val
4163,test
4164,val
4165,train
4166,train
4167,train
4168,train
4169,val
4170,train
4171,train
4172,test
4173,train
4174,train
4175,train
4176,test
4177,train
4178,train
4179,train
4180,train
4181,test
4182,train
4183,val
4184,train
4185,val
4186,val
4187,train
4188,train
4189,train
4190,train
4191,train
4192,train
4193,train
4194,val
4195,val
4196,test
4197,test
4198,train
4199,train
4200,train
4201,train
4202,train
4203,train
4204,test
4205,train
4206,test
4207,train
4208,val
4209,train
4210,train
4211,val
4212,test
4213,test
4214,train
4215,val
4216,test
4217,val
4218,test
4219,train
4220,train
4221,test
4222,test
4223,val
4224,train
4225,val
4226,train
4227,train
4228,test
4229,train
4230,train
4231,val
4232,train
4233,test
4234,train
4235,test
4236,test
4237,train
4238,train
4239,train
4240,train
4241,train
4242,test
4243,test
4244,train
4245,test
4246,test
4247,test
4248,train
4249,test
4250,train
4251,train
4252,train
4253,train
4254,train
4255,train
4256,train
4257,test
4258,train
4259,train
4260,val
4261,train
4262,train
4263,test
4264,train
4265,train
4266,train
4267,train
4268,test
4269,val
4270,train
4271,val
4272,train
4273,train
4274,train
4275,val
4276,train
4277,val
4278,train
4279,train
4280,test
4281,val
4282,val
4283,train
4284,test
4285,train
4286,train
4287,val
4288,test
4289,test
4290,test
4291,test
4292,val
4293,val
4294,train
4295,train
4296,test
4297,train
4298,val
4299,train
4300,train
4301,train
4302,train
4303,train
4304,train
4305,train
4306,test
4307,test
4308,train
4309,train
4310,train
4311,train
4312,train
4313,val
4314,train
4315,train
4316,val
4317,train
4318,train
4319,test
4320,train
4321,train
4322,train
4323,test
4324,train
4325,train
4326,test
4327,val
4328,train
4329,train
4330,train
4331,train
4332,train
4333,train
4334,val
4335,train
4336,val
4337,train
4338,train
4339,test
4340,val
4341,test
4342,train
4343,train
4344,train
4345,train
4346,test
4347,train
4348,val
4349,test
4350,val
4351,test
4352,train
4353,test
4354,val
4355,train
4356,test
4357,train
4358,train
4359,test
4360,train
4361,val
4362,val
4363,test
4364,train
4365,val
4366,train
4367,train
4368,train
4369,train
4370,train
4371,train
4372,val
4373,train
4374,train
4375,train
4376,train
4377,val
4378,train
4379,train
4380,train
4381,train
4382,train
4383,test
4384,val
4385,val
4386,test
4387,val
4388,train
4389,test
4390,train
4391,test
4392,train
4393,test
4394,val
4395,val
4396,train
4397,train
4398,test
4399,train
4400,train
4401,train
4402,test
4403,train
4404,train
4405,train
4406,train
4407,val
4408,train
4409,test
4410,val
4411,train
4412,val
4413,val
4414,test
4415,train
4416,val
4417,train
4418,val
4419,train
4420,train
4421,train
4422,train
4423,val
4424,train
4425,train
4426,test
4427,train
4428,train
4429,train
4430,train
4431,train
4432,train
4433,val
4434,test
4435,test
4436,test
4437,test
4438,train
4439,test
4440,val
4441,train
4442,train
4443,test
4444,train
4445,train
4446,train
4447,train
4448,train
4449,train
4450,test
4451,val
4452,train
4453,test
4454,train
4455,train
4456,train
4457,test
4458,train
4459,val
4460,test
4461,train
4462,train
4463,train
4464,train
4465,train
4466,train
4467,train
4468,train
4469,test
4470,train
4471,train
4472,train
4473,val
4474,test
4475,train
4476,train
4477,test
4478,train
4479,train
4480,train
4481,val
4482,train
4483,train
4484,train
4485,train
4486,test
4487,test
4488,train
4489,test
4490,test
4491,train
4492,train
4493,test
4494,train
4495,train
4496,val
4497,train
4498,test
4499,train
4500,train
4501,train
4502,train
4503,train
4504,train
4505,val
4506,train
4507,train
4508,train
4509,test
4510,val
4511,val
4512,train
4513,test
4514,train
4515,train
4516,train
4517,train
4518,train
4519,train
4520,train
4521,train
4522,test
4523,val
4524,val
4525,test
4526,test
4527,val
4528,train
4529,val
4530,val
4531,train
4532,train
4533,test
4534,val
4535,val
4536,val
4537,train
4538,train
4539,train
4540,train
4541,train
4542,train
4543,train
4544,test
4545,train
4546,train
4547,train
4548,train
4549,train
4550,train
4551,train
4552,train
4553,train
4554,test
4555,train
4556,val
4557,train
4558,train
4559,val
4560,val
4561,train
4562,train
4563,test
4564,train
4565,train
4566,val
4567,val
4568,train
4569,train
4570,train
4571,val
4572,test
4573,train
4574,test
4575,val
4576,train
4577,train
4578,test
4579,test
4580,train
4581,test
4582,train
4583,train
4584,test
4585,val
4586,test
4587,val
4588,test
4589,train
4590,train
4591,test
4592,test
4593,train
4594,train
4595,test
4596,val
4597,test
4598,train
4599,test
4600,test
4601,val
4602,train
4603,val
4604,train
4605,train
4606,train
4607,test
4608,val
4609,train
4610,val
4611,test
4612,train
4613,val
4614,val
4615,train
4616,train
4617,test
4618,train
4619,test
4620,train
4621,train
4622,val
4623,train
4624,train
4625,test
4626,val
4627,val
4628,test
4629,train
4630,val
4631,train
4632,val
4633,train
4634,val
4635,train
4636,train
4637,test
4638,val
4639,val
4640,train
4641,train
4642,train
4643,train
4644,test
4645,val
4646,test
4647,test
4648,train
4649,train
4650,train
4651,train
4652,test
4653,train
4654,train
4655,test
4656,train
4657,val
4658,train
4659,train
4660,test
4661,train
4662,test
4663,val
4664,train
4665,train
4666,train
4667,val
4668,train
4669,val
4670,train
4671,train
4672,train
4673,train
4674,train
4675,val
4676,train
4677,train
4678,train
4679,val
4680,test
4681,val
4682,train
4683,test
4684,val
4685,val
4686,train
4687,train
4688,train
4689,train
4690,train
4691,val
4692,val
4693,train
4694,val
4695,test
4696,train
4697,train
4698,val
4699,train
4700,train
4701,test
4702,train
4703,train
4704,test
4705,train
4706,train
4707,val
4708,train
4709,val
4710,train
4711,test
4712,val
4713,train
4714,test
4715,train
4716,test
4717,test
4718,train
4719,train
4720,val
4721,train
4722,val
4723,val
4724,train
4725,test
4726,val
4727,test
4728,val
4729,train
4730,train
4731,test
4732,train
4733,train
4734,train
4735,train
4736,val
4737,val
4738,test
4739,train
4740,train
4741,val
4742,train
4743,train
4744,test
4745,train
4746,test
4747,test
4748,train
4749,train
4750,train
4751,train
4752,train
4753,val
4754,train
4755,val
4756,train
4757,train
4758,train
4759,train
4760,test
4761,train
4762,train
4763,train
4764,train
4765,train
4766,train
4767,train
4768,train
4769,val
4770,val
4771,train
4772,train
4773,train
4774,train
4775,train
4776,test
4777,val
4778,val
4779,val
4780,train
4781,val
4782,train
4783,val
4784,train
4785,train
4786,train
4787,train
4788,val
4789,test
4790,train
4791,test
4792,val
4793,val
4794,train
4795,test
4796,train
4797,train
4798,test
4799,train
4800,val
4801,train
4802,test
4803,train
4804,train
4805,train
4806,test
4807,test
4808,train
4809,val
4810,val
4811,test
4812,train
4813,train
4814,train
4815,train
4816,test
4817,train
4818,test
4819,val
4820,train
4821,train
4822,val
4823,train
4824,test
4825,test
4826,train
4827,test
4828,train
4829,train
4830,train
4831,train
4832,train
4833,train
4834,train
4835,train
4836,test
4837,train
4838,train
4839,test
4840,val
4841,train
4842,train
4843,test
4844,test
4845,train
4846,train
4847,test
4848,train
4849,train
4850,train
4851,train
4852,train
4853,train
4854,train
4855,train
4856,train
4857,train
4858,val
4859,train
4860,test
4861,test
4862,train
4863,val
4864,train
4865,val
4866,test
4867,val
4868,val
4869,train
4870,train
4871,train
4872,test
4873,train
4874,train
4875,test
4876,train
4877,train
4878,train
4879,test
4880,val
4881,train
4882,val
4883,train
4884,train
4885,val
4886,train
4887,train
4888,train
4889,test
4890,train
4891,train
4892,train
4893,test
4894,val
4895,train
4896,train
4897,train
4898,train
4899,test
4900,test
4901,test
4902,val
4903,train
4904,train
4905,train
4906,val
4907,test
4908,val
4909,train
4910,train
4911,train
4912,train
4913,train
4914,val
4915,test
4916,train
4917,train
4918,train
4919,train
4920,val
4921,train
4922,test
4923,train
4924,test
4925,test
4926,test
4927,train
4928,train
4929,train
4930,val
4931,train
4932,val
4933,val
4934,train
4935,train
4936,val
4937,train
4938,train
4939,val
4940,train
4941,train
4942,val
4943,train
4944,train
4945,train
4946,test
4947,test
4948,train
4949,train
4950,train
4951,train
4952,train
4953,train
4954,train
4955,val
4956,train
4957,test
4958,test
4959,train
4960,train
4961,val
4962,val
4963,train
4964,train
4965,train
4966,val
4967,test
4968,train
4969,train
4970,train
4971,train
4972,test
4973,test
4974,train
4975,train
4976,train
4977,train
4978,train
4979,train
4980,train
4981,val
4982,train
4983,val
4984,val
4985,train
4986,train
4987,train
4988,val
4989,test
4990,train
4991,train
4992,train
4993,train
4994,train
4995,train
4996,train
4997,train
4998,train
4999,train
5000,train
5001,train
5002,train
5003,train
5004,train
5005,train
5006,test
5007,train
5008,train
5009,train
5010,test
5011,train
5012,val
5013,train
5014,train
5015,train
5016,train
5017,train
5018,train
5019,val
5020,train
5021,test
5022,train
5023,train
5024,train
5025,train
5026,train
5027,train
5028,val
5029,train
5030,train
5031,train
5032,val
5033,val
5034,train
5035,train
5036,train
5037,train
5038,train
5039,train
5040,train
5041,test
5042,test
5043,train
5044,train
5045,train
5046,train
5047,train
5048,train
5049,test
5050,train
5051,test
5052,train
5053,train
5054,train
5055,train
5056,train
5057,train
5058,train
5059,train
5060,val
5061,train
5062,test
5063,train
5064,train
5065,test
5066,train
5067,train
5068,train
5069,train
5070,val
5071,val
5072,train
5073,train
5074,val
5075,train
5076,train
5077,train
5078,train
5079,train
5080,train
5081,test
5082,train
5083,train
5084,train
5085,test
5086,test
5087,val
5088,train
5089,train
5090,val
5091,val
5092,train
5093,test
5094,train
5095,test
5096,test
5097,train
5098,train
5099,train
5100,train
5101,test
5102,train
5103,train
5104,train
5105,test
5106,test
5107,train
5108,val
5109,val
5110,test
5111,val
5112,train
5113,val
5114,test
5115,test
5116,train
5117,train
5118,val
5119,train
5120,val
5121,test
5122,val
5123,train
5124,test
5125,test
5126,train
5127,train
5128,train
5129,train
5130,train
5131,test
5132,test
5133,train
5134,train
5135,train
5136,train
5137,train
5138,train
5139,train
5140,test
5141,train
5142,train
5143,test
5144,test
5145,train
5146,train
5147,val
5148,train
5149,train
5150,test
5151,train
5152,train
5153,train
5154,test
5155,train
5156,train
5157,train
5158,test
5159,train
5160,test
5161,train
5162,train
5163,train
5164,val
5165,val
5166,train
5167,train
5168,train
5169,val
5170,train
5171,train
5172,train
5173,val
5174,train
5175,test
5176,train
5177,train
5178,train
5179,test
5180,train
5181,train
5182,test
5183,val
5184,train
5185,train
5186,train
5187,test
5188,test
5189,test
5190,train
5191,test
5192,test
5193,test
5194,val
5195,train
5196,train
5197,train
5198,val
5199,val
5200,train
5201,train
5202,train
5203,test
5204,test
5205,test
5206,train
5207,val
5208,train
5209,test
5210,test
5211,train
5212,train
5213,test
5214,train
5215,val
5216,train
5217,train
5218,val
5219,train
5220,train
5221,test
5222,train
5223,train
5224,train
5225,train
5226,test
5227,train
5228,train
5229,train
5230,train
5231,train
5232,val
5233,val
5234,test
5235,train
5236,test
5237,train
5238,val
5239,val
5240,val
5241,train
5242,test
5243,val
5244,train
5245,train
5246,test
5247,val
5248,test
5249,train
5250,train
5251,train
5252,test
5253,val
5254,val
5255,train
5256,train
5257,train
5258,val
5259,train
5260,val
5261,train
5262,train
5263,train
5264,train
5265,train
5266,val
5267,val
5268,train
5269,train
5270,train
5271,train
5272,train
5273,train
5274,val
5275,test
5276,train
5277,train
5278,train
5279,test
5280,test
5281,train
5282,train
5283,train
5284,train
5285,train
5286,train
5287,train
5288,train
5289,val
5290,train
5291,train
5292,val
5293,test
5294,train
5295,test
5296,train
5297,train
5298,test
5299,val
5300,train
5301,train
5302,train
5303,train
5304,test
5305,test
5306,test
5307,test
5308,train
5309,train
5310,train
5311,test
5312,val
5313,train
5314,train
5315,test
5316,train
5317,test
5318,val
5319,train
5320,val
5321,train
5322,test
5323,train
5324,train
5325,train
5326,test
5327,test
5328,train
5329,val
5330,train
5331,test
5332,val
5333,train
5334,train
5335,train
5336,train
5337,train
5338,train
5339,train
5340,train
5341,test
5342,test
5343,train
5344,val
5345,train
5346,val
5347,train
5348,train
5349,test
5350,train
5351,train
5352,val
5353,test
5354,train
5355,val
5356,test
5357,train
5358,train
5359,train
5360,test
5361,train
5362,train
5363,test
5364,val
5365,test
5366,val
5367,train
5368,test
5369,test
5370,train
5371,test
5372,train
5373,val
5374,val
5375,train
5376,train
5377,val
5378,train
5379,val
5380,val
5381,train
5382,val
5383,train
5384,test
5385,train
5386,train
5387,train
5388,test
5389,train
5390,test
5391,train
5392,train
5393,train
5394,test
5395,val
5396,train
5397,train
5398,val
5399,train
5400,train
5401,train
5402,val
5403,val
5404,train
5405,test
5406,train
5407,train
5408,train
5409,val
5410,train
5411,train
5412,train
5413,train
5414,test
5415,train
5416,train
5417,test
5418,train
5419,test
5420,test
5421,val
5422,test
5423,test
5424,val
5425,val
5426,train
5427,val
5428,val
5429,test
5430,train
5431,val
5432,test
5433,train
5434,train
5435,train
5436,train
5437,train
5438,train
5439,train
5440,test
5441,train
5442,test
5443,train
5444,train
5445,test
5446,train
5447,val
5448,train
5449,test
5450,train
5451,train
5452,train
5453,train
5454,train
5455,train
5456,test
5457,val
5458,train
5459,val
5460,train
5461,train
5462,train
5463,train
5464,val
5465,train
5466,train
5467,train
5468,test
5469,test
5470,test
5471,train
5472,train
5473,train
5474,val
5475,train
5476,train
5477,train
5478,test
5479,train
5480,train
5481,test
5482,train
5483,val
5484,test
5485,val
5486,test
5487,train
5488,train
5489,test
5490,val
5491,val
5492,val
5493,train
5494,train
5495,test
5496,val
5497,val
5498,train
5499,test
5500,train
5501,train
5502,train
5503,train
5504,val
5505,train
5506,train
5507,train
5508,train
5509,train
5510,train
5511,train
5512,test
5513,train
5514,val
5515,train
5516,train
5517,train
5518,test
5519,train
5520,test
5521,val
5522,test
5523,train
5524,train
5525,train
5526,test
5527,val
5528,train
5529,train
5530,train
5531,train
5532,test
5533,train
5534,test
5535,val
5536,val
5537,val
5538,train
5539,train
5540,test
5541,train
5542,test
5543,train
5544,train
5545,val
5546,train
5547,val
5548,val
5549,train
5550,train
5551,train
5552,train
5553,train
5554,train
5555,test
5556,train
5557,train
5558,train
5559,test
5560,train
5561,train
5562,train
5563,train
5564,train
5565,val
5566,test
5567,test
5568,train
5569,val
5570,test
5571,val
5572,train
5573,train
5574,train
5575,train
5576,train
5577,train
5578,train
5579,val
5580,train
5581,train
5582,val
5583,train
5584,train
5585,train
5586,train
5587,train
5588,train
5589,train
5590,train
5591,train
5592,train
5593,train
5594,val
5595,train
5596,train
5597,test
5598,test
5599,test
5600,test
5601,train
5602,train
5603,train
5604,train
5605,train
5606,train
5607,train
5608,train
5609,test
5610,test
5611,train
5612,test
5613,val
5614,test
5615,train
5616,val
5617,train
5618,train
5619,train
5620,test
5621,train
5622,train
5623,train
5624,train
5625,train
5626,train
5627,val
5628,val
5629,test
5630,train
5631,val
5632,test
5633,train
5634,train
5635,val
5636,val
5637,train
5638,val
5639,train
5640,train
5641,train
5642,train
5643,train
5644,train
5645,train
5646,train
5647,train
5648,val
5649,train
5650,train
5651,test
5652,test
5653,test
5654,test
5655,test
5656,train
5657,train
5658,train
5659,val
5660,train
5661,train
5662,val
5663,train
5664,val
5665,train
5666,val
5667,train
5668,train
5669,test
5670,train
5671,train
5672,train
5673,test
5674,test
5675,test
5676,test
5677,test
5678,train
5679,test
5680,train
5681,train
5682,test
5683,test
5684,train
5685,train
5686,train
5687,train
5688,train
5689,test
5690,train
5691,train
5692,val
5693,train
5694,train
5695,train
5696,val
5697,train
5698,train
5699,train
5700,test
5701,train
5702,train
5703,train
5704,test
5705,train
5706,train
5707,train
5708,train
5709,train
5710,train
5711,train
5712,train
5713,test
5714,train
5715,train
5716,train
5717,val
5718,test
5719,test
5720,test
5721,train
5722,train
5723,train
5724,val
5725,train
5726,train
5727,train
5728,train
5729,train
5730,train
5731,val
5732,train
5733,val
5734,val
5735,val
5736,train
5737,train
5738,train
5739,val
5740,train
5741,train
5742,train
5743,train
5744,train
5745,train
5746,train
5747,train
5748,train
5749,val
5750,val
5751,val
5752,train
5753,train
5754,val
5755,test
5756,train
5757,train
5758,val
5759,train
5760,test
5761,train
5762,val
5763,test
5764,test
5765,train
5766,train
5767,test
5768,train
5769,train
5770,train
5771,train
5772,train
5773,val
5774,train
5775,train
5776,test
5777,test
5778,val
5779,train
5780,train
5781,train
5782,val
5783,test
5784,test
5785,train
5786,train
5787,val
5788,val
5789,val
5790,train
5791,test
5792,train
5793,train
5794,test
5795,train
5796,val
5797,train
5798,train
5799,train
5800,test
5801,val
5802,train
5803,train
5804,train
5805,train
5806,train
5807,train
5808,train
5809,train
5810,train
5811,train
5812,train
5813,train
5814,val
5815,train
5816,train
5817,test
5818,val
5819,test
5820,val
5821,train
5822,val
5823,val
5824,train
5825,train
5826,train
5827,test
5828,test
5829,train
5830,test
5831,test
5832,test
5833,train
5834,train
5835,train
5836,val
5837,test
5838,train
5839,train
5840,train
5841,train
5842,train
5843,train
5844,val
5845,train
5846,train
5847,test
5848,train
5849,val
5850,val
5851,train
5852,train
5853,test
5854,train
5855,train
5856,train
5857,train
5858,train
5859,val
5860,val
5861,val
5862,test
5863,val
5864,train
5865,val
5866,train
5867,val
5868,train
5869,val
5870,train
5871,train
5872,test
5873,train
5874,test
5875,val
5876,train
5877,train
5878,test
5879,val
5880,train
5881,train
5882,train
5883,train
5884,train
5885,train
5886,train
5887,train
5888,train
5889,test
5890,val
5891,test
5892,train
5893,val
5894,train
5895,train
5896,train
5897,train
5898,train
5899,train
5900,train
5901,train
5902,train
5903,train
5904,test
5905,val
5906,train
5907,train
5908,train
5909,train
5910,train
5911,train
5912,val
5913,val
5914,test
5915,test
5916,val
5917,train
5918,train
5919,val
5920,test
5921,train
5922,train
5923,train
5924,train
5925,train
5926,train
5927,train
5928,train
5929,val
5930,train
5931,train
5932,train
5933,train
5934,train
5935,train
5936,train
5937,val
5938,test
5939,train
5940,train
5941,test
5942,train
5943,val
5944,train
5945,train
5946,test
5947,val
5948,train
5949,test
5950,val
5951,val
5952,train
5953,train
5954,train
5955,test
5956,test
5957,test
5958,train
5959,val
5960,test
5961,train
5962,train
5963,train
5964,test
5965,train
5966,train
5967,train
5968,test
5969,train
5970,test
5971,val
5972,test
5973,val
5974,val
5975,train
5976,val
5977,train
5978,test
5979,train
5980,test
5981,train
5982,val
5983,train
5984,train
5985,train
5986,val
5987,test
5988,train
5989,train
5990,train
5991,train
5992,train
5993,test
5994,train
5995,test
5996,train
5997,train
5998,test
5999,train
6000,train
6001,train
6002,train
6003,train
6004,train
6005,train
6006,train
6007,train
6008,test
6009,val
6010,test
6011,val
6012,val
6013,test
6014,train
6015,test
6016,train
6017,train
6018,train
6019,train
6020,train
6021,train
6022,train
6023,train
6024,test
6025,test
6026,train
6027,train
6028,train
6029,train
6030,train
6031,val
6032,train
6033,val
6034,train
6035,test
6036,test
6037,train
6038,train
6039,train
6040,val
6041,train
6042,test
6043,train
6044,train
6045,train
6046,test
6047,test
6048,test
6049,train
6050,test
6051,train
6052,test
6053,train
6054,train
6055,train
6056,train
6057,train
6058,val
6059,train
6060,train
6061,train
6062,train
6063,train
6064,val
6065,train
6066,val
6067,test
6068,train
6069,train
6070,train
6071,train
6072,train
6073,train
6074,train
6075,val
6076,train
6077,train
6078,test
6079,train
6080,val
6081,train
6082,test
6083,test
6084,test
6085,train
6086,test
6087,train
6088,train
6089,train
6090,val
6091,train
6092,val
6093,train
6094,val
6095,train
6096,train
6097,train
6098,train
6099,train
6100,val
6101,val
6102,train
6103,train
6104,train
6105,train
6106,train
6107,train
6108,val
6109,train
6110,train
6111,train
6112,train
6113,train
6114,train
6115,train
6116,train
6117,val
6118,val
6119,train
6120,train
6121,train
6122,train
6123,val
6124,val
6125,val
6126,test
6127,val
6128,train
6129,train
6130,train
6131,train
6132,val
6133,train
6134,train
6135,test
6136,test
6137,test
6138,train
6139,val
6140,train
6141,val
6142,train
6143,test
6144,test
6145,train
6146,train
6147,test
6148,train
6149,train
6150,train
6151,train
6152,train
6153,train
6154,test
6155,val
6156,train
6157,train
6158,test
6159,train
6160,train
6161,train
6162,train
6163,train
6164,test
6165,train
6166,train
6167,train
6168,train
6169,train
6170,train
6171,train
6172,train
6173,train
6174,val
6175,train
6176,val
6177,test
6178,train
6179,val
6180,train
6181,train
6182,val
6183,test
6184,test
6185,val
6186,val
6187,test
6188,train
6189,val
6190,train
6191,val
6192,val
6193,train
6194,train
6195,test
6196,val
6197,test
6198,train
6199,train
6200,train
6201,train
6202,train
6203,train
6204,test
6205,test
6206,train
6207,train
6208,train
6209,train
6210,train
6211,train
6212,val
6213,train
6214,test
6215,train
6216,train
6217,train
6218,train
6219,test
6220,test
6221,train
6222,train
6223,train
6224,train
6225,train
6226,val
6227,train
6228,train
6229,train
6230,train
6231,train
6232,val
6233,test
6234,test
6235,val
6236,train
6237,train
6238,val
6239,val
6240,val
6241,train
6242,val
6243,train
6244,train
6245,train
6246,train
6247,test
6248,val
6249,test
6250,val
6251,train
6252,val
6253,train
6254,val
6255,train
6256,test
6257,test
6258,val
6259,val
6260,test
6261,train
6262,train
6263,test
6264,train
6265,train
6266,train
6267,test
6268,train
6269,val
6270,test
6271,train
6272,train
6273,train
6274,train
6275,test
6276,train
6277,train
6278,train
6279,test
6280,train
6281,train
6282,val
6283,train
6284,train
6285,train
6286,test
6287,train
6288,train
6289,test
6290,train
6291,val
6292,test
6293,test
6294,test
6295,train
6296,train
6297,train
6298,train
6299,train
6300,test
6301,test
6302,val
6303,val
6304,val
6305,train
6306,train
6307,val
6308,test
6309,val
6310,train
6311,train
6312,val
6313,test
6314,train
6315,train
6316,train
6317,train
6318,val
6319,train
6320,test
6321,test
6322,test
6323,test
6324,train
6325,val
6326,train
6327,train
6328,val
6329,train
6330,train
6331,train
6332,train
6333,val
6334,val
6335,train
6336,val
6337,train
6338,train
6339,train
6340,val
6341,train
6342,test
6343,train
6344,val
6345,train
6346,train
6347,test
6348,train
6349,train
6350,test
6351,val
6352,test
6353,val
6354,train
6355,train
6356,train
6357,train
6358,train
6359,test
6360,train
6361,test
6362,val
6363,train
6364,val
6365,train
6366,train
6367,val
6368,train
6369,train
6370,train
6371,test
6372,val
6373,test
6374,test
6375,train
6376,val
6377,train
6378,val
6379,train
6380,train
6381,train
6382,train
6383,train
6384,test
6385,test
6386,train
6387,train
6388,train
6389,test
6390,train
6391,val
6392,train
6393,train
6394,train
6395,val
6396,train
6397,train
6398,train
6399,train
6400,train
6401,val
6402,test
6403,train
6404,train
6405,train
6406,train
6407,train
6408,test
6409,val
6410,train
6411,val
6412,train
6413,train
6414,val
6415,test
6416,train
6417,train
6418,test
6419,test
6420,val
6421,train
6422,train
6423,test
6424,train
6425,test
6426,test
6427,test
6428,train
6429,train
6430,test
6431,val
6432,val
6433,train
6434,train
6435,train
6436,test
6437,train
6438,train
6439,val
6440,train
6441,train
6442,val
6443,train
6444,val
6445,train
6446,train
6447,train
6448,test
6449,test
6450,train
6451,train
6452,val
6453,val
6454,val
6455,val
6456,test
6457,train
6458,val
6459,val
6460,test
6461,val
6462,val
6463,test
6464,train
6465,train
6466,test
6467,val
6468,train
6469,train
6470,test
6471,train
6472,val
6473,test
6474,test
6475,test
6476,train
6477,train
6478,val
6479,train
6480,val
6481,train
6482,test
6483,test
6484,train
6485,train
6486,train
6487,train
6488,train
6489,val
6490,test
6491,train
6492,val
6493,train
6494,train
6495,val
6496,train
6497,train
6498,test
6499,train
6500,train
6501,train
6502,train
6503,val
6504,train
6505,test
6506,train
6507,test
6508,train
6509,val
6510,train
6511,train
6512,val
6513,train
6514,train
6515,train
6516,train
6517,train
6518,test
6519,train
6520,test
6521,train
6522,val
6523,test
6524,val
6525,val
6526,train
6527,train
6528,train
6529,val
6530,train
6531,test
6532,train
6533,train
6534,train
6535,test
6536,train
6537,train
6538,val
6539,val
6540,test
6541,test
6542,val
6543,train
6544,train
6545,train
6546,train
6547,test
6548,train
6549,val
6550,train
6551,train
6552,val
6553,val
6554,test
6555,val
6556,train
6557,train
6558,train
6559,train
6560,train
6561,train
6562,test
6563,val
6564,val
6565,train
6566,train
6567,train
6568,train
6569,test
6570,train
6571,train
6572,test
6573,train
6574,train
6575,train
6576,train
6577,val
6578,train
6579,train
6580,train
6581,test
6582,val
6583,train
6584,test
6585,val
6586,train
6587,val
6588,train
6589,val
6590,test
6591,val
6592,train
6593,train
6594,val
6595,train
6596,train
6597,train
6598,val
6599,train
6600,test
6601,test
6602,test
6603,train
6604,train
6605,test
6606,train
6607,test
6608,train
6609,train
6610,test
6611,train
6612,train
6613,train
6614,train
6615,train
6616,val
6617,test
6618,train
6619,val
6620,test
6621,train
6622,test
6623,val
6624,val
6625,train
6626,test
6627,val
6628,train
6629,train
6630,train
6631,train
6632,val
6633,val
6634,test
6635,test
6636,train
6637,train
6638,test
6639,train
6640,val
6641,train
6642,train
6643,val
6644,test
6645,train
6646,train
6647,test
6648,val
6649,train
6650,test
6651,train
6652,train
6653,test
6654,train
6655,train
6656,train
6657,train
6658,test
6659,train
6660,train
6661,test
6662,test
6663,train
6664,train
6665,train
6666,val
6667,train
6668,val
6669,val
6670,val
6671,train
6672,train
6673,test
6674,test
6675,train
6676,train
6677,train
6678,train
6679,train
6680,test
6681,train
6682,train
6683,train
6684,train
6685,train
6686,val
6687,train
6688,test
6689,val
6690,test
6691,test
6692,train
6693,val
6694,val
6695,train
6696,train
6697,train
6698,train
6699,train
6700,train
6701,test
6702,test
6703,train
6704,train
6705,val
6706,val
6707,train
6708,train
6709,train
6710,test
6711,train
6712,train
6713,train
6714,val
6715,train
6716,train
6717,train
6718,train
6719,train
6720,train
6721,train
6722,test
6723,train
6724,train
6725,val
6726,train
6727,val
6728,val
6729,train
6730,train
6731,train
6732,val
6733,val
6734,val
6735,val
6736,train
6737,test
6738,train
6739,val
6740,val
6741,train
6742,train
6743,train
6744,train
6745,train
6746,train
6747,train
6748,train
6749,val
6750,train
6751,test
6752,train
6753,train
6754,val
6755,train
6756,train
6757,test
6758,val
6759,train
6760,train
6761,val
6762,test
6763,test
6764,val
6765,train
6766,train
6767,train
6768,val
6769,train
6770,val
6771,val
6772,train
6773,train
6774,train
6775,test
6776,train
6777,train
6778,val
6779,train
6780,train
6781,val
6782,test
6783,val
6784,train
6785,train
6786,val
6787,train
6788,train
6789,val
6790,train
6791,test
6792,train
6793,val
6794,train
6795,test
6796,val
6797,val
6798,train
6799,train
6800,test
6801,test
6802,val
6803,train
6804,val
6805,train
6806,train
6807,train
6808,train
6809,train
6810,test
6811,val
6812,val
6813,val
6814,val
6815,train
6816,test
6817,test
6818,val
6819,val
6820,val
6821,test
6822,test
6823,test
6824,val
6825,train
6826,train
6827,train
6828,train
6829,val
6830,val
6831,train
6832,train
6833,train
6834,train
6835,test
6836,train
6837,train
6838,test
6839,train
6840,train
6841,val
6842,train
6843,train
6844,val
6845,train
6846,train
6847,test
6848,train
6849,train
6850,train
6851,test
6852,train
6853,train
6854,train
6855,train
6856,train
6857,train
6858,train
6859,val
6860,train
6861,train
6862,val
6863,train
6864,train
6865,train
6866,train
6867,train
6868,train
6869,train
6870,train
6871,train
6872,train
6873,test
6874,test
6875,train
6876,train
6877,train
6878,train
6879,val
6880,train
6881,test
6882,train
6883,test
6884,val
6885,val
6886,test
6887,train
6888,train
6889,train
6890,val
6891,train
6892,val
6893,train
6894,val
6895,train
6896,train
6897,val
6898,train
6899,test
6900,train
6901,train
6902,train
6903,test
6904,val
6905,train
6906,test
6907,test
6908,train
6909,train
6910,train
6911,val
6912,train
6913,train
6914,test
6915,train
6916,train
6917,train
6918,train
6919,val
6920,train
6921,train
6922,train
6923,train
6924,val
6925,train
6926,train
6927,val
6928,test
6929,train
6930,val
6931,train
6932,test
6933,train
6934,train
6935,train
6936,train
6937,test
6938,train
6939,train
6940,train
6941,train
6942,train
6943,train
6944,train
6945,train
6946,train
6947,val
6948,val
6949,train
6950,val
6951,test
6952,test
6953,test
6954,train
6955,train
6956,test
6957,train
6958,test
6959,train
6960,train
6961,val
6962,train
6963,train
6964,train
6965,val
6966,train
6967,val
6968,train
6969,train
6970,train
6971,test
6972,test
6973,val
6974,test
6975,train
6976,test
6977,val
6978,train
6979,val
6980,train
6981,train
6982,train
6983,test
6984,test
6985,test
6986,train
6987,test
6988,train
6989,train
6990,train
6991,train
6992,test
6993,train
6994,train
6995,val
6996,test
6997,val
6998,train
6999,val
7000,train
7001,test
7002,train
7003,train
7004,train
7005,train
7006,train
7007,test
7008,test
7009,val
7010,train
7011,train
7012,val
7013,val
7014,val
7015,test
7016,test
7017,train
7018,train
7019,train
7020,train
7021,train
7022,train
7023,train
7024,train
7025,val
7026,train
7027,test
7028,val
7029,train
7030,val
7031,test
7032,val
7033,train
7034,train
7035,train
7036,train
7037,test
7038,train
7039,val
7040,train
7041,train
7042,train
7043,val
7044,val
7045,train
7046,train
7047,train
7048,train
7049,val
7050,train
7051,test
7052,train
7053,train
7054,test
7055,train
7056,train
7057,train
7058,train
7059,train
7060,test
7061,train
7062,test
7063,train
7064,train
7065,train
7066,test
7067,train
7068,val
7069,val
7070,train
7071,train
7072,train
7073,train
7074,train
7075,train
7076,train
7077,val
7078,train
7079,train
7080,val
7081,train
7082,train
7083,train
7084,train
7085,val
7086,train
7087,train
7088,train
7089,train
7090,train
7091,test
7092,train
7093,val
7094,val
7095,train
7096,train
7097,train
7098,test
7099,val
7100,test
7101,train
7102,train
7103,train
7104,train
7105,test
7106,test
7107,train
7108,train
7109,val
7110,test
7111,test
7112,train
7113,test
7114,train
7115,train
7116,train
7117,train
7118,test
7119,train
7120,train
7121,train
7122,train
7123,val
7124,train
7125,val
7126,train
7127,test
7128,train
7129,val
7130,test
7131,train
7132,train
7133,train
7134,test
7135,train
7136,train
7137,train
7138,train
7139,train
7140,train
7141,train
7142,train
7143,train
7144,train
7145,train
7146,val
7147,train
7148,train
7149,train
7150,train
7151,train
7152,train
7153,test
7154,train
7155,val
7156,test
7157,val
7158,val
7159,val
7160,train
7161,train
7162,train
7163,val
7164,val
7165,train
7166,train
7167,test
7168,test
7169,test
7170,test
7171,train
7172,train
7173,val
7174,val
7175,train
7176,train
7177,val
7178,train
7179,test
7180,train
7181,train
7182,train
7183,train
7184,train
7185,val
7186,val
7187,test
7188,train
7189,train
7190,train
7191,train
7192,val
7193,val
7194,train
7195,train
7196,train
7197,train
7198,train
7199,val
7200,train
7201,train
7202,train
7203,train
7204,val
7205,train
7206,val
7207,train
7208,train
7209,train
7210,test
7211,val
7212,train
7213,train
7214,train
7215,test
7216,train
7217,train
7218,train
7219,train
7220,test
7221,train
7222,train
7223,test
7224,train
7225,val
7226,train
7227,train
7228,train
7229,train
7230,train
7231,train
7232,train
7233,test
7234,test
7235,train
7236,val
7237,val
7238,train
7239,test
7240,train
7241,train
7242,train
7243,train
7244,train
7245,train
7246,val
7247,val
7248,train
7249,test
7250,val
7251,val
7252,train
7253,test
7254,val
7255,train
7256,val
7257,test
7258,train
7259,train
7260,test
7261,test
7262,test
7263,train
7264,train
7265,test
7266,test
7267,train
7268,train
7269,val
7270,train
7271,test
7272,train
7273,val
7274,train
7275,test
7276,val
7277,val
7278,train
7279,train
7280,train
7281,val
7282,val
7283,test
7284,test
7285,train
7286,val
7287,train
7288,train
7289,train
7290,val
7291,train
7292,val
7293,train
7294,test
7295,train
7296,train
7297,test
7298,train
7299,train
7300,train
7301,train
7302,train
7303,train
7304,train
7305,train
7306,test
7307,train
7308,train
7309,train
7310,train
7311,train
7312,train
7313,train
7314,train
7315,train
7316,train
7317,train
7318,train
7319,test
7320,train
7321,val
7322,train
7323,train
7324,test
7325,train
7326,train
7327,test
7328,test
7329,val
7330,train
7331,train
7332,train
7333,train
7334,train
7335,val
7336,train
7337,train
7338,train
7339,test
7340,train
7341,test
7342,train
7343,train
7344,train
7345,train
7346,test
7347,train
7348,test
7349,val
7350,train
7351,test
7352,train
7353,train
7354,train
7355,val
7356,train
7357,test
7358,test
7359,train
7360,train
7361,test
7362,test
7363,train
7364,train
7365,train
7366,test
7367,train
7368,val
7369,train
7370,test
7371,test
7372,val
7373,train
7374,train
7375,train
7376,test
7377,train
7378,val
7379,train
7380,test
7381,train
7382,train
7383,val
7384,test
7385,train
7386,val
7387,test
7388,val
7389,train
7390,train
7391,train
7392,val
7393,test
7394,train
7395,train
7396,val
7397,test
7398,val
7399,train
7400,test
7401,train
7402,train
7403,train
7404,train
7405,val
7406,train
7407,train
7408,val
7409,test
7410,train
7411,val
7412,train
7413,test
7414,test
7415,train
7416,val
7417,test
7418,test
7419,train
7420,test
7421,train
7422,train
7423,test
7424,val
7425,train
7426,val
7427,val
7428,train
7429,train
7430,train
7431,train
7432,val
7433,test
7434,train
7435,train
7436,train
7437,test
7438,test
7439,train
7440,train
7441,val
7442,train
7443,val
7444,val
7445,test
7446,train
7447,train
7448,train
7449,train
7450,val
7451,test
7452,train
7453,train
7454,train
7455,train
7456,val
7457,test
7458,test
7459,train
7460,train
7461,train
7462,val
7463,train
7464,val
7465,train
7466,train
7467,test
7468,test
7469,train
7470,train
7471,train
7472,val
7473,test
7474,train
7475,val
7476,val
7477,train
7478,train
7479,val
7480,train
7481,train
7482,train
7483,train
7484,train
7485,train
7486,test
7487,train
7488,train
7489,train
7490,val
7491,test
7492,train
7493,train
7494,train
7495,train
7496,test
7497,train
7498,train
7499,test
7500,train
7501,test
7502,val
7503,train
7504,train
7505,val
7506,train
7507,train
7508,train
7509,val
7510,train
7511,val
7512,train
7513,train
7514,train
7515,train
7516,train
7517,test
7518,val
7519,train
7520,train
7521,train
7522,val
7523,test
7524,train
7525,test
7526,val
7527,train
7528,train
7529,test
7530,val
7531,test
7532,train
7533,test
7534,test
7535,test
7536,train
7537,train
7538,val
7539,train
7540,train
7541,train
7542,train
7543,train
7544,test
7545,train
7546,train
7547,test
7548,train
7549,train
7550,train
7551,val
7552,test
7553,test
7554,val
7555,train
7556,train
7557,val
7558,train
7559,test
7560,train
7561,train
7562,train
7563,test
7564,train
7565,test
7566,train
7567,test
7568,test
7569,train
7570,train
7571,train
7572,test
7573,val
7574,test
7575,train
7576,test
7577,train
7578,test
7579,train
7580,test
7581,train
7582,test
7583,val
7584,val
7585,train
7586,train
7587,test
7588,train
7589,test
7590,train
7591,val
7592,val
7593,train
7594,test
7595,train
7596,test
7597,train
7598,train
7599,val
7600,val
7601,train
7602,test
7603,test
7604,train
7605,train
7606,val
7607,val
7608,train
7609,val
7610,train
7611,val
7612,train
7613,train
7614,train
7615,train
7616,test
7617,val
7618,train
7619,test
7620,test
7621,train
7622,train
7623,test
7624,train
7625,test
7626,train
7627,val
7628,train
7629,train
7630,test
7631,val
7632,train
7633,train
7634,test
7635,train
7636,train
7637,val
7638,test
7639,train
7640,test
7641,val
7642,train
7643,train
7644,train
7645,val
7646,test
7647,train
7648,test
7649,val
7650,train
7651,val
7652,train
7653,train
7654,val
7655,train
7656,val
7657,test
7658,train
7659,train
7660,train
7661,train
7662,train
7663,train
7664,val
7665,test
7666,train
7667,train
7668,train
7669,val
7670,test
7671,train
7672,train
7673,test
7674,test
7675,train
7676,val
7677,train
7678,test
7679,test
7680,val
7681,train
7682,test
7683,val
7684,val
7685,train
7686,train
7687,test
7688,train
7689,val
7690,train
7691,train
7692,test
7693,train
7694,val
7695,train
7696,test
7697,train
7698,val
7699,test
7700,train
7701,test
7702,train
7703,train
7704,val
7705,val
7706,train
7707,test
7708,train
7709,val
7710,val
7711,test
7712,test
7713,train
7714,val
7715,test
7716,train
7717,train
7718,train
7719,train
7720,test
7721,train
7722,train
7723,train
7724,test
7725,train
7726,train
7727,train
7728,val
7729,train
7730,train
7731,val
7732,train
7733,train
7734,test
7735,train
7736,train
7737,train
7738,val
7739,train
7740,train
7741,test
7742,test
7743,train
7744,train
7745,test
7746,train
7747,test
7748,train
7749,val
7750,train
7751,val
7752,train
7753,test
7754,val
7755,train
7756,train
7757,test
7758,train
7759,train
7760,val
7761,train
7762,test
7763,val
7764,train
7765,val
7766,train
7767,val
7768,train
7769,train
7770,val
7771,test
7772,train
7773,train
7774,train
7775,train
7776,train
7777,train
7778,test
7779,train
7780,test
7781,test
7782,val
7783,train
7784,val
7785,train
7786,val
7787,test
7788,train
7789,val
7790,test
7791,train
7792,train
7793,train
7794,train
7795,train
7796,train
7797,train
7798,train
7799,train
7800,train
7801,test
7802,train
7803,train
7804,val
7805,val
7806,val
7807,train
7808,train
7809,test
7810,train
7811,val
7812,val
7813,train
7814,val
7815,val
7816,val
7817,val
7818,train
7819,test
7820,train
7821,train
7822,val
7823,train
7824,train
7825,val
7826,test
7827,train
7828,test
7829,train
7830,test
7831,val
7832,test
7833,test
7834,train
7835,train
7836,test
7837,train
7838,train
7839,test
7840,train
7841,train
7842,test
7843,train
7844,train
7845,val
7846,train
7847,train
7848,test
7849,train
7850,val
7851,train
7852,val
7853,train
7854,train
7855,train
7856,train
7857,val
7858,train
7859,train
7860,val
7861,train
7862,train
7863,val
7864,test
7865,train
7866,train
7867,train
7868,val
7869,test
7870,train
7871,test
7872,test
7873,test
7874,val
7875,val
7876,train
7877,val
7878,train
7879,train
7880,train
7881,train
7882,train
7883,train
7884,val
7885,test
7886,val
7887,train
7888,val
7889,train
7890,val
7891,val
7892,train
7893,train
7894,train
7895,train
7896,val
7897,test
7898,train
7899,train
7900,test
7901,test
7902,train
7903,train
7904,train
7905,train
7906,train
7907,train
7908,train
7909,train
7910,train
7911,train
7912,train
7913,train
7914,test
7915,test
7916,train
7917,test
7918,train
7919,val
7920,val
7921,train
7922,train
7923,train
7924,val
7925,test
7926,train
7927,train
7928,val
7929,test
7930,train
7931,test
7932,test
7933,test
7934,train
7935,train
7936,train
7937,train
7938,train
7939,test
7940,test
7941,test
7942,val
7943,train
7944,train
7945,val
7946,train
7947,train
7948,val
7949,val
7950,train
7951,val
7952,train
7953,train
7954,train
7955,test
7956,train
7957,val
7958,val
7959,test
7960,train
7961,val
7962,train
7963,test
7964,test
7965,train
7966,train
7967,test
7968,train
7969,train
7970,train
7971,train
7972,test
7973,val
7974,train
7975,train
7976,train
7977,train
7978,train
7979,train
7980,train
7981,test
7982,val
7983,train
7984,test
7985,train
7986,train
7987,train
7988,val
7989,val
7990,test
7991,train
7992,train
7993,train
7994,train
7995,train
7996,train
7997,test
7998,train
7999,val
8000,train
8001,test
8002,train
8003,val
8004,train
8005,train
8006,test
8007,train
8008,train
8009,val
8010,val
8011,train
8012,test
8013,train
8014,test
8015,train
8016,train
8017,train
8018,train
8019,val
8020,val
8021,train
8022,test
8023,test
8024,train
8025,train
8026,test
8027,train
8028,train
8029,train
8030,train
8031,train
8032,test
8033,val
8034,test
8035,train
8036,train
8037,test
8038,train
8039,val
8040,train
8041,test
8042,train
8043,test
8044,train
8045,val
8046,train
8047,train
8048,train
8049,test
8050,test
8051,train
8052,test
8053,train
8054,train
8055,val
8056,val
8057,train
8058,val
8059,train
8060,val
8061,train
8062,test
8063,train
8064,train
8065,test
8066,test
8067,train
8068,train
8069,val
8070,test
8071,train
8072,train
8073,train
8074,val
8075,train
8076,test
8077,train
8078,val
8079,train
8080,val
8081,val
8082,test
8083,train
8084,test
8085,train
8086,train
8087,train
8088,train
8089,val
8090,train
8091,test
8092,train
8093,test
8094,train
8095,train
8096,val
8097,train
8098,train
8099,train
8100,train
8101,test
8102,train
8103,train
8104,train
8105,train
8106,train
8107,val
8108,val
8109,train
8110,test
8111,test
8112,train
8113,train
8114,train
8115,test
8116,train
8117,train
8118,train
8119,test
8120,val
8121,test
8122,test
8123,train
8124,train
8125,test
8126,val
8127,val
8128,train
8129,train
8130,train
8131,train
8132,train
8133,train
8134,train
8135,val
8136,train
8137,train
8138,train
8139,test
8140,test
8141,train
8142,train
8143,train
8144,train
8145,train
8146,train
8147,test
8148,train
8149,train
8150,train
8151,train
8152,train
8153,train
8154,train
8155,val
8156,val
8157,train
8158,train
8159,train
8160,train
8161,val
8162,test
8163,val
8164,train
8165,test
8166,train
8167,test
8168,train
8169,val
8170,train
8171,test
8172,val
8173,train
8174,train
8175,test
8176,val
8177,train
8178,test
8179,val
8180,train
8181,test
8182,train
8183,train
8184,train
8185,train
8186,train
8187,val
8188,val
8189,test
8190,test
8191,train
8192,test
8193,train
8194,train
8195,val
8196,val
8197,test
8198,train
8199,train
8200,train
8201,val
8202,train
8203,train
8204,train
8205,train
8206,train
8207,train
8208,train
8209,train
8210,train
8211,test
8212,train
8213,test
8214,test
8215,train
8216,train
8217,train
8218,train
8219,val
8220,test
8221,train
8222,test
8223,train
8224,train
8225,train
8226,train
8227,train
8228,test
8229,val
8230,test
8231,val
8232,test
8233,train
8234,train
8235,train
8236,train
8237,val
8238,train
8239,train
8240,train
8241,train
8242,val
8243,val
8244,train
8245,test
8246,train
8247,train
8248,train
8249,train
8250,val
8251,train
8252,train
8253,train
8254,val
8255,train
8256,test
8257,train
8258,val
8259,test
8260,train
8261,train
8262,train
8263,train
8264,val
8265,test
8266,train
8267,train
8268,val
8269,train
8270,train
8271,val
8272,test
8273,train
8274,val
8275,train
8276,train
8277,train
8278,val
8279,train
8280,val
8281,train
8282,train
8283,train
8284,train
8285,val
8286,train
8287,train
8288,train
8289,train
8290,train
8291,train
8292,test
8293,val
8294,val
8295,train
8296,train
8297,train
8298,train
8299,test
8300,train
8301,val
8302,test
8303,train
8304,train
8305,train
8306,train
8307,train
8308,test
8309,train
8310,train
8311,train
8312,test
8313,val
8314,test
8315,val
8316,train
8317,train
8318,train
8319,train
8320,test
8321,train
8322,train
8323,train
8324,train
8325,train
8326,val
8327,train
8328,train
8329,train
8330,train
8331,train
8332,val
8333,test
8334,val
8335,train
8336,train
8337,train
8338,test
8339,train
8340,val
8341,train
8342,test
8343,val
8344,train
8345,train
8346,train
8347,val
8348,train
8349,test
8350,train
8351,val
8352,train
8353,train
8354,train
8355,train
8356,val
8357,train
8358,train
8359,test
8360,train
8361,test
8362,train
8363,test
8364,train
8365,train
8366,train
8367,train
8368,train
8369,train
8370,train
8371,train
8372,test
8373,train
8374,val
8375,train
8376,train
8377,train
8378,test
8379,train
8380,test
8381,train
8382,train
8383,train
8384,train
8385,val
8386,val
8387,train
8388,val
8389,test
8390,train
8391,val
8392,train
8393,val
8394,train
8395,test
8396,train
8397,train
8398,train
8399,test
8400,val
8401,train
8402,train
8403,test
8404,train
8405,train
8406,train
8407,train
8408,train
8409,test
8410,val
8411,val
8412,val
8413,train
8414,train
8415,train
8416,train
8417,train
8418,test
8419,train
8420,train
8421,train
8422,test
8423,train
8424,train
8425,test
8426,test
8427,train
8428,test
8429,test
8430,train
8431,train
8432,train
8433,train
8434,train
8435,train
8436,val
8437,test
8438,test
8439,val
8440,train
8441,train
8442,train
8443,test
8444,train
8445,test
8446,train
8447,val
8448,train
8449,val
8450,test
8451,train
8452,train
8453,test
8454,test
8455,test
8456,test
8457,val
8458,train
8459,train
8460,train
8461,train
8462,train
8463,train
8464,train
8465,train
8466,val
8467,val
8468,train
8469,train
8470,train
8471,train
8472,train
8473,test
8474,train
8475,test
8476,train
8477,train
8478,train
8479,train
8480,val
8481,train
8482,train
8483,test
8484,val
8485,train
8486,test
8487,val
8488,train
8489,train
8490,train
8491,test
8492,test
8493,train
8494,val
8495,test
8496,train
8497,test
8498,train
8499,train
8500,train
8501,train
8502,train
8503,train
8504,train
8505,test
8506,train
8507,train
8508,train
8509,test
8510,val
8511,train
8512,train
8513,train
8514,train
8515,val
8516,val
8517,train
8518,train
8519,val
8520,train
8521,test
8522,test
8523,test
8524,train
8525,train
8526,val
8527,test
8528,train
8529,test
8530,test
8531,test
8532,val
8533,train
8534,test
8535,train
8536,test
8537,train
8538,val
8539,test
8540,train
8541,test
8542,train
8543,val
8544,train
8545,train
8546,train
8547,val
8548,train
8549,train
8550,train
8551,val
8552,train
8553,train
8554,train
8555,test
8556,train
8557,train
8558,train
8559,train
8560,val
8561,train
8562,val
8563,train
8564,train
8565,test
8566,train
8567,train
8568,train
8569,test
8570,val
8571,test
8572,train
8573,train
8574,train
8575,train
8576,val
8577,train
8578,train
8579,train
8580,train
8581,test
8582,train
8583,val
8584,train
8585,test
8586,train
8587,val
8588,val
8589,train
8590,val
8591,train
8592,test
8593,train
8594,train
8595,train
8596,train
8597,train
8598,train
8599,test
8600,val
8601,train
8602,train
8603,val
8604,train
8605,train
8606,val
8607,test
8608,test
8609,val
8610,train
8611,test
8612,train
8613,train
8614,train
8615,train
8616,val
8617,train
8618,train
8619,train
8620,train
8621,train
8622,train
8623,val
8624,train
8625,train
8626,val
8627,val
8628,train
8629,test
8630,train
8631,train
8632,train
8633,train
8634,train
8635,train
8636,test
8637,train
8638,train
8639,val
8640,train
8641,val
8642,train
8643,test
8644,train
8645,train
8646,val
8647,train
8648,val
8649,val
8650,val
8651,train
8652,test
8653,val
8654,train
8655,test
8656,train
8657,train
8658,train
8659,val
8660,train
8661,test
8662,train
8663,train
8664,val
8665,train
8666,train
8667,test
8668,test
8669,train
8670,train
8671,test
8672,test
8673,val
8674,val
8675,train
8676,train
8677,train
8678,val
8679,test
8680,train
8681,test
8682,val
8683,train
8684,val
8685,train
8686,train
8687,train
8688,val
8689,train
8690,train
8691,train
8692,train
8693,train
8694,test
8695,val
8696,val
8697,train
8698,train
8699,train
8700,train
8701,val
8702,train
8703,test
8704,train
8705,train
8706,train
8707,test
8708,train
8709,train
8710,train
8711,val
8712,test
8713,train
8714,train
8715,train
8716,train
8717,train
8718,train
8719,test
8720,train
8721,train
8722,val
8723,train
8724,train
8725,val
8726,train
8727,val
8728,train
8729,train
8730,train
8731,train
8732,train
8733,val
8734,val
8735,train
8736,train
8737,val
8738,train
8739,train
8740,train
8741,train
8742,train
8743,val
8744,train
8745,test
8746,train
8747,train
8748,train
8749,val
8750,val
8751,train
8752,train
8753,train
8754,train
8755,train
8756,train
8757,test
8758,test
8759,train
8760,test
8761,train
8762,train
8763,train
8764,val
8765,train
8766,test
8767,train
8768,train
8769,train
8770,train
8771,val
8772,val
8773,val
8774,test
8775,train
8776,train
8777,train
8778,train
8779,val
8780,train
8781,train
8782,train
8783,train
8784,test
8785,test
8786,test
8787,test
8788,train
8789,test
8790,train
8791,test
8792,train
8793,val
8794,test
8795,train
8796,test
8797,val
8798,train
8799,test
8800,test
8801,test
8802,train
8803,val
8804,train
8805,train
8806,val
8807,test
8808,train
8809,train
8810,test
8811,train
8812,test
8813,val
8814,val
8815,train
8816,train
8817,val
8818,test
8819,train
8820,train
8821,val
8822,test
8823,train
8824,train
8825,val
8826,train
8827,train
8828,train
8829,train
8830,train
8831,train
8832,train
8833,train
8834,train
8835,val
8836,train
8837,val
8838,train
8839,train
8840,train
8841,train
8842,val
8843,train
8844,train
8845,train
8846,test
8847,train
8848,val
8849,train
8850,train
8851,test
8852,test
8853,test
8854,train
8855,train
8856,train
8857,train
8858,val
8859,test
8860,train
8861,train
8862,train
8863,train
8864,train
8865,val
8866,train
8867,train
8868,train
8869,train
8870,test
8871,train
8872,val
8873,train
8874,train
8875,val
8876,train
8877,val
8878,val
8879,train
8880,test
8881,train
8882,test
8883,val
8884,val
8885,test
8886,train
8887,train
8888,train
8889,train
8890,train
8891,train
8892,test
8893,val
8894,train
8895,val
8896,test
8897,val
8898,train
8899,train
8900,train
8901,train
8902,train
8903,train
8904,train
8905,train
8906,train
8907,train
8908,val
8909,test
8910,train
8911,train
8912,val
8913,train
8914,train
8915,test
8916,train
8917,train
8918,train
8919,test
8920,train
8921,train
8922,train
8923,val
8924,train
8925,train
8926,val
8927,train
8928,val
8929,test
8930,train
8931,val
8932,val
8933,train
8934,train
8935,train
8936,train
8937,test
8938,train
8939,train
8940,val
8941,train
8942,train
8943,test
8944,test
8945,train
8946,train
8947,train
8948,val
8949,test
8950,train
8951,train
8952,test
8953,train
8954,train
8955,train
8956,train
8957,test
8958,test
8959,train
8960,train
8961,train
8962,train
8963,train
8964,train
8965,val
8966,train
8967,test
8968,test
8969,test
8970,test
8971,test
8972,train
8973,train
8974,train
8975,train
8976,test
8977,train
8978,train
8979,train
8980,val
8981,test
8982,test
8983,train
8984,val
8985,train
8986,train
8987,test
8988,val
8989,val
8990,test
8991,train
8992,train
8993,train
8994,train
8995,val
8996,train
8997,train
8998,test
8999,train
9000,train
9001,test
9002,train
9003,val
9004,train
9005,test
9006,train
9007,val
9008,train
9009,train
9010,train
9011,test
9012,train
9013,train
9014,train
9015,train
9016,train
9017,train
9018,train
9019,train
9020,train
9021,test
9022,val
9023,val
9024,train
9025,val
9026,val
9027,val
9028,val
9029,train
9030,train
9031,val
9032,test
9033,val
9034,test
9035,val
9036,train
9037,train
9038,test
9039,train
9040,train
9041,train
9042,test
9043,train
9044,val
9045,val
9046,test
9047,test
9048,train
9049,test
9050,train
9051,train
9052,train
9053,val
9054,train
9055,val
9056,train
9057,test
9058,train
9059,train
9060,test
9061,val
9062,test
9063,train
9064,train
9065,test
9066,train
9067,val
9068,train
9069,val
9070,train
9071,test
9072,train
9073,train
9074,train
9075,val
9076,val
9077,train
9078,test
9079,train
9080,test
9081,train
9082,train
9083,train
9084,train
9085,test
9086,train
9087,train
9088,val
9089,train
9090,train
9091,train
9092,test
9093,train
9094,train
9095,train
9096,train
9097,test
9098,train
9099,val
9100,train
9101,train
9102,test
9103,train
9104,val
9105,train
9106,val
9107,train
9108,train
9109,train
9110,train
9111,train
9112,train
9113,train
9114,test
9115,train
9116,train
9117,train
9118,test
9119,val
9120,test
9121,train
9122,test
9123,train
9124,test
9125,train
9126,val
9127,train
9128,train
9129,train
9130,test
9131,train
9132,test
9133,test
9134,val
9135,test
9136,val
9137,test
9138,train
9139,train
9140,test
9141,train
9142,train
9143,train
9144,train
9145,test
9146,val
9147,train
9148,val
9149,train
9150,train
9151,test
9152,val
9153,val
9154,test
9155,train
9156,train
9157,train
9158,test
9159,test
9160,train
9161,train
9162,train
9163,train
9164,train
9165,train
9166,test
9167,train
9168,train
9169,train
9170,train
9171,train
9172,train
9173,train
9174,train
9175,train
9176,test
9177,val
9178,train
9179,train
9180,train
9181,train
9182,test
9183,train
9184,train
9185,train
9186,test
9187,train
9188,train
9189,train
9190,train
9191,val
9192,train
9193,train
9194,train
9195,val
9196,val
9197,test
9198,train
9199,train
9200,train
9201,train
9202,train
9203,train
9204,val
9205,train
9206,train
9207,test
9208,train
9209,train
9210,test
9211,test
9212,train
9213,train
9214,test
9215,test
9216,train
9217,train
9218,train
9219,val
9220,test
9221,train
9222,train
9223,val
9224,train
9225,train
9226,train
9227,train
9228,test
9229,val
9230,train
9231,train
9232,train
9233,train
9234,train
9235,test
9236,train
9237,train
9238,train
9239,train
9240,train
9241,test
9242,val
9243,train
9244,test
9245,train
9246,train
9247,train
9248,train
9249,train
9250,test
9251,test
9252,train
9253,train
9254,train
9255,test
9256,train
9257,train
9258,test
9259,val
9260,test
9261,train
9262,train
9263,train
9264,train
9265,train
9266,train
9267,train
9268,test
9269,val
9270,train
9271,train
9272,train
9273,val
9274,val
9275,val
9276,train
9277,train
9278,train
9279,test
9280,train
9281,train
9282,train
9283,val
9284,train
9285,train
9286,train
9287,val
9288,train
9289,train
9290,train
9291,val
9292,val
9293,train
9294,train
9295,train
9296,train
9297,train
9298,val
9299,train
9300,test
9301,train
9302,test
9303,train
9304,train
9305,test
9306,train
9307,val
9308,train
9309,val
9310,val
9311,val
9312,val
9313,train
9314,train
9315,train
9316,train
9317,train
9318,train
9319,test
9320,train
9321,val
9322,test
9323,train
9324,val
9325,train
9326,train
9327,val
9328,test
9329,train
9330,val
9331,train
9332,val
9333,test
9334,val
9335,train
9336,test
9337,train
9338,train
9339,test
9340,val
9341,val
9342,val
9343,train
9344,train
9345,train
9346,val
9347,train
9348,train
9349,val
9350,train
9351,test
9352,train
9353,train
9354,val
9355,train
9356,val
9357,test
9358,test
9359,test
9360,train
9361,test
9362,train
9363,train
9364,train
9365,train
9366,train
9367,val
9368,train
9369,train
9370,train
9371,train
9372,train
9373,val
9374,test
9375,train
9376,train
9377,train
9378,val
9379,val
9380,train
9381,train
9382,test
9383,test
9384,train
9385,train
9386,test
9387,train
9388,val
9389,test
9390,train
9391,train
9392,train
9393,train
9394,val
9395,train
9396,test
9397,train
9398,train
9399,train
9400,train
9401,val
9402,train
9403,train
9404,train
9405,train
9406,val
9407,train
9408,test
9409,train
9410,val
9411,test
9412,train
9413,val
9414,test
9415,train
9416,val
9417,train
9418,val
9419,val
9420,train
9421,val
9422,train
9423,val
9424,train
9425,train
9426,train
9427,train
9428,train
9429,train
9430,train
9431,train
9432,train
9433,val
9434,train
9435,val
9436,train
9437,test
9438,val
9439,val
9440,test
9441,val
9442,train
9443,val
9444,train
9445,train
9446,train
9447,train
9448,train
9449,train
9450,test
9451,test
9452,train
9453,train
9454,train
9455,train
9456,train
9457,val
9458,train
9459,train
9460,test
9461,train
9462,train
9463,train
9464,train
9465,train
9466,train
9467,val
9468,test
9469,train
9470,test
9471,val
9472,train
9473,train
9474,train
9475,train
9476,train
9477,test
9478,train
9479,test
9480,train
9481,train
9482,val
9483,val
9484,train
9485,train
9486,test
9487,test
9488,test
9489,train
9490,train
9491,test
9492,test
9493,val
9494,val
9495,test
9496,val
9497,train
9498,train
9499,train
9500,train
9501,test
9502,train
9503,test
9504,train
9505,train
9506,test
9507,train
9508,train
9509,train
9510,train
9511,train
9512,train
9513,train
9514,train
9515,train
9516,train
9517,val
9518,test
9519,val
9520,val
9521,train
9522,train
9523,test
9524,train
9525,val
9526,train
9527,train
9528,val
9529,train
9530,val
9531,train
9532,test
9533,train
9534,train
9535,train
9536,val
9537,train
9538,val
9539,val
9540,train
9541,train
9542,train
9543,val
9544,train
9545,train
9546,test
9547,test
9548,train
9549,train
9550,test
9551,train
9552,train
9553,train
9554,train
9555,train
9556,train
9557,train
9558,train
9559,test
9560,train
9561,train
9562,train
9563,test
9564,val
9565,val
9566,train
9567,val
9568,val
9569,val
9570,val
9571,test
9572,train
9573,train
9574,test
9575,test
9576,val
9577,val
9578,val
9579,train
9580,train
9581,train
9582,train
9583,train
9584,train
9585,train
9586,train
9587,train
9588,train
9589,train
9590,val
9591,val
9592,train
9593,test
9594,train
9595,val
9596,val
9597,val
9598,test
9599,train
9600,test
9601,train
9602,val
9603,train
9604,train
9605,train
9606,val
9607,test
9608,train
9609,train
9610,train
9611,train
9612,train
9613,test
9614,test
9615,test
9616,train
9617,train
9618,train
9619,test
9620,train
9621,train
9622,val
9623,test
9624,test
9625,train
9626,test
9627,test
9628,train
9629,val
9630,train
9631,train
9632,val
9633,val
9634,train
9635,val
9636,train
9637,test
9638,train
9639,train
9640,test
9641,train
9642,train
9643,train
9644,train
9645,val
9646,train
9647,train
9648,test
9649,train
9650,test
9651,train
9652,train
9653,train
9654,train
9655,train
9656,val
9657,test
9658,train
9659,val
9660,test
9661,train
9662,train
9663,val
9664,train
9665,val
9666,train
9667,train
9668,test
9669,test
9670,train
9671,train
9672,train
9673,train
9674,val
9675,test
9676,val
9677,val
9678,train
9679,train
9680,train
9681,train
9682,test
9683,val
9684,test
9685,train
9686,train
9687,test
9688,val
9689,train
9690,train
9691,val
9692,test
9693,val
9694,train
9695,val
9696,train
9697,train
9698,train
9699,train
9700,test
9701,test
9702,train
9703,train
9704,val
9705,train
9706,train
9707,test
9708,train
9709,train
9710,train
9711,train
9712,val
9713,test
9714,test
9715,val
9716,val
9717,val
9718,test
9719,train
9720,train
9721,train
9722,train
9723,train
9724,train
9725,train
9726,val
9727,train
9728,train
9729,val
9730,train
9731,train
9732,train
9733,train
9734,train
9735,test
9736,test
9737,train
9738,train
9739,test
9740,train
9741,train
9742,train
9743,train
9744,train
9745,test
9746,train
9747,val
9748,train
9749,train
9750,val
9751,train
9752,test
9753,train
9754,test
9755,test
9756,train
9757,val
9758,train
9759,test
9760,train
9761,test
9762,val
9763,train
9764,test
9765,train
9766,train
9767,test
9768,test
9769,train
9770,train
9771,val
9772,train
9773,test
9774,val
9775,train
9776,val
9777,val
9778,val
9779,train
9780,test
9781,train
9782,train
9783,val
9784,train
9785,train
9786,train
9787,test
9788,train
9789,test
9790,train
9791,val
9792,train
9793,val
9794,test
9795,val
9796,train
9797,val
9798,val
9799,test
9800,val
9801,val
9802,test
9803,val
9804,train
9805,test
9806,test
9807,train
9808,test
9809,val
9810,train
9811,test
9812,train
9813,test
9814,test
9815,train
9816,test
9817,train
9818,val
9819,train
9820,train
9821,train
9822,train
9823,test
9824,val
9825,train
9826,test
9827,val
9828,train
9829,val
9830,train
9831,train
9832,val
9833,train
9834,test
9835,val
9836,val
9837,train
9838,train
9839,train
9840,test
9841,train
9842,train
9843,train
9844,train
9845,val
9846,train
9847,train
9848,train
9849,train
9850,train
9851,train
9852,train
9853,train
9854,val
9855,train
9856,train
9857,test
9858,test
9859,val
9860,train
9861,train
9862,test
9863,train
9864,train
9865,val
9866,train
9867,test
9868,train
9869,val
9870,train
9871,test
9872,train
9873,train
9874,test
9875,test
9876,train
9877,test
9878,val
9879,val
9880,train
9881,train
9882,train
9883,train
9884,train
9885,train
9886,train
9887,train
9888,test
9889,train
9890,val
9891,train
9892,test
9893,train
9894,train
9895,val
9896,train
9897,train
9898,val
9899,test
9900,train
9901,train
9902,train
9903,train
9904,val
9905,val
9906,train
9907,train
9908,val
9909,test
9910,train
9911,train
9912,train
9913,train
9914,train
9915,train
9916,train
9917,train
9918,train
9919,train
9920,train
9921,train
9922,train
9923,train
9924,val
9925,train
9926,train
9927,test
9928,train
9929,val
9930,train
9931,train
9932,train
9933,val
9934,val
9935,val
9936,test
9937,test
9938,val
9939,train
9940,train
9941,train
9942,val
9943,train
9944,train
9945,train
9946,train
9947,train
9948,train
9949,train
9950,train
9951,train
9952,train
9953,val
9954,train
9955,train
9956,train
9957,train
9958,train
9959,train
9960,train
9961,train
9962,val
9963,train
9964,train
9965,val
9966,val
9967,val
9968,test
9969,test
9970,test
9971,train
9972,train
9973,val
9974,train
9975,val
9976,train
9977,val
9978,train
9979,test
9980,train
9981,train
9982,test
9983,train
9984,test
9985,train
9986,train
9987,train
9988,train
9989,train
9990,train
9991,train
9992,train
9993,train
9994,val
9995,test
9996,train
9997,train
9998,val
9999,train
10000,train
10001,train
10002,val
10003,val
10004,train
10005,train
10006,train
10007,train
10008,train
10009,train
10010,train
10011,train
10012,train
10013,train
10014,train
10015,train
10016,train
10017,test
10018,test
10019,train
10020,train
10021,val
10022,val
10023,train
10024,train
10025,train
10026,train
10027,test
10028,val
10029,train
10030,train
10031,val
10032,train
10033,train
10034,train
10035,train
10036,train
10037,train
10038,test
10039,val
10040,train
10041,train
10042,train
10043,test
10044,train
10045,train
10046,train
10047,train
10048,train
10049,train
10050,train
10051,train
10052,test
10053,train
10054,train
10055,val
10056,train
10057,val
10058,train
10059,train
10060,train
10061,train
10062,train
10063,train
10064,test
10065,train
10066,val
10067,train
10068,test
10069,train
10070,test
10071,train
10072,train
10073,test
10074,val
10075,train
10076,test
10077,val
10078,test
10079,train
10080,train
10081,val
10082,test
10083,train
10084,train
10085,train
10086,train
10087,train
10088,test
10089,test
10090,train
10091,train
10092,train
10093,train
10094,train
10095,val
10096,test
10097,test
10098,train
10099,test
10100,train
10101,train
10102,train
10103,val
10104,test
10105,test
10106,test
10107,test
10108,train
10109,train
10110,test
10111,train
10112,train
10113,train
10114,train
10115,train
10116,train
10117,val
10118,train
10119,val
10120,train
10121,test
10122,val
10123,test
10124,train
10125,train
10126,train
10127,train
10128,train
10129,train
10130,train
10131,train
10132,test
10133,train
10134,train
10135,train
10136,val
10137,test
10138,val
10139,test
10140,train
10141,val
10142,train
10143,train
10144,train
10145,train
10146,train
10147,val
10148,val
10149,train
10150,train
10151,train
10152,train
10153,train
10154,train
10155,train
10156,val
10157,train
10158,train
10159,test
10160,train
10161,train
10162,val
10163,train
10164,train
10165,train
10166,train
10167,train
10168,train
10169,train
10170,train
10171,val
10172,train
10173,train
10174,train
10175,val
10176,val
10177,test
10178,train
10179,train
10180,train
10181,test
10182,val
10183,test
10184,val
10185,train
10186,train
10187,train
10188,train
10189,train
10190,test
10191,val
10192,train
10193,train
10194,train
10195,val
10196,val
10197,val
10198,train
10199,train
10200,val
10201,val
10202,train
10203,train
10204,val
10205,train
10206,train
10207,val
10208,train
10209,train
10210,train
10211,val
10212,train
10213,train
10214,train
10215,val
10216,train
10217,train
10218,val
10219,test
10220,train
10221,test
10222,train
10223,test
10224,val
10225,train
10226,train
10227,train
10228,val
10229,val
10230,train
10231,train
10232,val
10233,test
10234,train
10235,train
10236,train
10237,train
10238,train
10239,train
10240,train
10241,train
10242,train
10243,val
10244,train
10245,train
10246,train
10247,train
10248,train
10249,train
10250,train
10251,test
10252,train
10253,val
10254,test
10255,train
10256,train
10257,train
10258,train
10259,test
10260,val
10261,val
10262,train
10263,train
10264,val
10265,train
10266,train
10267,train
10268,train
10269,train
10270,train
10271,train
10272,val
10273,train
10274,train
10275,train
10276,test
10277,train
10278,test
10279,val
10280,train
10281,test
10282,train
10283,train
10284,val
10285,test
10286,train
10287,train
10288,train
10289,val
10290,train
10291,val
10292,test
10293,train
10294,train
10295,val
10296,train
10297,test
10298,test
10299,train
10300,val
10301,test
10302,val
10303,train
10304,train
10305,train
10306,train
10307,test
10308,val
10309,train
10310,val
10311,train
10312,val
10313,test
10314,test
10315,train
10316,train
10317,train
10318,train
10319,train
10320,train
10321,train
10322,test
10323,train
10324,train
10325,test
10326,val
10327,test
10328,train
10329,train
10330,test
10331,train
10332,train
10333,train
10334,train
10335,val
10336,train
10337,train
10338,train
10339,val
10340,val
10341,test
10342,train
10343,train
10344,train
10345,train
10346,test
10347,test
10348,train
10349,train
10350,train
10351,train
10352,train
10353,train
10354,train
10355,test
10356,train
10357,train
10358,val
10359,train
10360,test
10361,test
10362,train
10363,train
10364,test
10365,val
10366,train
10367,train
10368,test
10369,val
10370,val
10371,test
10372,test
10373,train
10374,train
10375,train
10376,train
10377,train
10378,train
10379,train
10380,val
10381,train
10382,train
10383,test
10384,train
10385,train
10386,train
10387,train
10388,val
10389,train
10390,train
10391,train
10392,test
10393,val
10394,train
10395,val
10396,val
10397,train
10398,test
10399,train
10400,test
10401,test
10402,test
10403,train
10404,val
10405,val
10406,train
10407,train
10408,train
10409,train
10410,train
10411,val
10412,test
10413,val
10414,test
10415,val
10416,train
10417,test
10418,train
10419,val
10420,test
10421,test
10422,train
10423,test
10424,test
10425,val
10426,test
10427,train
10428,train
10429,test
10430,train
10431,train
10432,train
10433,train
10434,train
10435,test
10436,test
10437,train
10438,train
10439,test
10440,train
10441,test
10442,test
10443,val
10444,train
10445,test
10446,test
10447,test
10448,test
10449,train
10450,train
10451,val
10452,train
10453,train
10454,train
10455,train
10456,val
10457,train
10458,train
10459,train
10460,test
10461,train
10462,val
10463,train
10464,test
10465,train
10466,train
10467,test
10468,val
10469,train
10470,train
10471,test
10472,train
10473,val
10474,train
10475,test
10476,val
10477,train
10478,train
10479,train
10480,val
10481,test
10482,train
10483,val
10484,train
10485,test
10486,val
10487,test
10488,test
10489,train
10490,test
10491,test
10492,train
10493,train
10494,train
10495,val
10496,train
10497,train
10498,train
10499,train
10500,train
10501,train
10502,train
10503,val
10504,train
10505,val
10506,val
10507,train
10508,train
10509,test
10510,train
10511,test
10512,test
10513,train
10514,test
10515,train
10516,test
10517,train
10518,train
10519,train
10520,train
10521,train
10522,train
10523,train
10524,train
10525,test
10526,test
10527,train
10528,train
10529,train
10530,train
10531,train
10532,train
10533,train
10534,train
10535,train
10536,train
10537,val
10538,train
10539,train
10540,train
10541,train
10542,val
10543,train
10544,train
10545,train
10546,train
10547,train
10548,train
10549,train
10550,val
10551,train
10552,train
10553,val
10554,val
10555,train
10556,train
10557,train
10558,train
10559,val
10560,val
10561,train
10562,train
10563,train
10564,train
10565,train
10566,train
10567,train
10568,train
10569,train
10570,train
10571,train
10572,train
10573,val
10574,train
10575,train
10576,train
10577,train
10578,train
10579,train
10580,test
10581,test
10582,val
10583,train
10584,train
10585,train
10586,val
10587,train
10588,val
10589,train
10590,train
10591,test
10592,val
10593,test
10594,val
10595,train
10596,val
10597,train
10598,train
10599,train
10600,train
10601,train
10602,train
10603,val
10604,test
10605,test
10606,val
10607,val
10608,train
10609,train
10610,test
10611,train
10612,test
10613,train
10614,test
10615,train
10616,train
10617,train
10618,test
10619,train
10620,test
10621,val
10622,val
10623,val
10624,train
10625,val
10626,train
10627,test
10628,val
10629,test
10630,train
10631,train
10632,train
10633,test
10634,train
10635,val
10636,train
10637,train
10638,train
10639,train
10640,train
10641,train
10642,val
10643,train
10644,test
10645,test
10646,train
10647,train
10648,train
10649,test
10650,train
10651,train
10652,test
10653,test
10654,test
10655,test
10656,val
10657,train
10658,train
10659,test
10660,train
10661,val
10662,val
10663,train
10664,test
10665,test
10666,train
10667,val
10668,train
10669,val
10670,train
10671,train
10672,train
10673,train
10674,test
10675,train
10676,train
10677,test
10678,test
10679,test
10680,train
10681,train
10682,train
10683,val
10684,train
10685,train
10686,val
10687,train
10688,test
10689,val
10690,val
10691,train
10692,train
10693,train
10694,test
10695,test
10696,train
10697,train
10698,test
10699,test
10700,train
10701,train
10702,train
10703,test
10704,train
10705,train
10706,train
10707,test
10708,train
10709,train
10710,train
10711,val
10712,train
10713,train
10714,test
10715,train
10716,train
10717,train
10718,train
10719,train
10720,train
10721,train
10722,val
10723,train
10724,train
10725,test
10726,train
10727,train
10728,val
10729,train
10730,train
10731,train
10732,train
10733,val
10734,test
10735,train
10736,test
10737,train
10738,train
10739,train
10740,train
10741,train
10742,train
10743,train
10744,test
10745,test
10746,train
10747,val
10748,test
10749,train
10750,train
10751,test
10752,train
10753,test
10754,train
10755,train
10756,val
10757,val
10758,train
10759,val
10760,train
10761,train
10762,train
10763,test
10764,train
10765,train
10766,test
10767,train
10768,train
10769,test
10770,train
10771,train
10772,test
10773,train
10774,train
10775,test
10776,val
10777,train
10778,test
10779,train
10780,train
10781,train
10782,train
10783,train
10784,test
10785,train
10786,train
10787,train
10788,test
10789,test
10790,train
10791,train
10792,train
10793,val
10794,val
10795,val
10796,train
10797,train
10798,train
10799,train
10800,train
10801,train
10802,test
10803,train
10804,test
10805,train
10806,train
10807,test
10808,train
10809,test
10810,train
10811,val
10812,val
10813,train
10814,test
10815,test
10816,train
10817,train
10818,val
10819,test
10820,train
10821,train
10822,train
10823,train
10824,train
10825,train
10826,train
10827,train
10828,train
10829,train
10830,train
10831,test
10832,train
10833,test
10834,train
10835,val
10836,train
10837,train
10838,test
10839,train
10840,test
10841,val
10842,train
10843,train
10844,train
10845,val
10846,test
10847,train
10848,test
10849,test
10850,train
10851,train
10852,train
10853,train
10854,test
10855,val
10856,val
10857,train
10858,test
10859,train
10860,val
10861,test
10862,train
10863,test
10864,train
10865,test
10866,train
10867,val
10868,train
10869,val
10870,val
10871,train
10872,val
10873,train
10874,val
10875,val
10876,train
10877,train
10878,val
10879,test
10880,train
10881,train
10882,train
10883,train
10884,train
10885,train
10886,train
10887,train
10888,train
10889,train
10890,val
10891,train
10892,val
10893,val
10894,train
10895,train
10896,test
10897,train
10898,test
10899,test
10900,train
10901,val
10902,train
10903,train
10904,train
10905,test
10906,train
10907,train
10908,train
10909,train
10910,train
10911,train
10912,val
10913,train
10914,val
10915,test
10916,train
10917,test
10918,train
10919,val
10920,train
10921,test
10922,train
10923,test
10924,train
10925,train
10926,train
10927,test
10928,val
10929,test
10930,train
10931,train
10932,train
10933,train
10934,train
10935,train
10936,val
10937,train
10938,val
10939,test
10940,train
10941,train
10942,train
10943,val
10944,train
10945,train
10946,test
10947,train
10948,train
10949,train
10950,train
10951,test
10952,test
10953,val
10954,train
10955,train
10956,train
10957,val
10958,val
10959,test
10960,train
10961,train
10962,val
10963,train
10964,train
10965,train
10966,train
10967,val
10968,val
10969,train
10970,train
10971,val
10972,train
10973,train
10974,train
10975,test
10976,train
10977,test
10978,train
10979,train
10980,train
10981,train
10982,test
10983,val
10984,val
10985,test
10986,test
10987,train
10988,train
10989,val
10990,train
10991,test
10992,train
10993,train
10994,train
10995,val
10996,train
10997,train
10998,train
10999,train
11000,train
11001,train
11002,train
11003,val
11004,val
11005,train
11006,val
11007,train
11008,train
11009,train
11010,train
11011,train
11012,test
11013,train
11014,test
11015,test
11016,train
11017,train
11018,test
11019,train
11020,train
11021,val
11022,test
11023,val
11024,val
11025,train
11026,train
11027,train
11028,train
11029,val
11030,test
11031,test
11032,train
11033,train
11034,train
11035,test
11036,test
11037,train
11038,test
11039,test
11040,train
11041,val
11042,train
11043,train
11044,val
11045,val
11046,val
11047,train
11048,train
11049,test
11050,test
11051,train
11052,train
11053,val
11054,train
11055,train
11056,train
11057,test
11058,train
11059,train
11060,val
11061,val
11062,train
11063,train
11064,train
11065,val
11066,train
11067,train
11068,val
11069,train
11070,train
11071,train
11072,test
11073,test
11074,train
11075,train
11076,train
11077,train
11078,train
11079,train
11080,val
11081,train
11082,train
11083,train
11084,train
11085,val
11086,test
11087,train
11088,train
11089,test
11090,train
11091,train
11092,train
11093,train
11094,train
11095,train
11096,test
11097,val
11098,train
11099,train
11100,train
11101,train
11102,val
11103,train
11104,train
11105,val
11106,train
11107,test
11108,train
11109,test
11110,test
11111,train
11112,val
11113,train
11114,test
11115,train
11116,val
11117,test
11118,train
11119,train
11120,train
11121,train
11122,test
11123,train
11124,val
11125,test
11126,val
11127,train
11128,train
11129,train
11130,train
11131,train
11132,train
11133,train
11134,train
11135,train
11136,train
11137,test
11138,train
11139,test
11140,val
11141,train
11142,val
11143,val
11144,test
11145,train
11146,train
11147,train
11148,train
11149,val
11150,train
11151,train
11152,train
11153,val
11154,val
11155,val
11156,test
11157,test
11158,train
11159,val
11160,val
11161,train
11162,val
11163,val
11164,train
11165,val
11166,train
11167,train
11168,train
11169,train
11170,train
11171,train
11172,train
11173,val
11174,val
11175,test
11176,train
11177,val
11178,train
11179,train
11180,train
11181,train
11182,train
11183,train
11184,train
11185,train
11186,test
11187,val
11188,train
11189,train
11190,val
11191,val
11192,train
11193,train
11194,train
11195,train
11196,train
11197,train
11198,test
11199,train
11200,train
11201,test
11202,train
11203,train
11204,train
11205,val
11206,train
11207,train
11208,train
11209,test
11210,train
11211,train
11212,train
11213,train
11214,test
11215,val
11216,train
11217,train
11218,train
11219,train
11220,train
11221,train
11222,train
11223,test
11224,train
11225,test
11226,test
11227,test
11228,val
11229,train
11230,test
11231,train
11232,train
11233,train
11234,train
11235,val
11236,train
11237,test
11238,train
11239,train
11240,val
11241,test
11242,train
11243,train
11244,train
11245,train
11246,train
11247,val
11248,train
11249,train
11250,train
11251,train
11252,train
11253,val
11254,train
11255,test
11256,val
11257,test
11258,val
11259,train
11260,train
11261,train
11262,train
11263,val
11264,train
11265,val
11266,train
11267,train
11268,train
11269,train
11270,train
11271,train
11272,test
11273,train
11274,train
11275,val
11276,train
11277,test
11278,train
11279,train
11280,val
11281,val
11282,val
11283,test
11284,train
11285,train
11286,test
11287,train
11288,train
11289,train
11290,val
11291,train
11292,train
11293,train
11294,val
11295,test
11296,test
11297,test
11298,train
11299,test
11300,train
11301,train
11302,test
11303,train
11304,val
11305,test
11306,train
11307,train
11308,test
11309,train
11310,val
11311,train
11312,train
11313,test
11314,train
11315,train
11316,train
11317,val
11318,train
11319,val
11320,train
11321,val
11322,train
11323,test
11324,test
11325,train
11326,train
11327,test
11328,train
11329,train
11330,val
11331,val
11332,train
11333,train
11334,val
11335,val
11336,test
11337,train
11338,train
11339,train
11340,train
11341,train
11342,train
11343,train
11344,train
11345,val
11346,train
11347,train
11348,train
11349,train
11350,train
11351,val
11352,test
11353,train
11354,test
11355,train
11356,val
11357,train
11358,train
11359,train
11360,test
11361,train
11362,train
11363,train
11364,test
11365,test
11366,train
11367,train
11368,test
11369,train
11370,train
11371,train
11372,test
11373,train
11374,train
11375,train
11376,train
11377,train
11378,train
11379,train
11380,train
11381,train
11382,train
11383,val
11384,train
11385,test
11386,val
11387,train
11388,train
11389,test
11390,train
11391,test
11392,train
11393,train
11394,train
11395,train
11396,train
11397,train
11398,train
11399,val
11400,test
11401,val
11402,val
11403,train
11404,train
11405,train
11406,train
11407,test
11408,train
11409,train
11410,train
11411,test
11412,val
11413,train
11414,train
11415,val
11416,train
11417,train
11418,train
11419,train
11420,test
11421,train
11422,train
11423,train
11424,val
11425,train
11426,train
11427,train
11428,val
11429,train
11430,val
11431,test
11432,train
11433,train
11434,val
11435,train
11436,test
11437,val
11438,val
11439,train
11440,train
11441,train
11442,train
11443,test
11444,train
11445,train
11446,test
11447,train
11448,test
11449,train
11450,train
11451,train
11452,train
11453,train
11454,test
11455,train
11456,train
11457,val
11458,test
11459,test
11460,val
11461,test
11462,test
11463,train
11464,train
11465,train
11466,train
11467,train
11468,train
11469,test
11470,test
11471,val
11472,train
11473,val
11474,train
11475,val
11476,train
11477,val
11478,train
11479,train
11480,train
11481,train
11482,val
11483,train
11484,train
11485,val
11486,train
11487,test
11488,val
11489,train
11490,train
11491,train
11492,test
11493,val
11494,train
11495,train
11496,train
11497,train
11498,test
11499,test
11500,test
11501,test
11502,test
11503,train
11504,train
11505,train
11506,train
11507,train
11508,train
11509,train
11510,train
11511,train
11512,train
11513,train
11514,val
11515,train
11516,train
11517,val
11518,val
11519,train
11520,train
11521,val
11522,test
11523,train
11524,test
11525,val
11526,train
11527,train
11528,train
11529,val
11530,train
11531,test
11532,test
11533,train
11534,test
11535,test
11536,train
11537,val
11538,train
11539,test
11540,val
11541,train
11542,train
11543,train
11544,test
11545,train
11546,train
11547,train
11548,train
11549,train
11550,train
11551,train
11552,val
11553,val
11554,train
11555,test
11556,train
11557,train
11558,val
11559,train
11560,train
11561,train
11562,train
11563,train
11564,train
11565,train
11566,val
11567,train
11568,val
11569,val
11570,train
11571,train
11572,train
11573,val
11574,test
11575,train
11576,test
11577,train
11578,train
11579,test
11580,val
11581,val
11582,val
11583,train
11584,test
11585,train
11586,val
11587,train
11588,train
11589,train
11590,train
11591,train
11592,val
11593,train
11594,train
11595,test
11596,train
11597,val
11598,test
11599,train
11600,test
11601,train
11602,val
11603,test
11604,train
11605,test
11606,val
11607,train
11608,train
11609,train
11610,train
11611,val
11612,train
11613,train
11614,test
11615,train
11616,train
11617,train
11618,train
11619,train
11620,train
11621,train
11622,train
11623,train
11624,train
11625,test
11626,train
11627,val
11628,train
11629,test
11630,train
11631,train
11632,train
11633,train
11634,val
11635,test
11636,train
11637,train
11638,val
11639,train
11640,train
11641,test
11642,train
11643,train
11644,test
11645,val
11646,test
11647,train
11648,train
11649,train
11650,train
11651,test
11652,train
11653,val
11654,train
11655,train
11656,train
11657,train
11658,test
11659,train
11660,train
11661,train
11662,train
11663,train
11664,test
11665,train
11666,train
11667,train
11668,train
11669,val
11670,train
11671,train
11672,train
11673,test
11674,train
11675,train
11676,train
11677,train
11678,val
11679,train
11680,train
11681,val
11682,train
11683,train
11684,test
11685,train
11686,train
11687,val
11688,train
11689,test
11690,train
11691,train
11692,train
11693,train
11694,train
11695,train
11696,train
11697,val
11698,val
11699,train
11700,train
11701,train
11702,train
11703,train
11704,val
11705,train
11706,test
11707,train
11708,val
11709,train
11710,val
11711,val
11712,train
11713,train
11714,train
11715,train
11716,test
11717,val
11718,train
11719,train
11720,train
11721,train
11722,train
11723,train
11724,train
11725,train
11726,val
11727,test
11728,train
11729,val
11730,val
11731,train
11732,test
11733,val
11734,train
11735,train
11736,train
11737,train
11738,train
11739,train
11740,test
11741,train
11742,train
11743,train
11744,test
11745,train
11746,train
11747,train
11748,train
11749,train
11750,test
11751,train
11752,val
11753,test
11754,train
11755,train
11756,train
11757,val
11758,val
11759,train
11760,val
11761,train
11762,train
11763,train
11764,train
11765,train
11766,train
11767,train
11768,train
11769,train
11770,test
11771,train
11772,train
11773,train
11774,test
11775,test
11776,train
11777,train
11778,train
11779,train
11780,train
11781,train
11782,train
11783,train
11784,train
11785,train
11786,train
11787,val
11788,train
11789,train
11790,train
11791,test
11792,train
11793,train
11794,train
11795,train
11796,val
11797,test
11798,val
11799,train
11800,train
11801,val
11802,train
11803,test
11804,test
11805,train
11806,train
11807,train
11808,train
11809,test
11810,train
11811,val
11812,val
11813,val
11814,train
11815,train
11816,test
11817,train
11818,val
11819,train
11820,train
11821,val
11822,train
11823,test
11824,test
11825,test
11826,train
11827,val
11828,train
11829,val
11830,train
11831,val
11832,train
11833,val
11834,test
11835,train
11836,train
11837,train
11838,train
11839,val
11840,test
11841,val
11842,val
11843,train
11844,test
11845,train
11846,train
11847,test
11848,train
11849,train
11850,train
11851,val
11852,train
11853,test
11854,val
11855,test
11856,train
11857,test
11858,val
11859,val
11860,train
11861,train
11862,train
11863,train
11864,train
11865,val
11866,train
11867,train
11868,val
11869,train
11870,val
11871,val
11872,val
11873,train
11874,train
11875,train
11876,train
11877,train
11878,train
11879,train
11880,train
11881,test
11882,train
11883,train
11884,train
11885,train
11886,train
11887,train
11888,train
11889,train
11890,train
11891,train
11892,test
11893,val
11894,test
11895,train
11896,train
11897,val
11898,train
11899,test
11900,train
11901,train
11902,train
11903,train
11904,train
11905,test
11906,test
11907,train
11908,train
11909,train
11910,train
11911,train
11912,train
11913,train
11914,test
11915,train
11916,val
11917,train
11918,train
11919,val
11920,test
11921,train
11922,test
11923,train
11924,val
11925,val
11926,train
11927,test
11928,train
11929,test
11930,train
11931,test
11932,train
11933,train
11934,train
11935,val
11936,train
11937,test
11938,val
11939,train
11940,train
11941,train
11942,test
11943,train
11944,train
11945,train
11946,val
11947,test
11948,test
11949,train
11950,train
11951,test
11952,train
11953,train
11954,train
11955,test
11956,train
11957,test
11958,test
11959,val
11960,val
11961,test
11962,train
11963,val
11964,train
11965,train
11966,val
11967,test
11968,train
11969,train
11970,train
11971,train
11972,val
11973,train
11974,test
11975,train
11976,train
11977,test
11978,val
11979,val
11980,train
11981,train
11982,train
11983,val
11984,train
11985,test
11986,train
11987,train
11988,val
11989,val
11990,train
11991,val
11992,train
11993,val
11994,train
11995,val
11996,train
11997,test
11998,train
11999,train
12000,val
12001,test
12002,train
12003,val
12004,train
12005,test
12006,test
12007,test
12008,train
12009,val
12010,train
12011,train
12012,test
12013,train
12014,train
12015,train
12016,train
12017,val
12018,test
12019,train
12020,test
12021,train
12022,val
12023,train
12024,train
12025,train
12026,train
12027,val
12028,train
12029,val
12030,train
12031,val
12032,test
12033,train
12034,val
12035,train
12036,val
12037,val
12038,train
12039,test
12040,train
12041,test
12042,test
12043,train
12044,train
12045,test
12046,train
12047,train
12048,train
12049,train
12050,val
12051,val
12052,test
12053,test
12054,val
12055,train
12056,val
12057,test
12058,val
12059,train
12060,test
12061,train
12062,train
12063,val
12064,train
12065,train
12066,test
12067,train
12068,train
12069,val
12070,train
12071,train
12072,train
12073,test
12074,train
12075,train
12076,train
12077,val
12078,test
12079,val
12080,val
12081,test
12082,train
12083,val
12084,train
12085,train
12086,train
12087,train
12088,test
12089,train
12090,train
12091,train
12092,val
12093,val
12094,train
12095,train
12096,test
12097,val
12098,train
12099,test
12100,val
12101,train
12102,val
12103,train
12104,val
12105,train
12106,val
12107,test
12108,train
12109,train
12110,val
12111,train
12112,train
12113,train
12114,train
12115,test
12116,train
12117,train
12118,train
12119,train
12120,train
12121,val
12122,train
12123,train
12124,test
12125,train
12126,train
12127,train
12128,train
12129,test
12130,train
12131,train
12132,train
12133,train
12134,train
12135,train
12136,train
12137,train
12138,test
12139,test
12140,val
12141,test
12142,val
12143,train
12144,train
12145,train
12146,val
12147,train
12148,train
12149,train
12150,train
12151,val
12152,test
12153,test
12154,test
12155,val
12156,train
12157,train
12158,train
12159,test
12160,train
12161,train
12162,val
12163,val
12164,train
12165,train
12166,val
12167,train
12168,train
12169,train
12170,test
12171,test
12172,train
12173,train
12174,test
12175,train
12176,test
12177,val
12178,train
12179,train
12180,val
12181,train
12182,train
12183,train
12184,train
12185,val
12186,val
12187,test
12188,test
12189,train
12190,test
12191,train
12192,test
12193,test
12194,train
12195,train
12196,train
12197,train
12198,train
12199,train
12200,train
12201,test
12202,val
12203,val
12204,train
12205,train
12206,train
12207,test
12208,train
12209,train
12210,train
12211,test
12212,train
12213,val
12214,val
12215,test
12216,val
12217,val
12218,test
12219,train
12220,val
12221,test
12222,train
12223,train
12224,val
12225,train
12226,train
12227,train
12228,train
12229,test
12230,val
12231,train
12232,train
12233,test
12234,train
12235,test
12236,test
12237,train
12238,val
12239,train
12240,train
12241,train
12242,train
12243,train
12244,train
12245,train
12246,test
12247,val
12248,train
12249,val
12250,train
12251,test
12252,train
12253,test
12254,train
12255,test
12256,val
12257,train
12258,train
12259,val
12260,test
12261,train
12262,train
12263,val
12264,train
12265,train
12266,val
12267,val
12268,train
12269,train
12270,val
12271,test
12272,test
12273,val
12274,train
12275,test
12276,train
12277,train
12278,train
12279,train
12280,test
12281,train
12282,val
12283,val
12284,train
12285,test
12286,train
12287,test
12288,train
12289,train
12290,val
12291,val
12292,train
12293,train
12294,val
12295,test
12296,val
12297,train
12298,val
12299,train
12300,val
12301,train
12302,val
12303,train
12304,train
12305,train
12306,train
12307,test
12308,val
12309,train
12310,train
12311,train
12312,test
12313,train
12314,train
12315,test
12316,test
12317,test
12318,train
12319,val
12320,train
12321,train
12322,train
12323,test
12324,val
12325,train
12326,train
12327,train
12328,train
12329,train
12330,val
12331,train
12332,train
12333,train
12334,train
12335,train
12336,val
12337,test
12338,train
12339,train
12340,test
12341,test
12342,val
12343,train
12344,train
12345,train
12346,train
12347,train
12348,val
12349,train
12350,train
12351,train
12352,train
12353,train
12354,test
12355,train
12356,train
12357,train
12358,train
12359,val
12360,train
12361,train
12362,val
12363,test
12364,train
12365,train
12366,val
12367,test
12368,train
12369,train
12370,train
12371,train
12372,train
12373,train
12374,train
12375,train
12376,train
12377,train
12378,train
12379,test
12380,train
12381,train
12382,train
12383,train
12384,test
12385,train
12386,train
12387,test
12388,train
12389,train
12390,train
12391,train
12392,train
12393,train
12394,train
12395,train
12396,train
12397,test
12398,train
12399,train
12400,train
12401,test
12402,val
12403,train
12404,train
12405,train
12406,val
12407,val
12408,test
12409,test
12410,train
12411,train
12412,val
12413,test
12414,train
12415,train
12416,train
12417,test
12418,val
12419,val
12420,train
12421,train
12422,train
12423,train
12424,test
12425,train
12426,val
12427,train
12428,train
12429,train
12430,train
12431,val
12432,val
12433,train
12434,val
12435,train
12436,train
12437,train
12438,train
12439,test
12440,val
12441,val
12442,train
12443,train
12444,train
12445,val
12446,val
12447,val
12448,train
12449,train
12450,test
12451,train
12452,train
12453,train
12454,train
12455,train
12456,val
12457,val
12458,val
12459,test
12460,test
12461,test
12462,train
12463,train
12464,val
12465,train
12466,test
12467,train
12468,train
12469,test
12470,train
12471,val
12472,val
12473,test
12474,train
12475,val
12476,train
12477,test
12478,train
12479,test
12480,val
12481,train
12482,val
12483,val
12484,train
12485,test
12486,train
12487,train
12488,train
12489,test
12490,train
12491,val
12492,test
12493,train
12494,train
12495,train
12496,val
12497,train
12498,train
12499,test
12500,train
12501,val
12502,train
12503,train
12504,test
12505,train
12506,test
12507,test
12508,train
12509,test
12510,test
12511,val
12512,val
12513,test
12514,train
12515,train
12516,train
12517,train
12518,test
12519,train
12520,train
12521,train
12522,train
12523,test
12524,train
12525,train
12526,train
12527,train
12528,test
12529,test
12530,test
12531,train
12532,train
12533,val
12534,val
12535,train
12536,train
12537,train
12538,train
12539,train
12540,train
12541,test
12542,train
12543,test
12544,val
12545,test
12546,train
12547,train
12548,test
12549,val
12550,test
12551,train
12552,test
12553,test
12554,train
12555,train
12556,train
12557,train
12558,val
12559,train
12560,train
12561,train
12562,train
12563,train
12564,train
12565,test
12566,train
12567,train
12568,train
12569,train
12570,train
12571,train
12572,test
12573,train
12574,train
12575,train
12576,test
12577,val
12578,val
12579,val
12580,train
12581,train
12582,test
12583,train
12584,train
12585,test
12586,val
12587,test
12588,val
12589,test
12590,train
12591,train
12592,train
12593,train
12594,test
12595,test
12596,test
12597,train
12598,train
12599,val
12600,test
12601,train
12602,train
12603,test
12604,val
12605,train
12606,train
12607,train
12608,train
12609,train
12610,train
12611,val
12612,test
12613,train
12614,train
12615,test
12616,train
12617,train
12618,train
12619,train
12620,train
12621,train
12622,train
12623,train
12624,train
12625,train
12626,train
12627,test
12628,val
12629,train
12630,train
12631,val
12632,test
12633,train
12634,train
12635,train
12636,val
12637,val
12638,val
12639,train
12640,train
12641,train
12642,test
12643,test
12644,train
12645,val
12646,train
12647,train
12648,train
12649,train
12650,train
12651,test
12652,val
12653,train
12654,train
12655,train
12656,train
12657,val
12658,train
12659,train
12660,train
12661,train
12662,train
12663,train
12664,test
12665,train
12666,val
12667,val
12668,test
12669,train
12670,train
12671,train
12672,val
12673,train
12674,train
12675,val
12676,train
12677,train
12678,val
12679,train
12680,val
12681,train
12682,train
12683,val
12684,test
12685,train
12686,train
12687,train
12688,train
12689,train
12690,train
12691,train
12692,train
12693,val
12694,train
12695,train
12696,val
12697,test
12698,train
12699,train
12700,val
12701,train
12702,val
12703,val
12704,train
12705,train
12706,test
12707,train
12708,train
12709,test
12710,test
12711,train
12712,train
12713,val
12714,train
12715,train
12716,train
12717,train
12718,val
12719,train
12720,train
12721,train
12722,train
12723,train
12724,train
12725,val
12726,val
12727,val
12728,val
12729,train
12730,val
12731,test
12732,train
12733,val
12734,train
12735,train
12736,train
12737,train
12738,val
12739,test
12740,train
12741,train
12742,test
12743,val
12744,train
12745,test
12746,train
12747,train
12748,train
12749,test
12750,train
12751,train
12752,test
12753,train
12754,train
12755,train
12756,test
12757,train
12758,val
12759,val
12760,train
12761,test
12762,train
12763,train
12764,train
12765,train
12766,train
12767,val
12768,val
12769,train
12770,test
12771,train
12772,train
12773,train
12774,train
12775,train
12776,train
12777,train
12778,train
12779,val
12780,test
12781,test
12782,val
12783,test
12784,train
12785,test
12786,val
12787,train
12788,train
12789,val
12790,val
12791,train
12792,train
12793,test
12794,val
12795,val
12796,train
12797,train
12798,train
12799,train
12800,val
12801,test
12802,test
12803,train
12804,train
12805,train
12806,train
12807,val
12808,val
12809,train
12810,train
12811,train
12812,train
12813,train
12814,train
12815,val
12816,test
12817,train
12818,val
12819,train
12820,val
12821,train
12822,train
12823,train
12824,val
12825,val
12826,train
12827,train
12828,train
12829,train
12830,train
12831,train
12832,train
12833,test
12834,train
12835,test
12836,test
12837,train
12838,test
12839,train
12840,train
12841,train
12842,val
12843,train
12844,train
12845,train
12846,test
12847,train
12848,test
12849,val
12850,test
12851,train
12852,train
12853,val
12854,train
12855,test
12856,train
12857,val
12858,val
12859,test
12860,train
12861,train
12862,test
12863,test
12864,train
12865,test
12866,train
12867,test
12868,train
12869,test
12870,train
12871,test
12872,train
12873,train
12874,test
12875,val
12876,val
12877,train
12878,val
12879,train
12880,test
12881,train
12882,train
12883,train
12884,test
12885,train
12886,train
12887,test
12888,train
12889,val
12890,train
12891,train
12892,train
12893,train
12894,val
12895,train
12896,test
12897,val
12898,train
12899,train
12900,train
12901,train
12902,train
12903,train
12904,train
12905,val
12906,test
12907,test
12908,train
12909,train
12910,train
12911,test
12912,test
12913,train
12914,val
12915,train
12916,val
12917,train
12918,train
12919,test
12920,test
12921,train
12922,train
12923,train
12924,train
12925,train
12926,train
12927,val
12928,train
12929,train
12930,test
12931,train
12932,test
12933,train
12934,val
12935,train
12936,train
12937,train
12938,val
12939,train
12940,train
12941,train
12942,val
12943,val
12944,train
12945,test
12946,test
12947,val
12948,val
12949,train
12950,test
12951,test
12952,train
12953,train
12954,test
12955,test
12956,test
12957,test
12958,train
12959,train
12960,train
12961,test
12962,train
12963,train
12964,train
12965,train
12966,train
12967,val
12968,train
12969,train
12970,test
12971,train
12972,train
12973,train
12974,val
12975,train
12976,train
12977,test
12978,train
12979,train
12980,test
12981,train
12982,val
12983,train
12984,val
12985,val
12986,val
12987,train
12988,val
12989,val
12990,val
12991,train
12992,train
12993,test
12994,train
12995,val
12996,test
12997,val
12998,train
12999,train
13000,train
13001,train
13002,test
13003,train
13004,test
13005,train
13006,test
13007,train
13008,train
13009,val
13010,test
13011,train
13012,train
13013,train
13014,train
13015,test
13016,test
13017,train
13018,test
13019,test
13020,val
13021,train
13022,test
13023,val
13024,train
13025,val
13026,train
13027,train
13028,train
13029,train
13030,val
13031,val
13032,train
13033,train
13034,train
13035,test
13036,val
13037,train
13038,train
13039,train
13040,test
13041,train
13042,train
13043,test
13044,train
13045,val
13046,train
13047,train
13048,val
13049,train
13050,train
13051,train
13052,test
13053,train
13054,test
13055,val
13056,train
13057,train
13058,train
13059,val
13060,train
13061,train
13062,train
13063,train
13064,train
13065,train
13066,train
13067,test
13068,test
13069,train
13070,train
13071,train
13072,train
13073,test
13074,train
13075,train
13076,train
13077,val
13078,train
13079,train
13080,train
13081,test
13082,train
13083,train
13084,train
13085,train
13086,train
13087,train
13088,train
13089,train
13090,train
13091,train
13092,train
13093,train
13094,test
13095,train
13096,train
13097,train
13098,train
13099,train
13100,train
13101,test
13102,test
13103,train
13104,train
13105,val
13106,train
13107,train
13108,val
13109,val
13110,train
13111,val
13112,train
13113,test
13114,val
13115,train
13116,test
13117,train
13118,train
13119,train
13120,train
13121,test
13122,val
13123,val
13124,test
13125,test
13126,train
13127,val
13128,train
13129,val
13130,train
13131,train
13132,test
13133,train
13134,train
13135,train
13136,test
13137,val
13138,train
13139,val
13140,test
13141,train
13142,train
13143,test
13144,test
13145,test
13146,train
13147,train
13148,val
13149,train
13150,val
13151,train
13152,test
13153,train
13154,train
13155,train
13156,train
13157,val
13158,train
13159,test
13160,val
13161,test
13162,train
13163,train
13164,val
13165,train
13166,test
13167,val
13168,test
13169,train
13170,train
13171,test
13172,train
13173,train
13174,test
13175,train
13176,test
13177,test
13178,train
13179,test
13180,train
13181,train
13182,train
13183,test
13184,train
13185,train
13186,train
13187,train
13188,train
13189,train
13190,train
13191,test
13192,test
13193,train
13194,train
13195,train
13196,train
13197,train
13198,train
13199,train
13200,test
13201,train
13202,train
13203,train
13204,train
13205,test
13206,test
13207,train
13208,train
13209,val
13210,train
13211,train
13212,val
13213,val
13214,test
13215,train
13216,val
13217,train
13218,test
13219,train
13220,train
13221,test
13222,val
13223,train
13224,train
13225,test
13226,train
13227,train
13228,train
13229,train
13230,train
13231,train
13232,train
13233,train
13234,val
13235,train
13236,train
13237,test
13238,val
13239,train
13240,test
13241,train
13242,val
13243,train
13244,val
13245,train
13246,test
13247,train
13248,val
13249,test
13250,train
13251,train
13252,test
13253,test
13254,train
13255,train
13256,train
13257,train
13258,test
13259,train
13260,val
13261,test
13262,train
13263,val
13264,train
13265,train
13266,val
13267,test
13268,test
13269,val
13270,train
13271,test
13272,train
13273,val
13274,train
13275,train
13276,train
13277,train
13278,test
13279,val
13280,train
13281,train
13282,train
13283,train
13284,train
13285,train
13286,train
13287,train
13288,val
13289,train
13290,train
13291,train
13292,test
13293,test
13294,test
13295,train
13296,train
13297,train
13298,train
13299,test
13300,train
13301,train
13302,train
13303,train
13304,train
13305,train
13306,test
13307,train
13308,val
13309,train
13310,val
13311,test
13312,train
13313,train
13314,test
13315,val
13316,train
13317,train
13318,train
13319,test
13320,train
13321,test
13322,train
13323,test
13324,train
13325,train
13326,val
13327,train
13328,val
13329,train
13330,train
13331,train
13332,val
13333,val
13334,train
13335,val
13336,test
13337,train
13338,val
13339,val
13340,train
13341,train
13342,test
13343,train
13344,val
13345,test
13346,train
13347,train
13348,train
13349,train
13350,train
13351,train
13352,train
13353,train
13354,val
13355,train
13356,train
13357,val
13358,train
13359,train
13360,val
13361,train
13362,test
13363,train
13364,val
13365,val
13366,train
13367,train
13368,train
13369,test
13370,train
13371,train
13372,val
13373,train
13374,train
13375,train
13376,train
13377,train
13378,test
13379,train
13380,train
13381,val
13382,train
13383,train
13384,train
13385,train
13386,test
13387,train
13388,val
13389,train
13390,val
13391,train
13392,train
13393,train
13394,train
13395,val
13396,train
13397,train
13398,train
13399,train
13400,test
13401,val
13402,val
13403,train
13404,test
13405,train
13406,val
13407,train
13408,train
13409,train
13410,test
13411,train
13412,val
13413,val
13414,train
13415,test
13416,test
13417,train
13418,train
13419,train
13420,test
13421,train
13422,train
13423,train
13424,train
13425,train
13426,test
13427,test
13428,train
13429,train
13430,test
13431,train
13432,test
13433,train
13434,val
13435,train
13436,train
13437,test
13438,test
13439,val
13440,train
13441,train
13442,train
13443,train
13444,train
13445,train
13446,train
13447,test
13448,train
13449,train
13450,train
13451,train
13452,train
13453,train
13454,val
13455,train
13456,test
13457,test
13458,val
13459,train
13460,train
13461,train
13462,train
13463,train
13464,val
13465,test
13466,train
13467,test
13468,train
13469,train
13470,test
13471,train
13472,train
13473,test
13474,train
13475,test
13476,test
13477,train
13478,train
13479,train
13480,train
13481,test
13482,test
13483,val
13484,train
13485,val
13486,test
13487,val
13488,train
13489,train
13490,train
13491,val
13492,train
13493,test
13494,train
13495,test
13496,train
13497,train
13498,train
13499,val
13500,train
13501,test
13502,test
13503,train
13504,train
13505,test
13506,train
13507,train
13508,val
13509,train
13510,train
13511,test
13512,train
13513,train
13514,train
13515,val
13516,train
13517,train
13518,train
13519,train
13520,val
13521,train
13522,train
13523,test
13524,train
13525,train
13526,train
13527,val
13528,train
13529,test
13530,val
13531,train
13532,train
13533,test
13534,train
13535,train
13536,train
13537,val
13538,train
13539,val
13540,train
13541,train
13542,test
13543,test
13544,test
13545,train
13546,train
13547,train
13548,val
13549,test
13550,train
13551,train
13552,test
13553,train
13554,train
13555,train
13556,train
13557,train
13558,train
13559,val
13560,test
13561,train
13562,train
13563,val
13564,train
13565,train
13566,val
13567,train
13568,train
13569,test
13570,val
13571,val
13572,train
13573,train
13574,train
13575,train
13576,train
13577,val
13578,train
13579,test
13580,train
13581,train
13582,train
13583,val
13584,train
13585,train
13586,train
13587,val
13588,train
13589,train
13590,train
13591,train
13592,train
13593,train
13594,test
13595,train
13596,test
13597,train
13598,val
13599,train
13600,train
13601,train
13602,train
13603,val
13604,test
13605,train
13606,train
13607,train
13608,train
13609,val
13610,test
13611,train
13612,train
13613,test
13614,val
13615,val
13616,val
13617,val
13618,val
13619,train
13620,train
13621,train
13622,test
13623,train
13624,val
13625,test
13626,train
13627,test
13628,train
13629,train
13630,train
13631,train
13632,test
13633,test
13634,train
13635,train
13636,test
13637,train
13638,train
13639,train
13640,train
13641,train
13642,val
13643,val
13644,val
13645,train
13646,test
13647,train
13648,train
13649,train
13650,test
13651,train
13652,train
13653,val
13654,test
13655,train
13656,test
13657,train
13658,test
13659,val
13660,test
13661,test
13662,train
13663,val
13664,train
13665,val
13666,train
13667,train
13668,train
13669,test
13670,train
13671,train
13672,train
13673,train
13674,train
13675,train
13676,val
13677,train
13678,train
13679,train
13680,train
13681,train
13682,test
13683,train
13684,train
13685,train
13686,train
13687,train
13688,test
13689,train
13690,test
13691,test
13692,val
13693,train
13694,train
13695,val
13696,train
13697,train
13698,test
13699,train
13700,train
13701,train
13702,val
13703,train
13704,train
13705,train
13706,train
13707,val
13708,val
13709,val
13710,train
13711,train
13712,val
13713,train
13714,train
13715,test
13716,test
13717,train
13718,val
13719,val
13720,test
13721,train
13722,train
13723,train
13724,test
13725,train
13726,train
13727,train
13728,test
13729,train
13730,train
13731,test
13732,val
13733,train
13734,test
13735,val
13736,train
13737,train
13738,val
13739,test
13740,test
13741,train
13742,train
13743,train
13744,val
13745,train
13746,train
13747,train
13748,train
13749,test
13750,val
13751,train
13752,test
13753,train
13754,test
13755,train
13756,train
13757,val
13758,train
13759,train
13760,test
13761,train
13762,test
13763,train
13764,train
13765,train
13766,test
13767,test
13768,train
13769,val
13770,train
13771,test
13772,test
13773,test
13774,train
13775,test
13776,val
13777,train
13778,test
13779,train
13780,test
13781,train
13782,train
13783,train
13784,train
13785,train
13786,train
13787,val
13788,val
13789,val
13790,test
13791,train
13792,val
13793,train
13794,train
13795,test
13796,train
13797,train
13798,train
13799,train
13800,train
13801,train
13802,train
13803,train
13804,train
13805,train
13806,test
13807,test
13808,test
13809,val
13810,test
13811,train
13812,train
13813,test
13814,test
13815,train
13816,test
13817,val
13818,val
13819,train
13820,val
13821,train
13822,train
13823,val
13824,train
13825,val
13826,train
13827,val
13828,val
13829,val
13830,train
13831,test
13832,test
13833,train
13834,train
13835,test
13836,train
13837,test
13838,train
13839,test
13840,train
13841,train
13842,train
13843,train
13844,val
13845,train
13846,train
13847,train
13848,train
13849,test
13850,val
13851,train
13852,val
13853,train
13854,val
13855,train
13856,test
13857,train
13858,train
13859,test
13860,test
13861,val
13862,train
13863,train
13864,train
13865,train
13866,val
13867,val
13868,train
13869,train
13870,train
13871,train
13872,train
13873,test
13874,val
13875,train
13876,val
13877,train
13878,train
13879,train
13880,val
13881,train
13882,train
13883,train
13884,test
13885,test
13886,val
13887,test
13888,train
13889,test
13890,train
13891,val
13892,train
13893,train
13894,train
13895,train
13896,test
13897,val
13898,val
13899,test
13900,val
13901,train
13902,train
13903,val
13904,train
13905,val
13906,train
13907,val
13908,test
13909,train
13910,test
13911,train
13912,test
13913,train
13914,val
13915,train
13916,val
13917,val
13918,train
13919,val
13920,train
13921,train
13922,train
13923,train
13924,val
13925,train
13926,train
13927,val
13928,test
13929,val
13930,test
13931,train
13932,train
13933,test
13934,train
13935,train
13936,train
13937,val
13938,test
13939,train
13940,train
13941,val
13942,test
13943,train
13944,test
13945,test
13946,train
13947,train
13948,train
13949,test
13950,test
13951,val
13952,train
13953,test
13954,train
13955,train
13956,train
13957,val
13958,val
13959,train
13960,train
13961,test
13962,test
13963,val
13964,val
13965,test
13966,train
13967,train
13968,train
13969,test
13970,train
13971,val
13972,val
13973,test
13974,val
13975,train
13976,train
13977,val
13978,test
13979,train
13980,train
13981,val
13982,train
13983,train
13984,train
13985,val
13986,val
13987,train
13988,val
13989,train
13990,val
13991,test
13992,train
13993,val
13994,train
13995,train
13996,train
13997,train
13998,train
13999,train
14000,val
14001,train
14002,test
14003,train
14004,train
14005,val
14006,train
14007,train
14008,test
14009,train
14010,test
14011,val
14012,train
14013,train
14014,train
14015,test
14016,test
14017,train
14018,val
14019,val
14020,train
14021,train
14022,train
14023,train
14024,train
14025,test
14026,train
14027,train
14028,val
14029,train
14030,train
14031,train
14032,train
14033,val
14034,train
14035,train
14036,val
14037,train
14038,test
14039,train
14040,train
14041,train
14042,train
14043,test
14044,train
14045,val
14046,test
14047,train
14048,test
14049,val
14050,train
14051,test
14052,train
14053,val
14054,val
14055,val
14056,train
14057,test
14058,train
14059,train
14060,test
14061,train
14062,test
14063,train
14064,train
14065,train
14066,train
14067,train
14068,train
14069,val
14070,val
14071,test
14072,test
14073,test
14074,test
14075,train
14076,train
14077,train
14078,train
14079,test
14080,train
14081,train
14082,test
14083,train
14084,val
14085,train
14086,train
14087,train
14088,train
14089,train
14090,train
14091,train
14092,train
14093,train
14094,train
14095,train
14096,test
14097,test
14098,train
14099,train
14100,val
14101,val
14102,train
14103,train
14104,train
14105,test
14106,train
14107,train
14108,train
14109,train
14110,train
14111,train
14112,train
14113,test
14114,train
14115,train
14116,val
14117,train
14118,val
14119,test
14120,test
14121,test
14122,train
14123,test
14124,train
14125,train
14126,train
14127,val
14128,train
14129,train
14130,train
14131,train
14132,val
14133,train
14134,train
14135,train
14136,train
14137,train
14138,test
14139,train
14140,val
14141,test
14142,test
14143,train
14144,train
14145,train
14146,train
14147,val
14148,train
14149,train
14150,train
14151,train
14152,val
14153,test
14154,val
14155,test
14156,train
14157,train
14158,train
14159,train
14160,train
14161,train
14162,train
14163,train
14164,val
14165,train
14166,val
14167,train
14168,val
14169,test
14170,train
14171,train
14172,train
14173,train
14174,train
14175,test
14176,train
14177,train
14178,val
14179,val
14180,test
14181,test
14182,train
14183,test
14184,train
14185,train
14186,train
14187,train
14188,train
14189,train
14190,train
14191,train
14192,train
14193,train
14194,test
14195,train
14196,train
14197,train
14198,train
14199,train
14200,train
14201,train
14202,train
14203,val
14204,val
14205,val
14206,train
14207,train
14208,train
14209,train
14210,test
14211,train
14212,test
14213,train
14214,val
14215,test
14216,train
14217,val
14218,train
14219,train
14220,train
14221,val
14222,train
14223,test
14224,test
14225,val
14226,test
14227,train
14228,test
14229,train
14230,train
14231,train
14232,train
14233,train
14234,train
14235,test
14236,train
14237,train
14238,test
14239,train
14240,train
14241,val
14242,train
14243,train
14244,train
14245,train
14246,train
14247,train
14248,train
14249,test
14250,train
14251,val
14252,test
14253,train
14254,train
14255,val
14256,val
14257,val
14258,test
14259,train
14260,val
14261,train
14262,train
14263,train
14264,test
14265,train
14266,train
14267,train
14268,train
14269,train
14270,train
14271,val
14272,test
14273,train
14274,train
14275,train
14276,train
14277,test
14278,val
14279,val
14280,val
14281,train
14282,train
14283,train
14284,test
14285,test
14286,train
14287,test
14288,train
14289,test
14290,test
14291,train
14292,val
14293,val
14294,train
14295,train
14296,train
14297,test
14298,train
14299,train
14300,train
14301,test
14302,train
14303,train
14304,test
14305,train
14306,val
14307,train
14308,train
14309,train
14310,val
14311,train
14312,train
14313,train
14314,train
14315,train
14316,test
14317,val
14318,train
14319,train
14320,train
14321,train
14322,val
14323,train
14324,val
14325,train
14326,train
14327,train
14328,train
14329,val
14330,test
14331,test
14332,val
14333,val
14334,train
14335,train
14336,train
14337,train
14338,val
14339,train
14340,train
14341,train
14342,test
14343,train
14344,train
14345,train
14346,train
14347,test
14348,val
14349,train
14350,train
14351,train
14352,train
14353,train
14354,train
14355,train
14356,train
14357,train
14358,train
14359,train
14360,test
14361,test
14362,test
14363,train
14364,test
14365,train
14366,train
14367,val
14368,val
14369,train
14370,train
14371,train
14372,train
14373,test
14374,val
14375,val
14376,train
14377,train
14378,train
14379,train
14380,train
14381,train
14382,val
14383,train
14384,train
14385,val
14386,train
14387,train
14388,train
14389,val
14390,test
14391,val
14392,test
14393,test
14394,test
14395,train
14396,test
14397,train
14398,train
14399,test
14400,val
14401,val
14402,train
14403,train
14404,train
14405,train
14406,val
14407,train
14408,train
14409,val
14410,train
14411,train
14412,train
14413,val
14414,train
14415,train
14416,val
14417,train
14418,train
14419,train
14420,test
14421,test
14422,test
14423,train
14424,train
14425,train
14426,val
14427,test
14428,train
14429,train
14430,val
14431,test
14432,train
14433,test
14434,val
14435,train
14436,train
14437,train
14438,train
14439,train
14440,train
14441,train
14442,train
14443,train
14444,train
14445,train
14446,train
14447,train
14448,train
14449,train
14450,train
14451,val
14452,train
14453,test
14454,train
14455,train
14456,test
14457,train
14458,test
14459,test
14460,train
14461,train
14462,train
14463,val
14464,val
14465,train
14466,test
14467,train
14468,val
14469,train
14470,val
14471,val
14472,train
14473,test
14474,val
14475,val
14476,val
14477,train
14478,train
14479,train
14480,train
14481,test
14482,train
14483,val
14484,test
14485,val
14486,train
14487,train
14488,test
14489,test
14490,train
14491,train
14492,train
14493,val
14494,train
14495,train
14496,train
14497,train
14498,train
14499,test
14500,val
14501,train
14502,train
14503,train
14504,train
14505,train
14506,train
14507,val
14508,test
14509,train
14510,val
14511,val
14512,train
14513,train
14514,train
14515,val
14516,train
14517,train
14518,train
14519,train
14520,train
14521,train
14522,train
14523,train
14524,val
14525,test
14526,test
14527,test
14528,train
14529,train
14530,train
14531,train
14532,test
14533,train
14534,train
14535,train
14536,train
14537,train
14538,train
14539,val
14540,train
14541,val
14542,train
14543,val
14544,train
14545,train
14546,test
14547,train
14548,train
14549,val
14550,val
14551,test
14552,train
14553,train
14554,train
14555,val
14556,val
14557,train
14558,val
14559,test
14560,train
14561,train
14562,test
14563,train
14564,val
14565,test
14566,train
14567,test
14568,train
14569,train
14570,train
14571,val
14572,test
14573,train
14574,val
14575,val
14576,test
14577,train
14578,train
14579,train
14580,train
14581,train
14582,test
14583,val
14584,train
14585,train
14586,test
14587,train
14588,test
14589,train
14590,train
14591,train
14592,train
14593,train
14594,train
14595,val
14596,test
14597,test
14598,train
14599,test
14600,val
14601,train
14602,train
14603,train
14604,train
14605,train
14606,train
14607,train
14608,val
14609,train
14610,val
14611,test
14612,train
14613,val
14614,train
14615,test
14616,val
14617,train
14618,train
14619,train
14620,train
14621,test
14622,val
14623,train
14624,train
14625,train
14626,train
14627,val
14628,train
14629,test
14630,train
14631,test
14632,test
14633,train
14634,train
14635,test
14636,test
14637,test
14638,train
14639,train
14640,train
14641,train
14642,train
14643,val
14644,train
14645,test
14646,train
14647,test
14648,val
14649,test
14650,train
14651,val
14652,val
14653,train
14654,test
14655,train
14656,train
14657,train
14658,train
14659,train
14660,train
14661,test
14662,train
14663,train
14664,train
14665,train
14666,test
14667,test
14668,train
14669,test
14670,train
14671,val
14672,train
14673,test
14674,train
14675,test
14676,train
14677,val
14678,train
14679,val
14680,train
14681,val
14682,train
14683,train
14684,test
14685,train
14686,train
14687,test
14688,train
14689,test
14690,test
14691,test
14692,test
14693,val
14694,val
14695,train
14696,test
14697,train
14698,test
14699,test
14700,test
14701,val
14702,train
14703,test
14704,test
14705,train
14706,train
14707,test
14708,train
14709,train
14710,train
14711,test
14712,train
14713,train
14714,train
14715,train
14716,train
14717,val
14718,train
14719,train
14720,train
14721,val
14722,train
14723,val
14724,test
14725,test
14726,test
14727,train
14728,train
14729,test
14730,train
14731,train
14732,test
14733,val
14734,train
14735,val
14736,train
14737,train
14738,test
14739,test
14740,val
14741,train
14742,test
14743,test
14744,train
14745,train
14746,train
14747,val
14748,train
14749,train
14750,val
14751,test
14752,train
14753,val
14754,test
14755,test
14756,test
14757,train
14758,test
14759,train
14760,train
14761,train
14762,val
14763,train
14764,val
14765,train
14766,train
14767,test
14768,train
14769,train
14770,train
14771,train
14772,val
14773,train
14774,train
14775,train
14776,test
14777,train
14778,train
14779,train
14780,train
14781,train
14782,train
14783,train
14784,test
14785,train
14786,val
14787,train
14788,train
14789,test
14790,test
14791,train
14792,train
14793,val
14794,train
14795,train
14796,train
14797,test
14798,train
14799,test
14800,train
14801,train
14802,test
14803,val
14804,val
14805,train
14806,val
14807,train
14808,test
14809,train
14810,val
14811,train
14812,train
14813,train
14814,train
14815,train
14816,train
14817,val
14818,train
14819,val
14820,train
14821,train
14822,train
14823,test
14824,val
14825,train
14826,train
14827,train
14828,train
14829,train
14830,train
14831,val
14832,train
14833,train
14834,test
14835,test
14836,train
14837,test
14838,train
14839,test
14840,test
14841,test
14842,test
14843,test
14844,train
14845,train
14846,val
14847,val
14848,test
14849,train
14850,train
14851,train
14852,train
14853,train
14854,val
14855,train
14856,train
14857,test
14858,test
14859,train
14860,val
14861,train
14862,train
14863,test
14864,test
14865,train
14866,train
14867,test
14868,train
14869,train
14870,train
14871,train
14872,train
14873,val
14874,test
14875,test
14876,val
14877,val
14878,train
14879,test
14880,val
14881,train
14882,test
14883,train
14884,train
14885,train
14886,train
14887,val
14888,train
14889,val
14890,train
14891,test
14892,train
14893,train
14894,train
14895,val
14896,test
14897,test
14898,train
14899,val
14900,test
14901,test
14902,train
14903,val
14904,train
14905,train
14906,train
14907,val
14908,train
14909,test
14910,train
14911,train
14912,test
14913,val
14914,val
14915,train
14916,test
14917,train
14918,train
14919,val
14920,train
14921,train
14922,val
14923,train
14924,train
14925,train
14926,train
14927,train
14928,train
14929,train
14930,train
14931,val
14932,train
14933,train
14934,train
14935,train
14936,train
14937,test
14938,train
14939,train
14940,test
14941,train
14942,train
14943,train
14944,train
14945,train
14946,train
14947,val
14948,train
14949,test
14950,train
14951,train
14952,train
14953,test
14954,val
14955,test
14956,test
14957,test
14958,test
14959,val
14960,test
14961,train
14962,test
14963,train
14964,test
14965,test
14966,train
14967,train
14968,train
14969,val
14970,test
14971,train
14972,val
14973,val
14974,train
14975,train
14976,val
14977,train
14978,train
14979,train
14980,train
14981,train
14982,val
14983,val
14984,train
14985,train
14986,val
14987,test
14988,test
14989,train
14990,train
14991,val
14992,train
14993,val
14994,train
14995,train
14996,val
14997,train
14998,test
14999,train
15000,train
15001,val
15002,train
15003,train
15004,train
15005,train
15006,train
15007,val
15008,train
15009,train
15010,train
15011,test
15012,train
15013,train
15014,train
15015,train
15016,train
15017,test
15018,train
15019,train
15020,test
15021,test
15022,val
15023,train
15024,test
15025,test
15026,test
15027,val
15028,train
15029,train
15030,train
15031,val
15032,test
15033,val
15034,val
15035,val
15036,train
15037,train
15038,train
15039,train
15040,train
15041,train
15042,train
15043,test
15044,train
15045,train
15046,train
15047,test
15048,test
15049,val
15050,train
15051,train
15052,test
15053,train
15054,test
15055,val
15056,test
15057,train
15058,train
15059,train
15060,train
15061,train
15062,train
15063,train
15064,train
15065,train
15066,train
15067,val
15068,test
15069,val
15070,train
15071,train
15072,train
15073,val
15074,test
15075,train
15076,train
15077,val
15078,train
15079,val
15080,train
15081,test
15082,train
15083,val
15084,train
15085,train
15086,val
15087,val
15088,train
15089,train
15090,val
15091,test
15092,train
15093,train
15094,test
15095,train
15096,train
15097,test
15098,val
15099,train
15100,train
15101,train
15102,train
15103,train
15104,train
15105,test
15106,test
15107,val
15108,test
15109,train
15110,val
15111,train
15112,val
15113,train
15114,val
15115,val
15116,test
15117,train
15118,val
15119,val
15120,train
15121,train
15122,train
15123,train
15124,test
15125,train
15126,train
15127,train
15128,train
15129,val
15130,test
15131,test
15132,train
15133,train
15134,val
15135,train
15136,test
15137,test
15138,test
15139,test
15140,test
15141,train
15142,train
15143,train
15144,test
15145,val
15146,val
15147,train
15148,train
15149,train
15150,val
15151,test
15152,train
15153,train
15154,test
15155,val
15156,test
15157,test
15158,test
15159,val
15160,train
15161,train
15162,test
15163,train
15164,train
15165,test
15166,train
15167,val
15168,train
15169,train
15170,test
15171,train
15172,val
15173,train
15174,train
15175,val
15176,train
15177,test
15178,val
15179,train
15180,val
15181,train
15182,train
15183,train
15184,train
15185,train
15186,train
15187,train
15188,train
15189,train
15190,train
15191,train
15192,train
15193,val
15194,train
15195,test
15196,val
15197,val
15198,val
15199,val
15200,train
15201,train
15202,train
15203,train
15204,train
15205,train
15206,train
15207,test
15208,train
15209,train
15210,train
15211,test
15212,test
15213,train
15214,test
15215,train
15216,train
15217,train
15218,train
15219,train
15220,test
15221,train
15222,test
15223,train
15224,test
15225,train
15226,val
15227,test
15228,train
15229,train
15230,test
15231,train
15232,test
15233,train
15234,val
15235,train
15236,train
15237,train
15238,train
15239,val
15240,train
15241,test
15242,val
15243,test
15244,train
15245,train
15246,test
15247,train
15248,val
15249,test
15250,test
15251,train
15252,train
15253,train
15254,train
15255,val
15256,train
15257,train
15258,train
15259,train
15260,val
15261,train
15262,test
15263,val
15264,train
15265,train
15266,train
15267,train
15268,train
15269,val
15270,val
15271,train
15272,val
15273,train
15274,train
15275,train
15276,test
15277,train
15278,val
15279,train
15280,train
15281,train
15282,train
15283,train
15284,train
15285,val
15286,train
15287,train
15288,train
15289,test
15290,train
15291,train
15292,train
15293,train
15294,test
15295,train
15296,val
15297,train
15298,train
15299,test
15300,train
15301,val
15302,train
15303,train
15304,test
15305,train
15306,val
15307,train
15308,train
15309,test
15310,test
15311,train
15312,val
15313,train
15314,train
15315,test
15316,train
15317,train
15318,train
15319,train
15320,train
15321,train
15322,train
15323,train
15324,train
15325,train
15326,train
15327,test
15328,train
15329,test
15330,train
15331,train
15332,train
15333,val
15334,test
15335,test
15336,train
15337,train
15338,train
15339,val
15340,train
15341,test
15342,train
15343,train
15344,test
15345,val
15346,train
15347,test
15348,train
15349,train
15350,test
15351,test
15352,train
15353,test
15354,val
15355,test
15356,train
15357,train
15358,val
15359,test
15360,train
15361,test
15362,train
15363,test
15364,train
15365,train
15366,val
15367,train
15368,train
15369,test
15370,train
15371,test
15372,test
15373,train
15374,test
15375,train
15376,train
15377,val
15378,val
15379,train
15380,train
15381,train
15382,train
15383,train
15384,train
15385,val
15386,train
15387,train
15388,train
15389,train
15390,train
15391,train
15392,test
15393,test
15394,test
15395,test
15396,train
15397,val
15398,train
15399,train
15400,train
15401,val
15402,val
15403,train
15404,val
15405,train
15406,test
15407,val
15408,train
15409,train
15410,test
15411,train
15412,test
15413,train
15414,train
15415,train
15416,val
15417,test
15418,train
15419,val
15420,train
15421,train
15422,train
15423,train
15424,val
15425,train
15426,test
15427,train
15428,test
15429,test
15430,val
15431,test
15432,train
15433,train
15434,train
15435,train
15436,test
15437,train
15438,train
15439,test
15440,train
15441,val
15442,val
15443,val
15444,test
15445,train
15446,test
15447,test
15448,train
15449,val
15450,train
15451,val
15452,train
15453,val
15454,train
15455,train
15456,val
15457,train
15458,test
15459,val
15460,train
15461,train
15462,train
15463,train
15464,val
15465,val
15466,val
15467,train
15468,train
15469,train
15470,train
15471,test
15472,train
15473,train
15474,train
15475,train
15476,test
15477,train
15478,test
15479,train
15480,train
15481,test
15482,train
15483,val
15484,train
15485,train
15486,test
15487,train
15488,val
15489,val
15490,val
15491,val
15492,val
15493,train
15494,train
15495,train
15496,val
15497,train
15498,test
15499,val
15500,test
15501,val
15502,test
15503,val
15504,test
15505,train
15506,val
15507,train
15508,train
15509,train
15510,train
15511,test
15512,train
15513,train
15514,val
15515,train
15516,train
15517,test
15518,train
15519,test
15520,train
15521,val
15522,val
15523,train
15524,train
15525,train
15526,val
15527,train
15528,test
15529,train
15530,train
15531,train
15532,train
15533,train
15534,train
15535,train
15536,train
15537,test
15538,train
15539,train
15540,train
15541,train
15542,train
15543,train
15544,train
15545,val
15546,val
15547,train
15548,val
15549,train
15550,test
15551,train
15552,test
15553,test
15554,test
15555,test
15556,train
15557,train
15558,train
15559,train
15560,train
15561,train
15562,train
15563,val
15564,train
15565,val
15566,train
15567,train
15568,train
15569,train
15570,test
15571,train
15572,train
15573,test
15574,train
15575,val
15576,train
15577,test
15578,train
15579,train
15580,train
15581,train
15582,train
15583,train
15584,val
15585,train
15586,train
15587,train
15588,test
15589,train
15590,train
15591,train
15592,val
15593,train
15594,test
15595,val
15596,train
15597,train
15598,train
15599,train
15600,train
15601,val
15602,train
15603,val
15604,train
15605,val
15606,train
15607,train
15608,train
15609,val
15610,train
15611,val
15612,train
15613,val
15614,train
15615,train
15616,train
15617,train
15618,test
15619,test
15620,train
15621,val
15622,train
15623,test
15624,train
15625,val
15626,train
15627,val
15628,test
15629,train
15630,val
15631,train
15632,train
15633,test
15634,train
15635,train
15636,train
15637,val
15638,train
15639,train
15640,val
15641,train
15642,train
15643,test
15644,train
15645,test
15646,train
15647,val
15648,test
15649,val
15650,train
15651,test
15652,val
15653,test
15654,train
15655,train
15656,test
15657,train
15658,test
15659,train
15660,train
15661,val
15662,test
15663,train
15664,train
15665,train
15666,train
15667,train
15668,train
15669,train
15670,train
15671,val
15672,train
15673,val
15674,val
15675,train
15676,train
15677,train
15678,val
15679,test
15680,test
15681,train
15682,val
15683,train
15684,test
15685,train
15686,test
15687,train
15688,test
15689,val
15690,val
15691,train
15692,val
15693,test
15694,train
15695,test
15696,train
15697,val
15698,train
15699,val
15700,train
15701,train
15702,train
15703,test
15704,val
15705,train
15706,test
15707,train
15708,test
15709,train
15710,val
15711,test
15712,val
15713,test
15714,train
15715,test
15716,train
15717,train
15718,val
15719,val
15720,val
15721,train
15722,train
15723,test
15724,train
15725,test
15726,test
15727,train
15728,train
15729,val
15730,train
15731,val
15732,train
15733,train
15734,train
15735,train
15736,val
15737,test
15738,train
15739,train
15740,val
15741,test
15742,train
15743,train
15744,train
15745,train
15746,train
15747,train
15748,train
15749,val
15750,val
15751,val
15752,val
15753,train
15754,test
15755,train
15756,train
15757,train
15758,train
15759,val
15760,val
15761,test
15762,test
15763,train
15764,train
15765,train
15766,val
15767,train
15768,test
15769,train
15770,train
15771,train
15772,train
15773,train
15774,val
15775,train
15776,train
15777,test
15778,test
15779,train
15780,train
15781,test
15782,val
15783,val
15784,train
15785,train
15786,test
15787,train
15788,test
15789,test
15790,train
15791,val
15792,train
15793,test
15794,val
15795,train
15796,train
15797,train
15798,train
15799,test
15800,test
15801,val
15802,train
15803,train
15804,train
15805,test
15806,train
15807,train
15808,train
15809,val
15810,train
15811,train
15812,test
15813,test
15814,val
15815,train
15816,test
15817,val
15818,train
15819,test
15820,train
15821,train
15822,test
15823,train
15824,test
15825,train
15826,train
15827,train
15828,train
15829,test
15830,train
15831,train
15832,train
15833,train
15834,val
15835,val
15836,train
15837,train
15838,train
15839,train
15840,train
15841,val
15842,train
15843,val
15844,train
15845,val
15846,val
15847,train
15848,test
15849,train
15850,train
15851,train
15852,train
15853,train
15854,train
15855,train
15856,train
15857,train
15858,test
15859,train
15860,train
15861,train
15862,train
15863,train
15864,train
15865,train
15866,test
15867,test
15868,val
15869,val
15870,train
15871,train
15872,train
15873,train
15874,train
15875,train
15876,val
15877,val
15878,train
15879,train
15880,val
15881,test
15882,train
15883,train
15884,train
15885,val
15886,train
15887,train
15888,train
15889,train
15890,train
15891,train
15892,test
15893,train
15894,train
15895,train
15896,train
15897,test
15898,test
15899,test
15900,val
15901,train
15902,train
15903,train
15904,train
15905,train
15906,train
15907,test
15908,train
15909,train
15910,train
15911,val
15912,train
15913,val
15914,train
15915,val
15916,train
15917,val
15918,train
15919,test
15920,val
15921,train
15922,train
15923,test
15924,val
15925,val
15926,val
15927,train
15928,train
15929,train
15930,val
15931,train
15932,val
15933,val
15934,test
15935,train
15936,train
15937,train
15938,val
15939,val
15940,train
15941,train
15942,val
15943,val
15944,train
15945,train
15946,test
15947,test
15948,train
15949,train
15950,train
15951,test
15952,train
15953,val
15954,test
15955,train
15956,train
15957,val
15958,val
15959,val
15960,train
15961,train
15962,test
15963,train
15964,test
15965,train
15966,train
15967,test
15968,train
15969,val
15970,train
15971,train
15972,train
15973,val
15974,train
15975,train
15976,train
15977,train
15978,val
15979,train
15980,train
15981,train
15982,val
15983,train
15984,train
15985,val
15986,val
15987,test
15988,train
15989,test
15990,train
15991,train
15992,val
15993,val
15994,train
15995,train
15996,val
15997,train
15998,train
15999,train
16000,train
16001,train
16002,train
16003,test
16004,val
16005,train
16006,train
16007,test
16008,train
16009,train
16010,val
16011,train
16012,train
16013,val
16014,test
16015,test
16016,train
16017,train
16018,val
16019,test
16020,test
16021,train
16022,train
16023,train
16024,train
16025,val
16026,train
16027,val
16028,val
16029,train
16030,test
16031,test
16032,test
16033,train
16034,train
16035,val
16036,train
16037,train
16038,val
16039,test
16040,train
16041,train
16042,train
16043,val
16044,train
16045,train
16046,train
16047,train
16048,val
16049,train
16050,train
16051,train
16052,train
16053,train
16054,val
16055,train
16056,test
16057,train
16058,val
16059,train
16060,val
16061,train
16062,train
16063,train
16064,val
16065,test
16066,test
16067,train
16068,train
16069,val
16070,train
16071,train
16072,train
16073,test
16074,train
16075,train
16076,train
16077,val
16078,val
16079,val
16080,train
16081,train
16082,train
16083,train
16084,train
16085,train
16086,test
16087,train
16088,train
16089,val
16090,train
16091,train
16092,val
16093,val
16094,test
16095,train
16096,train
16097,train
16098,train
16099,train
16100,train
16101,test
16102,train
16103,val
16104,train
16105,test
16106,train
16107,val
16108,test
16109,train
16110,test
16111,train
16112,test
16113,train
16114,test
16115,test
16116,train
16117,train
16118,train
16119,val
16120,train
16121,train
16122,train
16123,train
16124,train
16125,train
16126,train
16127,val
16128,test
16129,train
16130,test
16131,test
16132,test
16133,train
16134,test
16135,train
16136,train
16137,val
16138,test
16139,val
16140,test
16141,train
16142,train
16143,val
16144,test
16145,train
16146,test
16147,val
16148,train
16149,test
16150,train
16151,val
16152,train
16153,train
16154,train
16155,train
16156,train
16157,val
16158,test
16159,train
16160,val
16161,test
16162,test
16163,train
16164,train
16165,train
16166,train
16167,train
16168,train
16169,train
16170,train
16171,val
16172,test
16173,train
16174,train
16175,train
16176,train
16177,test
16178,test
16179,test
16180,train
16181,test
16182,train
16183,train
16184,test
16185,train
16186,val
16187,train
16188,train
16189,train
16190,val
16191,train
16192,train
16193,train
16194,test
16195,train
16196,val
16197,train
16198,train
16199,test
16200,test
16201,val
16202,train
16203,train
16204,train
16205,train
16206,train
16207,train
16208,train
16209,train
16210,train
16211,train
16212,val
16213,train
16214,train
16215,train
16216,train
16217,train
16218,train
16219,val
16220,train
16221,test
16222,train
16223,train
16224,test
16225,train
16226,train
16227,train
16228,test
16229,train
16230,train
16231,train
16232,val
16233,train
16234,test
16235,train
16236,train
16237,train
16238,train
16239,train
16240,train
16241,train
16242,train
16243,train
16244,val
16245,train
16246,train
16247,train
16248,train
16249,train
16250,train
16251,test
16252,train
16253,train
16254,train
16255,train
16256,train
16257,train
16258,train
16259,test
16260,train
16261,train
16262,train
16263,train
16264,train
16265,train
16266,train
16267,val
16268,test
16269,val
16270,test
16271,train
16272,train
16273,val
16274,test
16275,test
16276,val
16277,train
16278,train
16279,train
16280,train
16281,train
16282,val
16283,test
16284,train
16285,test
16286,train
16287,train
16288,train
16289,train
16290,val
16291,train
16292,train
16293,test
16294,val
16295,train
16296,test
16297,val
16298,test
16299,train
16300,test
16301,val
16302,val
16303,test
16304,test
16305,val
16306,train
16307,val
16308,train
16309,train
16310,train
16311,val
16312,test
16313,train
16314,train
16315,val
16316,test
16317,test
16318,train
16319,train
16320,train
16321,train
16322,train
16323,train
16324,test
16325,train
16326,train
16327,train
16328,train
16329,test
16330,train
16331,train
16332,train
16333,train
16334,val
16335,train
16336,train
16337,train
16338,test
16339,train
16340,train
16341,train
16342,train
16343,train
16344,train
16345,train
16346,val
16347,train
16348,test
16349,val
16350,train
16351,train
16352,train
16353,train
16354,test
16355,val
16356,train
16357,train
16358,train
16359,test
16360,val
16361,test
16362,train
16363,train
16364,val
16365,val
16366,train
16367,test
16368,train
16369,train
16370,val
16371,train
16372,train
16373,test
16374,val
16375,test
16376,val
16377,train
16378,train
16379,test
16380,train
16381,test
16382,train
16383,val
16384,train
16385,val
16386,test
16387,train
16388,val
16389,val
16390,test
16391,test
16392,train
16393,val
16394,test
16395,train
16396,train
16397,test
16398,train
16399,train
16400,val
16401,val
16402,train
16403,train
16404,test
16405,train
16406,train
16407,test
16408,train
16409,val
16410,val
16411,train
16412,train
16413,train
16414,val
16415,train
16416,train
16417,train
16418,train
16419,test
16420,train
16421,train
16422,train
16423,test
16424,train
16425,train
16426,train
16427,train
16428,train
16429,train
16430,test
16431,val
16432,train
16433,train
16434,train
16435,test
16436,test
16437,train
16438,train
16439,train
16440,train
16441,train
16442,train
16443,train
16444,train
16445,test
16446,train
16447,test
16448,train
16449,train
16450,test
16451,train
16452,val
16453,test
16454,train
16455,val
16456,train
16457,val
16458,val
16459,val
16460,train
16461,train
16462,train
16463,test
16464,train
16465,test
16466,train
16467,train
16468,train
16469,val
16470,train
16471,train
16472,test
16473,train
16474,train
16475,val
16476,test
16477,train
16478,train
16479,train
16480,train
16481,val
16482,test
16483,test
16484,val
16485,train
16486,test
16487,val
16488,train
16489,test
16490,train
16491,train
16492,val
16493,train
16494,train
16495,train
16496,test
16497,train
16498,val
16499,test
16500,train
16501,train
16502,test
16503,train
16504,train
16505,test
16506,test
16507,val
16508,test
16509,train
16510,val
16511,train
16512,train
16513,train
16514,test
16515,train
16516,test
16517,test
16518,train
16519,train
16520,train
16521,val
16522,test
16523,train
16524,train
16525,train
16526,train
16527,val
16528,val
16529,train
16530,val
16531,train
16532,train
16533,test
16534,train
16535,train
16536,train
16537,train
16538,val
16539,train
16540,train
16541,train
16542,test
16543,test
16544,train
16545,train
16546,train
16547,train
16548,train
16549,test
16550,train
16551,train
16552,test
16553,train
16554,train
16555,train
16556,val
16557,train
16558,train
16559,val
16560,test
16561,train
16562,train
16563,train
16564,train
16565,val
16566,train
16567,test
16568,train
16569,val
16570,train
16571,val
16572,train
16573,train
16574,train
16575,train
16576,val
16577,train
16578,train
16579,train
16580,train
16581,train
16582,train
16583,val
16584,test
16585,test
16586,test
16587,test
16588,test
16589,train
16590,train
16591,train
16592,val
16593,train
16594,train
16595,train
16596,test
16597,train
16598,test
16599,train
16600,train
16601,train
16602,train
16603,train
16604,train
16605,train
16606,train
16607,train
16608,val
16609,train
16610,train
16611,train
16612,train
16613,val
16614,train
16615,train
16616,train
16617,train
16618,train
16619,train
16620,val
16621,train
16622,train
16623,train
16624,train
16625,test
16626,train
16627,train
16628,train
16629,test
16630,val
16631,val
16632,train
16633,test
16634,val
16635,test
16636,test
16637,train
16638,train
16639,val
16640,train
16641,train
16642,val
16643,val
16644,train
16645,train
16646,train
16647,train
16648,test
16649,val
16650,train
16651,val
16652,test
16653,train
16654,test
16655,train
16656,test
16657,test
16658,val
16659,test
16660,test
16661,train
16662,train
16663,test
16664,val
16665,test
16666,val
16667,train
16668,train
16669,val
16670,train
16671,train
16672,test
16673,train
16674,test
16675,test
16676,train
16677,test
16678,val
16679,train
16680,train
16681,train
16682,train
16683,train
16684,train
16685,train
16686,train
16687,train
16688,train
16689,train
16690,train
16691,val
16692,train
16693,train
16694,val
16695,train
16696,test
16697,train
16698,train
16699,val
16700,test
16701,train
16702,train
16703,train
16704,val
16705,train
16706,test
16707,val
16708,train
16709,val
16710,train
16711,train
16712,train
16713,test
16714,train
16715,train
16716,val
16717,train
16718,val
16719,train
16720,train
16721,test
16722,train
16723,train
16724,val
16725,train
16726,train
16727,train
16728,train
16729,test
16730,train
16731,train
16732,val
16733,test
16734,train
16735,train
16736,train
16737,train
16738,train
16739,val
16740,val
16741,val
16742,train
16743,val
16744,val
16745,train
16746,test
16747,val
16748,val
16749,val
16750,train
16751,train
16752,test
16753,test
16754,train
16755,test
16756,val
16757,train
16758,train
16759,train
16760,train
16761,test
16762,val
16763,test
16764,train
16765,train
16766,train
16767,train
16768,train
16769,test
16770,train
16771,train
16772,val
16773,train
16774,test
16775,val
16776,train
16777,train
16778,test
16779,train
16780,train
16781,train
16782,train
16783,train
16784,val
16785,test
16786,train
16787,train
16788,train
16789,train
16790,test
16791,train
16792,test
16793,train
16794,test
16795,train
16796,train
16797,val
16798,train
16799,train
16800,test
16801,val
16802,test
16803,train
16804,train
16805,train
16806,train
16807,test
16808,train
16809,train
16810,train
16811,val
16812,test
16813,test
16814,val
16815,test
16816,test
16817,train
16818,train
16819,test
16820,val
16821,test
16822,train
16823,train
16824,val
16825,train
16826,test
16827,train
16828,test
16829,test
16830,test
16831,val
16832,train
16833,val
16834,train
16835,test
16836,train
16837,train
16838,train
16839,test
16840,train
16841,train
16842,test
16843,test
16844,val
16845,train
16846,train
16847,val
16848,test
16849,train
16850,train
16851,train
16852,test
16853,train
16854,train
16855,train
16856,train
16857,train
16858,train
16859,val
16860,train
16861,train
16862,val
16863,val
16864,train
16865,train
16866,val
16867,test
16868,test
16869,val
16870,test
16871,train
16872,val
16873,train
16874,test
16875,train
16876,train
16877,train
16878,test
16879,train
16880,val
16881,train
16882,train
16883,train
16884,val
16885,train
16886,test
16887,val
16888,val
16889,val
16890,train
16891,train
16892,train
16893,train
16894,train
16895,val
16896,val
16897,train
16898,test
16899,train
16900,train
16901,train
16902,train
16903,test
16904,train
16905,test
16906,train
16907,train
16908,val
16909,val
16910,train
16911,train
16912,train
16913,train
16914,train
16915,train
16916,val
16917,train
16918,test
16919,test
16920,train
16921,test
16922,test
16923,val
16924,val
16925,train
16926,test
16927,train
16928,test
16929,train
16930,train
16931,train
16932,train
16933,train
16934,val
16935,train
16936,train
16937,train
16938,train
16939,test
16940,train
16941,val
16942,train
16943,test
16944,train
16945,train
16946,train
16947,test
16948,val
16949,train
16950,train
16951,val
16952,train
16953,test
16954,test
16955,val
16956,train
16957,test
16958,train
16959,val
16960,train
16961,test
16962,train
16963,test
16964,train
16965,train
16966,train
16967,train
16968,train
16969,val
16970,test
16971,train
16972,val
16973,val
16974,train
16975,train
16976,test
16977,test
16978,test
16979,train
16980,val
16981,val
16982,test
16983,val
16984,train
16985,test
16986,val
16987,train
16988,train
16989,train
16990,train
16991,val
16992,val
16993,val
16994,train
16995,train
16996,train
16997,test
16998,train
16999,test
17000,test
17001,train
17002,train
17003,val
17004,train
17005,train
17006,train
17007,train
17008,test
17009,val
17010,train
17011,train
17012,train
17013,train
17014,train
17015,val
17016,train
17017,train
17018,train
17019,train
17020,train
17021,val
17022,train
17023,val
17024,test
17025,test
17026,train
17027,val
17028,train
17029,train
17030,train
17031,train
17032,train
17033,train
17034,train
17035,train
17036,test
17037,test
17038,test
17039,test
17040,train
17041,train
17042,val
17043,train
17044,val
17045,train
17046,train
17047,train
17048,train
17049,train
17050,train
17051,val
17052,train
17053,train
17054,test
17055,test
17056,train
17057,train
17058,test
17059,train
17060,train
17061,train
17062,train
17063,test
17064,test
17065,test
17066,test
17067,train
17068,train
17069,val
17070,train
17071,val
17072,test
17073,train
17074,test
17075,train
17076,train
17077,train
17078,train
17079,train
17080,val
17081,test
17082,test
17083,train
17084,train
17085,train
17086,train
17087,train
17088,train
17089,train
17090,val
17091,test
17092,train
17093,train
17094,val
17095,train
17096,train
17097,train
17098,train
17099,train
17100,train
17101,train
17102,train
17103,train
17104,val
17105,val
17106,val
17107,train
17108,train
17109,train
17110,test
17111,train
17112,train
17113,test
17114,train
17115,train
17116,train
17117,train
17118,train
17119,val
17120,train
17121,test
17122,train
17123,val
17124,train
17125,val
17126,train
17127,train
17128,train
17129,train
17130,val
17131,test
17132,test
17133,test
17134,test
17135,train
17136,train
17137,val
17138,train
17139,val
17140,train
17141,train
17142,train
17143,train
17144,train
17145,test
17146,train
17147,train
17148,test
17149,train
17150,train
17151,train
17152,train
17153,train
17154,test
17155,test
17156,train
17157,train
17158,val
17159,val
17160,test
17161,train
17162,train
17163,test
17164,train
17165,train
17166,train
17167,test
17168,train
17169,train
17170,train
17171,test
17172,train
17173,val
17174,test
17175,test
17176,train
17177,train
17178,test
17179,test
17180,train
17181,train
17182,val
17183,train
17184,val
17185,test
17186,train
17187,test
17188,val
17189,test
17190,train
17191,test
17192,test
17193,train
17194,val
17195,train
17196,val
17197,val
17198,val
17199,test
17200,train
17201,train
17202,test
17203,test
17204,train
17205,val
17206,train
17207,train
17208,train
17209,train
17210,train
17211,val
17212,train
17213,train
17214,val
17215,train
17216,train
17217,train
17218,val
17219,train
17220,val
17221,val
17222,test
17223,train
17224,train
17225,train
17226,train
17227,train
17228,train
17229,train
17230,val
17231,train
17232,train
17233,train
17234,train
17235,train
17236,val
17237,val
17238,train
17239,val
17240,train
17241,test
17242,val
17243,val
17244,test
17245,test
17246,train
17247,test
17248,train
17249,train
17250,test
17251,train
17252,train
17253,test
17254,train
17255,test
17256,val
17257,test
17258,train
17259,test
17260,val
17261,val
17262,test
17263,train
17264,train
17265,train
17266,train
17267,train
17268,train
17269,train
17270,train
17271,test
17272,train
17273,train
17274,train
17275,train
17276,val
17277,val
17278,train
17279,train
17280,train
17281,train
17282,val
17283,train
17284,val
17285,train
17286,train
17287,val
17288,test
17289,train
17290,test
17291,train
17292,train
17293,train
17294,test
17295,train
17296,train
17297,train
17298,train
17299,val
17300,train
17301,test
17302,train
17303,val
17304,val
17305,train
17306,train
17307,train
17308,test
17309,train
17310,train
17311,train
17312,train
17313,val
17314,train
17315,train
17316,val
17317,test
17318,val
17319,train
17320,train
17321,val
17322,train
17323,test
17324,train
17325,val
17326,train
17327,test
17328,test
17329,test
17330,train
17331,val
17332,val
17333,train
17334,train
17335,train
17336,val
17337,test
17338,test
17339,test
17340,test
17341,train
17342,val
17343,train
17344,train
17345,val
17346,train
17347,test
17348,val
17349,test
17350,train
17351,val
17352,train
17353,test
17354,train
17355,val
17356,train
17357,val
17358,test
17359,train
17360,train
17361,test
17362,train
17363,test
17364,train
17365,train
17366,test
17367,train
17368,test
17369,train
17370,train
17371,val
17372,train
17373,train
17374,test
17375,train
17376,val
17377,val
17378,train
17379,train
17380,test
17381,train
17382,val
17383,val
17384,train
17385,train
17386,test
17387,test
17388,val
17389,train
17390,train
17391,train
17392,train
17393,test
17394,train
17395,val
17396,train
17397,test
17398,train
17399,train
17400,val
17401,test
17402,train
17403,train
17404,train
17405,train
17406,test
17407,train
17408,train
17409,train
17410,test
17411,train
17412,test
17413,train
17414,val
17415,train
17416,train
17417,val
17418,test
17419,test
17420,val
17421,train
17422,test
17423,train
17424,val
17425,val
17426,train
17427,test
17428,val
17429,val
17430,train
17431,train
17432,train
17433,val
17434,train
17435,train
17436,train
17437,val
17438,test
17439,test
17440,train
17441,val
17442,train
17443,test
17444,val
17445,train
17446,train
17447,train
17448,test
17449,train
17450,train
17451,train
17452,train
17453,train
17454,train
17455,val
17456,train
17457,test
17458,test
17459,train
17460,val
17461,val
17462,train
17463,test
17464,train
17465,train
17466,test
17467,train
17468,train
17469,train
17470,train
17471,train
17472,train
17473,val
17474,test
17475,val
17476,train
17477,test
17478,val
17479,val
17480,train
17481,train
17482,train
17483,train
17484,train
17485,train
17486,train
17487,train
17488,test
17489,train
17490,test
17491,test
17492,train
17493,train
17494,train
17495,train
17496,val
17497,val
17498,val
17499,train
17500,train
17501,train
17502,val
17503,train
17504,train
17505,val
17506,train
17507,train
17508,val
17509,val
17510,train
17511,test
17512,val
17513,val
17514,train
17515,test
17516,val
17517,val
17518,train
17519,val
17520,train
17521,train
17522,train
17523,train
17524,train
17525,train
17526,train
17527,val
17528,val
17529,train
17530,train
17531,train
17532,train
17533,test
17534,test
17535,train
17536,train
17537,val
17538,val
17539,train
17540,val
17541,train
17542,train
17543,test
17544,train
17545,train
17546,val
17547,val
17548,val
17549,train
17550,train
17551,test
17552,test
17553,test
17554,train
17555,train
17556,train
17557,test
17558,train
17559,train
17560,train
17561,test
17562,train
17563,train
17564,train
17565,train
17566,test
17567,train
17568,test
17569,train
17570,test
17571,train
17572,test
17573,val
17574,train
17575,train
17576,val
17577,test
17578,test
17579,test
17580,val
17581,train
17582,train
17583,train
17584,train
17585,train
17586,val
17587,train
17588,train
17589,train
17590,test
17591,train
17592,train
17593,train
17594,test
17595,train
17596,train
17597,val
17598,train
17599,val
17600,test
17601,train
17602,train
17603,test
17604,train
17605,train
17606,test
17607,train
17608,train
17609,test
17610,train
17611,train
17612,train
17613,train
17614,train
17615,train
17616,test
17617,train
17618,test
17619,val
17620,train
17621,val
17622,train
17623,val
17624,train
17625,test
17626,train
17627,train
17628,val
17629,train
17630,val
17631,train
17632,train
17633,train
17634,train
17635,train
17636,train
17637,test
17638,val
17639,val
17640,test
17641,train
17642,train
17643,test
17644,val
17645,train
17646,train
17647,train
17648,train
17649,train
17650,val
17651,train
17652,train
17653,val
17654,test
17655,train
17656,val
17657,train
17658,train
17659,train
17660,train
17661,train
17662,test
17663,train
17664,train
17665,train
17666,train
17667,train
17668,val
17669,val
17670,train
17671,train
17672,test
17673,train
17674,train
17675,train
17676,train
17677,train
17678,val
17679,val
17680,val
17681,train
17682,train
17683,test
17684,val
17685,train
17686,val
17687,train
17688,test
17689,test
17690,test
17691,train
17692,test
17693,train
17694,train
17695,train
17696,val
17697,test
17698,train
17699,val
17700,test
17701,val
17702,train
17703,val
17704,train
17705,train
17706,val
17707,train
17708,train
17709,train
17710,val
17711,train
17712,val
17713,train
17714,train
17715,test
17716,train
17717,train
17718,val
17719,train
17720,val
17721,val
17722,val
17723,train
17724,test
17725,train
17726,train
17727,train
17728,test
17729,train
17730,train
17731,train
17732,test
17733,train
17734,train
17735,val
17736,train
17737,train
17738,train
17739,train
17740,train
17741,train
17742,test
17743,train
17744,test
17745,test
17746,train
17747,test
17748,train
17749,train
17750,test
17751,train
17752,train
17753,val
17754,train
17755,train
17756,val
17757,train
17758,train
17759,train
17760,train
17761,test
17762,train
17763,test
17764,test
17765,test
17766,train
17767,val
17768,train
17769,train
17770,train
17771,train
17772,train
17773,train
17774,test
17775,train
17776,val
17777,train
17778,train
17779,val
17780,test
17781,val
17782,test
17783,train
17784,train
17785,train
17786,train
17787,test
17788,train
17789,train
17790,val
17791,test
17792,train
17793,val
17794,train
17795,train
17796,train
17797,train
17798,train
17799,val
17800,train
17801,train
17802,train
17803,train
17804,train
17805,test
17806,train
17807,train
17808,val
17809,val
17810,train
17811,train
17812,test
17813,train
17814,train
17815,train
17816,train
17817,train
17818,test
17819,train
17820,train
17821,train
17822,train
17823,test
17824,val
17825,test
17826,train
17827,val
17828,train
17829,train
17830,train
17831,test
17832,test
17833,train
17834,val
17835,train
17836,train
17837,val
17838,train
17839,train
17840,test
17841,val
17842,train
17843,train
17844,train
17845,test
17846,train
17847,train
17848,val
17849,train
17850,train
17851,test
17852,val
17853,train
17854,train
17855,test
17856,test
17857,test
17858,val
17859,val
17860,train
17861,train
17862,train
17863,train
17864,val
17865,train
17866,train
17867,train
17868,train
17869,train
17870,val
17871,train
17872,train
17873,val
17874,train
17875,train
17876,train
17877,val
17878,train
17879,train
17880,test
17881,test
17882,train
17883,train
17884,val
17885,val
17886,val
17887,train
17888,test
17889,train
17890,test
17891,val
17892,test
17893,train
17894,train
17895,train
17896,train
17897,test
17898,train
17899,test
17900,test
17901,test
17902,train
17903,train
17904,train
17905,train
17906,val
17907,train
17908,val
17909,train
17910,train
17911,test
17912,train
17913,train
17914,test
17915,train
17916,train
17917,train
17918,train
17919,train
17920,val
17921,train
17922,train
17923,val
17924,val
17925,train
17926,train
17927,train
17928,val
17929,train
17930,test
17931,val
17932,test
17933,train
17934,val
17935,train
17936,val
17937,val
17938,train
17939,train
17940,test
17941,train
17942,train
17943,train
17944,train
17945,test
17946,train
17947,train
17948,val
17949,train
17950,train
17951,train
17952,train
17953,val
17954,train
17955,val
17956,test
17957,test
17958,train
17959,train
17960,train
17961,train
17962,train
17963,train
17964,test
17965,train
17966,test
17967,train
17968,train
17969,train
17970,train
17971,train
17972,val
17973,test
17974,train
17975,train
17976,val
17977,train
17978,train
17979,val
17980,test
17981,train
17982,train
17983,train
17984,val
17985,train
17986,val
17987,train
17988,train
17989,test
17990,val
17991,test
17992,train
17993,train
17994,train
17995,train
17996,train
17997,val
17998,test
17999,train
18000,train
18001,test
18002,train
18003,train
18004,train
18005,train
18006,test
18007,val
18008,train
18009,val
18010,train
18011,train
18012,val
18013,val
18014,train
18015,val
18016,train
18017,train
18018,train
18019,test
18020,test
18021,train
18022,test
18023,test
18024,train
18025,train
18026,train
18027,train
18028,test
18029,train
18030,train
18031,train
18032,test
18033,test
18034,val
18035,test
18036,test
18037,train
18038,test
18039,train
18040,train
18041,val
18042,train
18043,test
18044,val
18045,train
18046,val
18047,train
18048,val
18049,train
18050,train
18051,test
18052,train
18053,train
18054,train
18055,train
18056,train
18057,test
18058,train
18059,test
18060,train
18061,train
18062,test
18063,test
18064,test
18065,val
18066,train
18067,test
18068,val
18069,test
18070,train
18071,train
18072,val
18073,test
18074,train
18075,train
18076,train
18077,test
18078,test
18079,train
18080,train
18081,train
18082,val
18083,train
18084,train
18085,train
18086,train
18087,train
18088,train
18089,train
18090,test
18091,val
18092,val
18093,val
18094,train
18095,val
18096,train
18097,train
18098,val
18099,test
18100,train
18101,test
18102,train
18103,val
18104,test
18105,test
18106,train
18107,train
18108,train
18109,test
18110,train
18111,test
18112,train
18113,val
18114,train
18115,test
18116,train
18117,train
18118,train
18119,test
18120,test
18121,train
18122,train
18123,train
18124,train
18125,train
18126,train
18127,val
18128,val
18129,train
18130,test
18131,train
18132,train
18133,test
18134,train
18135,train
18136,test
18137,train
18138,train
18139,val
18140,test
18141,train
18142,train
18143,train
18144,val
18145,train
18146,val
18147,test
18148,test
18149,train
18150,val
18151,val
18152,train
18153,test
18154,val
18155,train
18156,test
18157,train
18158,val
18159,train
18160,train
18161,test
18162,train
18163,val
18164,train
18165,train
18166,train
18167,train
18168,test
18169,train
18170,train
18171,train
18172,val
18173,val
18174,val
18175,train
18176,train
18177,train
18178,train
18179,train
18180,train
18181,train
18182,val
18183,val
18184,train
18185,train
18186,test
18187,val
18188,val
18189,val
18190,test
18191,train
18192,train
18193,test
18194,val
18195,train
18196,train
18197,val
18198,val
18199,val
18200,val
18201,train
18202,train
18203,test
18204,train
18205,test
18206,val
18207,train
18208,train
18209,val
18210,train
18211,train
18212,test
18213,train
18214,val
18215,val
18216,val
18217,train
18218,val
18219,val
18220,train
18221,train
18222,train
18223,val
18224,train
18225,train
18226,train
18227,test
18228,train
18229,train
18230,train
18231,train
18232,val
18233,train
18234,val
18235,train
18236,val
18237,val
18238,val
18239,train
18240,test
18241,val
18242,train
18243,train
18244,test
18245,train
18246,train
18247,val
18248,val
18249,train
18250,val
18251,val
18252,val
18253,test
18254,train
18255,test
18256,train
18257,train
18258,train
18259,train
18260,train
18261,test
18262,train
18263,train
18264,train
18265,train
18266,val
18267,train
18268,train
18269,train
18270,train
18271,val
18272,val
18273,val
18274,train
18275,val
18276,train
18277,train
18278,test
18279,train
18280,val
18281,test
18282,test
18283,train
18284,train
18285,train
18286,test
18287,test
18288,train
18289,train
18290,train
18291,train
18292,test
18293,train
18294,train
18295,train
18296,test
18297,train
18298,train
18299,val
18300,train
18301,train
18302,train
18303,train
18304,val
18305,train
18306,val
18307,test
18308,val
18309,test
18310,train
18311,train
18312,train
18313,val
18314,val
18315,train
18316,train
18317,train
18318,train
18319,test
18320,train
18321,val
18322,train
18323,test
18324,train
18325,train
18326,test
18327,test
18328,val
18329,train
18330,train
18331,train
18332,train
18333,test
18334,val
18335,train
18336,train
18337,train
18338,train
18339,train
18340,test
18341,train
18342,test
18343,test
18344,train
18345,train
18346,val
18347,test
18348,val
18349,val
18350,test
18351,test
18352,test
18353,train
18354,test
18355,train
18356,train
18357,val
18358,train
18359,train
18360,val
18361,train
18362,train
18363,val
18364,test
18365,val
18366,test
18367,train
18368,train
18369,train
18370,test
18371,val
18372,train
18373,val
18374,train
18375,train
18376,train
18377,train
18378,train
18379,train
18380,train
18381,train
18382,train
18383,train
18384,train
18385,train
18386,train
18387,val
18388,train
18389,val
18390,test
18391,train
18392,test
18393,train
18394,val
18395,train
18396,train
18397,train
18398,train
18399,train
18400,test
18401,test
18402,test
18403,val
18404,train
18405,train
18406,train
18407,test
18408,train
18409,train
18410,train
18411,test
18412,val
18413,train
18414,train
18415,train
18416,train
18417,val
18418,train
18419,train
18420,train
18421,test
18422,test
18423,train
18424,train
18425,val
18426,train
18427,train
18428,train
18429,train
18430,val
18431,val
18432,train
18433,val
18434,train
18435,train
18436,test
18437,test
18438,train
18439,train
18440,train
18441,train
18442,val
18443,val
18444,train
18445,train
18446,test
18447,val
18448,train
18449,train
18450,val
18451,train
18452,val
18453,train
18454,val
18455,val
18456,test
18457,train
18458,train
18459,train
18460,val
18461,train
18462,train
18463,train
18464,test
18465,train
18466,train
18467,train
18468,train
18469,val
18470,train
18471,train
18472,test
18473,train
18474,val
18475,train
18476,train
18477,train
18478,val
18479,val
18480,train
18481,train
18482,train
18483,val
18484,val
18485,val
18486,train
18487,train
18488,val
18489,train
18490,train
18491,train
18492,val
18493,val
18494,val
18495,train
18496,test
18497,train
18498,val
18499,test
18500,train
18501,test
18502,train
18503,test
18504,test
18505,train
18506,train
18507,train
18508,train
18509,val
18510,val
18511,val
18512,train
18513,train
18514,test
18515,val
18516,train
18517,train
18518,train
18519,train
18520,val
18521,train
18522,val
18523,val
18524,train
18525,test
18526,train
18527,train
18528,test
18529,test
18530,val
18531,val
18532,val
18533,test
18534,train
18535,train
18536,train
18537,train
18538,train
18539,train
18540,train
18541,train
18542,train
18543,test
18544,val
18545,train
18546,train
18547,val
18548,train
18549,test
18550,val
18551,test
18552,train
18553,test
18554,train
18555,train
18556,train
18557,test
18558,train
18559,train
18560,train
18561,val
18562,train
18563,test
18564,val
18565,test
18566,train
18567,train
18568,train
18569,val
18570,train
18571,train
18572,train
18573,train
18574,train
18575,train
18576,train
18577,train
18578,test
18579,test
18580,train
18581,test
18582,train
18583,train
18584,test
18585,train
18586,val
18587,train
18588,train
18589,val
18590,train
18591,train
18592,train
18593,train
18594,val
18595,train
18596,train
18597,val
18598,train
18599,test
18600,val
18601,train
18602,train
18603,val
18604,train
18605,train
18606,test
18607,val
18608,train
18609,train
18610,val
18611,train
18612,train
18613,train
18614,train
18615,train
18616,train
18617,val
18618,train
18619,train
18620,train
18621,test
18622,train
18623,train
18624,train
18625,val
18626,test
18627,train
18628,train
18629,train
18630,train
18631,val
18632,train
18633,val
18634,train
18635,test
18636,train
18637,train
18638,val
18639,train
18640,test
18641,train
18642,test
18643,test
18644,test
18645,test
18646,test
18647,val
18648,train
18649,train
18650,test
18651,val
18652,train
18653,train
18654,train
18655,train
18656,train
18657,test
18658,train
18659,train
18660,train
18661,train
18662,train
18663,test
18664,train
18665,train
18666,train
18667,train
18668,val
18669,train
18670,val
18671,val
18672,test
18673,val
18674,train
18675,train
18676,train
18677,train
18678,train
18679,train
18680,train
18681,train
18682,val
18683,train
18684,train
18685,val
18686,train
18687,test
18688,val
18689,test
18690,train
18691,val
18692,train
18693,train
18694,val
18695,train
18696,train
18697,test
18698,train
18699,val
18700,train
18701,test
18702,val
18703,train
18704,val
18705,train
18706,val
18707,train
18708,val
18709,train
18710,train
18711,train
18712,test
18713,test
18714,test
18715,val
18716,val
18717,test
18718,test
18719,train
18720,train
18721,val
18722,train
18723,train
18724,train
18725,train
18726,train
18727,train
18728,test
18729,train
18730,train
18731,train
18732,train
18733,test
18734,val
18735,train
18736,train
18737,train
18738,test
18739,val
18740,test
18741,train
18742,test
18743,val
18744,val
18745,test
18746,val
18747,test
18748,val
18749,train
18750,train
18751,test
18752,test
18753,train
18754,train
18755,train
18756,val
18757,train
18758,train
18759,val
18760,train
18761,train
18762,train
18763,train
18764,train
18765,test
18766,train
18767,test
18768,val
18769,val
18770,train
18771,val
18772,val
18773,train
18774,train
18775,train
18776,test
18777,val
18778,train
18779,train
18780,train
18781,train
18782,train
18783,train
18784,val
18785,train
18786,val
18787,test
18788,train
18789,test
18790,train
18791,train
18792,test
18793,val
18794,test
18795,train
18796,test
18797,train
18798,train
18799,train
18800,test
18801,train
18802,train
18803,train
18804,train
18805,train
18806,train
18807,val
18808,test
18809,val
18810,train
18811,val
18812,train
18813,val
18814,test
18815,train
18816,test
18817,train
18818,val
18819,train
18820,train
18821,train
18822,train
18823,train
18824,val
18825,val
18826,train
18827,train
18828,train
18829,train
18830,train
18831,val
18832,test
18833,train
18834,val
18835,train
18836,train
18837,train
18838,val
18839,train
18840,val
18841,train
18842,train
18843,train
18844,val
18845,test
18846,train
18847,val
18848,train
18849,train
18850,val
18851,val
18852,train
18853,test
18854,train
18855,train
18856,train
18857,val
18858,train
18859,val
18860,test
18861,test
18862,val
18863,test
18864,val
18865,train
18866,train
18867,val
18868,train
18869,train
18870,test
18871,val
18872,train
18873,train
18874,train
18875,train
18876,train
18877,val
18878,train
18879,train
18880,train
18881,val
18882,val
18883,test
18884,val
18885,train
18886,train
18887,train
18888,val
18889,train
18890,train
18891,val
18892,train
18893,train
18894,train
18895,train
18896,test
18897,train
18898,train
18899,val
18900,test
18901,val
18902,train
18903,val
18904,train
18905,train
18906,val
18907,train
18908,val
18909,train
18910,val
18911,train
18912,train
18913,train
18914,val
18915,test
18916,val
18917,val
18918,train
18919,val
18920,val
18921,train
18922,train
18923,train
18924,train
18925,train
18926,val
18927,train
18928,train
18929,train
18930,train
18931,train
18932,test
18933,val
18934,train
18935,train
18936,train
18937,test
18938,val
18939,test
18940,train
18941,test
18942,train
18943,train
18944,val
18945,test
18946,train
18947,train
18948,train
18949,test
18950,train
18951,val
18952,val
18953,test
18954,train
18955,test
18956,train
18957,train
18958,val
18959,train
18960,train
18961,train
18962,train
18963,train
18964,train
18965,val
18966,train
18967,train
18968,val
18969,train
18970,train
18971,train
18972,train
18973,train
18974,train
18975,train
18976,test
18977,val
18978,train
18979,train
18980,train
18981,train
18982,train
18983,test
18984,train
18985,train
18986,train
18987,train
18988,train
18989,val
18990,train
18991,test
18992,val
18993,test
18994,test
18995,test
18996,test
18997,train
18998,train
18999,test
19000,test
19001,val
19002,train
19003,train
19004,train
19005,train
19006,train
19007,val
19008,train
19009,train
19010,train
19011,val
19012,test
19013,val
19014,train
19015,train
19016,train
19017,train
19018,val
19019,train
19020,val
19021,train
19022,train
19023,train
19024,train
19025,test
19026,test
19027,test
19028,train
19029,val
19030,train
19031,train
19032,test
19033,train
19034,train
19035,test
19036,val
19037,train
19038,train
19039,train
19040,val
19041,train
19042,train
19043,train
19044,train
19045,test
19046,train
19047,train
19048,train
19049,val
19050,train
19051,train
19052,val
19053,train
19054,test
19055,test
19056,val
19057,val
19058,train
19059,train
19060,train
19061,val
19062,train
19063,train
19064,train
19065,val
19066,train
19067,train
19068,train
19069,train
19070,train
19071,test
19072,train
19073,train
19074,val
19075,test
19076,train
19077,train
19078,test
19079,test
19080,train
19081,test
19082,train
19083,train
19084,test
19085,test
19086,train
19087,test
19088,val
19089,train
19090,train
19091,train
19092,test
19093,train
19094,train
19095,val
19096,train
19097,train
19098,val
19099,train
19100,val
19101,train
19102,test
19103,train
19104,train
19105,train
19106,train
19107,train
19108,train
19109,train
19110,val
19111,train
19112,val
19113,train
19114,val
19115,train
19116,train
19117,val
19118,train
19119,train
19120,train
19121,train
19122,train
19123,train
19124,val
19125,train
19126,val
19127,val
19128,train
19129,train
19130,test
19131,train
19132,train
19133,test
19134,val
19135,train
19136,train
19137,train
19138,train
19139,train
19140,train
19141,train
19142,train
19143,train
19144,train
19145,train
19146,val
19147,test
19148,train
19149,val
19150,test
19151,test
19152,train
19153,val
19154,test
19155,test
19156,train
19157,val
19158,train
19159,val
19160,val
19161,val
19162,val
19163,test
19164,train
19165,train
19166,test
19167,train
19168,val
19169,val
19170,val
19171,val
19172,train
19173,train
19174,train
19175,train
19176,train
19177,val
19178,val
19179,test
19180,train
19181,val
19182,train
19183,train
19184,train
19185,train
19186,test
19187,train
19188,train
19189,test
19190,train
19191,train
19192,train
19193,train
19194,test
19195,test
19196,train
19197,train
19198,train
19199,val
19200,train
19201,train
19202,train
19203,val
19204,train
19205,test
19206,val
19207,train
19208,train
19209,train
19210,test
19211,test
19212,train
19213,train
19214,val
19215,val
19216,train
19217,train
19218,train
19219,test
19220,train
19221,test
19222,val
19223,train
19224,test
19225,val
19226,val
19227,train
19228,test
19229,train
19230,train
19231,test
19232,train
19233,train
19234,val
19235,train
19236,test
19237,train
19238,test
19239,test
19240,train
19241,train
19242,test
19243,train
19244,test
19245,train
19246,train
19247,train
19248,train
19249,train
19250,train
19251,train
19252,train
19253,test
19254,train
19255,train
19256,train
19257,train
19258,test
19259,train
19260,val
19261,train
19262,train
19263,train
19264,train
19265,train
19266,val
19267,val
19268,val
19269,train
19270,train
19271,val
19272,train
19273,train
19274,val
19275,train
19276,train
19277,val
19278,test
19279,train
19280,train
19281,val
19282,train
19283,train
19284,test
19285,train
19286,train
19287,train
19288,val
19289,train
19290,val
19291,train
19292,val
19293,train
19294,train
19295,test
19296,test
19297,val
19298,train
19299,train
19300,val
19301,train
19302,train
19303,test
19304,train
19305,train
19306,test
19307,train
19308,train
19309,train
19310,train
19311,train
19312,train
19313,train
19314,train
19315,test
19316,train
19317,test
19318,train
19319,train
19320,train
19321,train
19322,train
19323,train
19324,test
19325,val
19326,val
19327,val
19328,train
19329,train
19330,train
19331,val
19332,train
19333,train
19334,val
19335,train
19336,train
19337,train
19338,train
19339,train
19340,train
19341,test
19342,train
19343,test
19344,train
19345,train
19346,train
19347,train
19348,train
19349,train
19350,train
19351,train
19352,train
19353,val
19354,test
19355,train
19356,train
19357,train
19358,test
19359,test
19360,train
19361,val
19362,val
19363,val
19364,train
19365,train
19366,test
19367,train
19368,train
19369,train
19370,train
19371,train
19372,train
19373,val
19374,train
19375,train
19376,test
19377,train
19378,train
19379,train
19380,train
19381,train
19382,train
19383,train
19384,train
19385,train
19386,train
19387,val
19388,train
19389,train
19390,val
19391,train
19392,train
19393,test
19394,train
19395,train
19396,train
19397,train
19398,train
19399,test
19400,train
19401,val
19402,test
19403,train
19404,val
19405,train
19406,test
19407,train
19408,train
19409,train
19410,test
19411,train
19412,train
19413,train
19414,val
19415,train
19416,val
19417,train
19418,train
19419,val
19420,train
19421,train
19422,train
19423,val
19424,train
19425,train
19426,train
19427,train
19428,train
19429,test
19430,val
19431,train
19432,val
19433,train
19434,train
19435,train
19436,train
19437,train
19438,train
19439,train
19440,test
19441,train
19442,train
19443,train
19444,train
19445,train
19446,test
19447,test
19448,train
19449,val
19450,val
19451,train
19452,test
19453,val
19454,train
19455,train
19456,train
19457,train
19458,val
19459,train
19460,val
19461,test
19462,train
19463,val
19464,train
19465,train
19466,train
19467,train
19468,test
19469,train
19470,test
19471,train
19472,train
19473,test
19474,train
19475,train
19476,train
19477,val
19478,train
19479,train
19480,train
19481,val
19482,train
19483,train
19484,train
19485,test
19486,test
19487,train
19488,test
19489,train
19490,test
19491,train
19492,train
19493,val
19494,train
19495,train
19496,train
19497,test
19498,train
19499,train
19500,train
19501,train
19502,test
19503,train
19504,test
19505,val
19506,train
19507,val
19508,val
19509,train
19510,train
19511,train
19512,test
19513,val
19514,val
19515,val
19516,train
19517,train
19518,train
19519,train
19520,test
19521,train
19522,train
19523,train
19524,train
19525,train
19526,train
19527,train
19528,test
19529,test
19530,train
19531,test
19532,test
19533,test
19534,val
19535,train
19536,train
19537,val
19538,train
19539,train
19540,val
19541,val
19542,val
19543,train
19544,train
19545,train
19546,val
19547,train
19548,train
19549,train
19550,val
19551,test
19552,train
19553,train
19554,train
19555,test
19556,train
19557,train
19558,train
19559,test
19560,test
19561,val
19562,test
19563,val
19564,train
19565,train
19566,train
19567,train
19568,train
19569,train
19570,train
19571,train
19572,test
19573,test
19574,test
19575,train
19576,test
19577,train
19578,val
19579,train
19580,train
19581,train
19582,train
19583,train
19584,train
19585,train
19586,train
19587,val
19588,train
19589,train
19590,train
19591,train
19592,train
19593,test
19594,test
19595,train
19596,train
19597,train
19598,train
19599,train
19600,train
19601,train
19602,train
19603,train
19604,val
19605,val
19606,val
19607,train
19608,train
19609,train
19610,train
19611,val
19612,train
19613,test
19614,train
19615,val
19616,train
19617,train
19618,train
19619,train
19620,train
19621,train
19622,val
19623,train
19624,train
19625,train
19626,val
19627,train
19628,train
19629,train
19630,train
19631,train
19632,train
19633,val
19634,train
19635,train
19636,train
19637,train
19638,test
19639,val
19640,train
19641,train
19642,train
19643,train
19644,train
19645,train
19646,val
19647,train
19648,train
19649,train
19650,train
19651,train
19652,test
19653,train
19654,train
19655,train
19656,test
19657,train
19658,val
19659,test
19660,val
19661,val
19662,train
19663,train
19664,train
19665,train
19666,train
19667,train
19668,train
19669,train
19670,train
19671,train
19672,test
19673,val
19674,train
19675,train
19676,val
19677,test
19678,train
19679,val
19680,test
19681,train
19682,val
19683,train
19684,test
19685,train
19686,train
19687,val
19688,train
19689,train
19690,train
19691,train
19692,train
19693,test
19694,train
19695,train
19696,val
19697,train
19698,train
19699,train
19700,train
19701,train
19702,test
19703,train
19704,train
19705,val
19706,test
19707,test
19708,train
19709,train
19710,test
19711,val
19712,val
19713,train
19714,train
19715,train
19716,test
19717,val
19718,train
19719,train
19720,train
19721,test
19722,val
19723,train
19724,train
19725,val
19726,train
19727,train
19728,train
19729,train
19730,train
19731,train
19732,train
19733,train
19734,test
19735,train
19736,train
19737,train
19738,val
19739,train
19740,train
19741,test
19742,train
19743,val
19744,train
19745,train
19746,train
19747,test
19748,test
19749,train
19750,test
19751,val
19752,train
19753,train
19754,train
19755,train
19756,val
19757,val
19758,train
19759,train
19760,train
19761,train
19762,train
19763,test
19764,val
19765,train
19766,train
19767,val
19768,val
19769,val
19770,train
19771,val
19772,train
19773,train
19774,train
19775,train
19776,train
19777,train
19778,val
19779,train
19780,test
19781,val
19782,train
19783,train
19784,train
19785,test
19786,train
19787,train
19788,train
19789,train
19790,train
19791,val
19792,train
19793,test
19794,train
19795,train
19796,test
19797,train
19798,test
19799,val
19800,train
19801,train
19802,train
19803,train
19804,test
19805,val
19806,train
19807,test
19808,train
19809,val
19810,val
19811,train
19812,val
19813,train
19814,train
19815,train
19816,val
19817,train
19818,val
19819,train
19820,test
19821,train
19822,train
19823,test
19824,test
19825,test
19826,val
19827,train
19828,train
19829,val
19830,val
19831,test
19832,train
19833,train
19834,test
19835,train
19836,train
19837,train
19838,train
19839,train
19840,train
19841,test
19842,train
19843,test
19844,test
19845,test
19846,train
19847,val
19848,train
19849,train
19850,train
19851,train
19852,train
19853,train
19854,val
19855,train
19856,test
19857,val
19858,train
19859,train
19860,test
19861,test
19862,test
19863,train
19864,val
19865,val
19866,val
19867,test
19868,test
19869,train
19870,val
19871,train
19872,val
19873,test
19874,train
19875,test
19876,train
19877,train
19878,test
19879,test
19880,val
19881,train
19882,val
19883,test
19884,val
19885,train
19886,train
19887,test
19888,train
19889,train
19890,train
19891,val
19892,val
19893,train
19894,train
19895,train
19896,train
19897,val
19898,train
19899,train
19900,train
19901,train
19902,test
19903,val
19904,test
19905,test
19906,train
19907,test
19908,train
19909,train
19910,train
19911,train
19912,train
19913,train
19914,val
19915,test
19916,test
19917,val
19918,train
19919,train
19920,test
19921,test
19922,train
19923,test
19924,train
19925,test
19926,val
19927,train
19928,train
19929,val
19930,val
19931,train
19932,train
19933,test
19934,train
19935,train
19936,train
19937,train
19938,train
19939,test
19940,train
19941,test
19942,val
19943,train
19944,train
19945,test
19946,train
19947,train
19948,train
19949,train
19950,train
19951,train
19952,test
19953,val
19954,test
19955,val
19956,train
19957,test
19958,test
19959,test
19960,val
19961,train
19962,test
19963,val
19964,train
19965,test
19966,val
19967,train
19968,train
19969,test
19970,train
19971,test
19972,train
19973,val
19974,train
19975,val
19976,test
19977,val
19978,train
19979,train
19980,train
19981,train
19982,test
19983,train
19984,train
19985,train
19986,train
19987,train
19988,test
19989,train
19990,val
19991,train
19992,test
19993,train
19994,train
19995,train
19996,test
19997,train
19998,train
19999,val
20000,test
20001,train
20002,train
20003,train
20004,train
20005,train
20006,train
20007,train
20008,val
20009,train
20010,train
20011,train
20012,train
20013,val
20014,train
20015,train
20016,train
20017,test
20018,train
20019,test
20020,train
20021,train
20022,train
20023,val
20024,train
20025,train
20026,train
20027,train
20028,train
20029,train
20030,val
20031,train
20032,val
20033,train
20034,val
20035,train
20036,train
20037,train
20038,train
20039,train
20040,train
20041,train
20042,train
20043,train
20044,train
20045,train
20046,train
20047,train
20048,train
20049,train
20050,train
20051,val
20052,train
20053,test
20054,train
20055,test
20056,train
20057,train
20058,test
20059,train
20060,val
20061,train
20062,train
20063,train
20064,val
20065,test
20066,test
20067,train
20068,train
20069,train
20070,val
20071,train
20072,train
20073,val
20074,val
20075,test
20076,train
20077,train
20078,train
20079,val
20080,test
20081,train
20082,val
20083,train
20084,train
20085,train
20086,val
20087,val
20088,test
20089,train
20090,test
20091,train
20092,test
20093,train
20094,val
20095,train
20096,train
20097,train
20098,train
20099,train
20100,val
20101,test
20102,train
20103,train
20104,val
20105,val
20106,train
20107,val
20108,test
20109,train
20110,train
20111,train
20112,val
20113,train
20114,test
20115,val
20116,train
20117,train
20118,train
20119,train
20120,train
20121,val
20122,train
20123,test
20124,train
20125,test
20126,train
20127,train
20128,train
20129,train
20130,train
20131,train
20132,train
20133,train
20134,val
20135,train
20136,val
20137,val
20138,train
20139,val
20140,test
20141,test
20142,val
20143,train
20144,train
20145,train
20146,train
20147,val
20148,train
20149,test
20150,train
20151,train
20152,train
20153,val
20154,test
20155,val
20156,test
20157,val
20158,train
20159,train
20160,train
20161,train
20162,test
20163,train
20164,train
20165,train
20166,train
20167,train
20168,train
20169,train
20170,test
20171,train
20172,val
20173,train
20174,train
20175,test
20176,train
20177,train
20178,val
20179,train
20180,train
20181,test
20182,test
20183,val
20184,train
20185,train
20186,train
20187,train
20188,val
20189,train
20190,train
20191,train
20192,train
20193,val
20194,train
20195,train
20196,val
20197,train
20198,test
20199,train
20200,train
20201,train
20202,train
20203,test
20204,train
20205,val
20206,train
20207,val
20208,train
20209,train
20210,train
20211,train
20212,train
20213,train
20214,train
20215,train
20216,val
20217,test
20218,val
20219,train
20220,train
20221,train
20222,train
20223,test
20224,test
20225,test
20226,train
20227,train
20228,test
20229,train
20230,val
20231,train
20232,test
20233,train
20234,train
20235,train
20236,train
20237,test
20238,test
20239,test
20240,train
20241,train
20242,val
20243,test
20244,test
20245,val
20246,val
20247,test
20248,train
20249,train
20250,train
20251,test
20252,train
20253,test
20254,test
20255,train
20256,train
20257,train
20258,val
20259,train
20260,train
20261,train
20262,val
20263,test
20264,val
20265,train
20266,train
20267,train
20268,test
20269,test
20270,train
20271,train
20272,val
20273,train
20274,train
20275,test
20276,test
20277,test
20278,train
20279,train
20280,train
20281,train
20282,train
20283,train
20284,val
20285,train
20286,train
20287,train
20288,val
20289,train
20290,train
20291,train
20292,train
20293,val
20294,train
20295,train
20296,train
20297,train
20298,train
20299,train
20300,test
20301,train
20302,train
20303,val
20304,train
20305,val
20306,train
20307,train
20308,train
20309,val
20310,train
20311,train
20312,test
20313,train
20314,train
20315,test
20316,train
20317,train
20318,test
20319,test
20320,val
20321,test
20322,train
20323,train
20324,val
20325,train
20326,val
20327,test
20328,train
20329,test
20330,train
20331,val
20332,train
20333,val
20334,train
20335,val
20336,test
20337,val
20338,test
20339,train
20340,train
20341,train
20342,train
20343,train
20344,test
20345,train
20346,train
20347,train
20348,test
20349,train
20350,train
20351,train
20352,test
20353,train
20354,train
20355,val
20356,train
20357,train
20358,train
20359,test
20360,train
20361,train
20362,train
20363,val
20364,train
20365,train
20366,train
20367,test
20368,train
20369,train
20370,train
20371,test
20372,test
20373,train
20374,train
20375,train
20376,train
20377,train
20378,train
20379,val
20380,train
20381,val
20382,test
20383,train
20384,train
20385,val
20386,val
20387,train
20388,train
20389,train
20390,train
20391,train
20392,val
20393,train
20394,train
20395,test
20396,train
20397,val
20398,test
20399,train
20400,test
20401,train
20402,test
20403,train
20404,train
20405,test
20406,val
20407,train
20408,train
20409,train
20410,train
20411,val
20412,test
20413,val
20414,val
20415,train
20416,train
20417,train
20418,val
20419,train
20420,train
20421,train
20422,test
20423,train
20424,train
20425,test
20426,test
20427,train
20428,train
20429,val
20430,train
20431,train
20432,val
20433,train
20434,train
20435,val
20436,train
20437,train
20438,train
20439,train
20440,val
20441,test
20442,train
20443,train
20444,test
20445,val
20446,train
20447,train
20448,train
20449,train
20450,val
20451,train
20452,train
20453,val
20454,train
20455,train
20456,train
20457,test
20458,train
20459,test
20460,test
20461,train
20462,test
20463,train
20464,train
20465,test
20466,test
20467,train
20468,test
20469,test
20470,train
20471,val
20472,train
20473,train
20474,train
20475,train
20476,train
20477,test
20478,train
20479,val
20480,train
20481,test
20482,train
20483,test
20484,train
20485,test
20486,val
20487,train
20488,train
20489,test
20490,val
20491,train
20492,train
20493,train
20494,test
20495,train
20496,train
20497,val
20498,test
20499,train
20500,train
20501,train
20502,train
20503,train
20504,train
20505,train
20506,test
20507,val
20508,train
20509,train
20510,test
20511,train
20512,test
20513,train
20514,train
20515,test
20516,test
20517,train
20518,train
20519,train
20520,train
20521,val
20522,train
20523,val
20524,test
20525,train
20526,train
20527,train
20528,val
20529,train
20530,val
20531,test
20532,val
20533,train
20534,train
20535,train
20536,train
20537,train
20538,train
20539,test
20540,train
20541,train
20542,test
20543,test
20544,test
20545,train
20546,test
20547,train
20548,test
20549,train
20550,val
20551,test
20552,val
20553,train
20554,val
20555,test
20556,train
20557,train
20558,train
20559,val
20560,train
20561,val
20562,train
20563,val
20564,train
20565,val
20566,val
20567,train
20568,train
20569,train
20570,train
20571,train
20572,test
20573,train
20574,train
20575,train
20576,train
20577,val
20578,train
20579,test
20580,test
20581,val
20582,train
20583,train
20584,val
20585,val
20586,train
20587,val
20588,train
20589,train
20590,train
20591,val
20592,train
20593,val
20594,train
20595,test
20596,test
20597,test
20598,train
20599,val
20600,train
20601,test
20602,test
20603,train
20604,train
20605,val
20606,train
20607,val
20608,train
20609,train
20610,train
20611,val
20612,train
20613,train
20614,train
20615,test
20616,val
20617,train
20618,train
20619,test
20620,train
20621,train
20622,train
20623,val
20624,train
20625,val
20626,train
20627,train
20628,train
20629,val
20630,val
20631,train
20632,train
20633,train
20634,train
20635,val
20636,train
20637,train
20638,train
20639,train
20640,val
20641,test
20642,train
20643,test
20644,test
20645,test
20646,val
20647,train
20648,train
20649,test
20650,train
20651,train
20652,val
20653,val
20654,test
20655,train
20656,train
20657,val
20658,test
20659,train
20660,train
20661,test
20662,train
20663,train
20664,val
20665,train
20666,train
20667,val
20668,train
20669,val
20670,train
20671,train
20672,train
20673,train
20674,test
20675,train
20676,test
20677,val
20678,val
20679,val
20680,train
20681,train
20682,train
20683,val
20684,train
20685,train
20686,train
20687,train
20688,train
20689,test
20690,val
20691,train
20692,train
20693,train
20694,test
20695,train
20696,train
20697,train
20698,train
20699,val
20700,train
20701,train
20702,train
20703,train
20704,val
20705,train
20706,val
20707,val
20708,train
20709,train
20710,train
20711,train
20712,train
20713,train
20714,train
20715,train
20716,val
20717,train
20718,val
20719,train
20720,train
20721,test
20722,val
20723,test
20724,val
20725,train
20726,train
20727,train
20728,train
20729,test
20730,train
20731,val
20732,test
20733,train
20734,test
20735,train
20736,val
20737,test
20738,train
20739,val
20740,train
20741,train
20742,val
20743,train
20744,train
20745,train
20746,train
20747,train
20748,val
20749,train
20750,val
20751,val
20752,val
20753,val
20754,train
20755,train
20756,train
20757,val
20758,train
20759,train
20760,train
20761,train
20762,val
20763,val
20764,val
20765,test
20766,train
20767,train
20768,val
20769,val
20770,train
20771,train
20772,train
20773,train
20774,val
20775,train
20776,val
20777,val
20778,train
20779,train
20780,train
20781,val
20782,test
20783,test
20784,test
20785,val
20786,train
20787,train
20788,val
20789,train
20790,train
20791,train
20792,train
20793,test
20794,val
20795,train
20796,test
20797,test
20798,train
20799,train
20800,train
20801,train
20802,train
20803,val
20804,val
20805,train
20806,test
20807,train
20808,test
20809,train
20810,test
20811,val
20812,train
20813,test
20814,test
20815,train
20816,train
20817,train
20818,val
20819,val
20820,train
20821,train
20822,test
20823,train
20824,train
20825,train
20826,test
20827,val
20828,train
20829,train
20830,train
20831,train
20832,train
20833,val
20834,train
20835,train
20836,val
20837,val
20838,train
20839,val
20840,train
20841,train
20842,test
20843,test
20844,train
20845,test
20846,val
20847,val
20848,train
20849,test
20850,train
20851,test
20852,train
20853,test
20854,train
20855,train
20856,train
20857,test
20858,test
20859,train
20860,train
20861,test
20862,val
20863,train
20864,train
20865,test
20866,test
20867,train
20868,test
20869,train
20870,val
20871,val
20872,train
20873,train
20874,train
20875,train
20876,train
20877,train
20878,val
20879,train
20880,test
20881,train
20882,train
20883,val
20884,train
20885,train
20886,train
20887,train
20888,train
20889,test
20890,val
20891,train
20892,train
20893,train
20894,test
20895,train
20896,train
20897,train
20898,train
20899,val
20900,val
20901,val
20902,train
20903,test
20904,train
20905,test
20906,test
20907,val
20908,test
20909,val
20910,test
20911,train
20912,val
20913,val
20914,train
20915,val
20916,train
20917,val
20918,train
20919,test
20920,train
20921,train
20922,test
20923,train
20924,train
20925,test
20926,test
20927,val
20928,train
20929,val
20930,train
20931,val
20932,test
20933,val
20934,train
20935,val
20936,train
20937,test
20938,train
20939,train
20940,train
20941,train
20942,train
20943,test
20944,test
20945,train
20946,train
20947,test
20948,test
20949,train
20950,test
20951,val
20952,val
20953,train
20954,train
20955,train
20956,train
20957,train
20958,train
20959,train
20960,train
20961,val
20962,test
20963,train
20964,train
20965,train
20966,test
20967,train
20968,train
20969,train
20970,train
20971,val
20972,train
20973,test
20974,train
20975,train
20976,train
20977,train
20978,test
20979,train
20980,train
20981,train
20982,train
20983,val
20984,test
20985,train
20986,val
20987,train
20988,train
20989,val
20990,train
20991,train
20992,train
20993,train
20994,train
20995,train
20996,train
20997,train
20998,test
20999,test
21000,train
21001,val
21002,train
21003,val
21004,train
21005,val
21006,train
21007,val
21008,test
21009,test
21010,train
21011,test
21012,train
21013,train
21014,test
21015,test
21016,train
21017,train
21018,train
21019,train
21020,test
21021,train
21022,test
21023,train
21024,train
21025,train
21026,train
21027,train
21028,test
21029,test
21030,train
21031,train
21032,val
21033,train
21034,test
21035,train
21036,test
21037,val
21038,test
21039,train
21040,test
21041,train
21042,train
21043,test
21044,train
21045,train
21046,train
21047,train
21048,train
21049,test
21050,train
21051,train
21052,train
21053,train
21054,test
21055,test
21056,test
21057,train
21058,train
21059,test
21060,train
21061,test
21062,train
21063,train
21064,train
21065,test
21066,train
21067,test
21068,train
21069,train
21070,test
21071,train
21072,test
21073,test
21074,train
21075,test
21076,train
21077,test
21078,train
21079,train
21080,val
21081,test
21082,train
21083,train
21084,val
21085,val
21086,val
21087,train
21088,test
21089,train
21090,test
21091,train
21092,train
21093,test
21094,val
21095,train
21096,train
21097,test
21098,train
21099,train
21100,test
21101,train
21102,val
21103,train
21104,test
21105,train
21106,train
21107,train
21108,train
21109,val
21110,val
21111,test
21112,train
21113,test
21114,train
21115,train
21116,train
21117,train
21118,train
21119,val
21120,train
21121,train
21122,test
21123,train
21124,val
21125,val
21126,train
21127,train
21128,train
21129,train
21130,val
21131,train
21132,train
21133,train
21134,val
21135,test
21136,val
21137,val
21138,train
21139,train
21140,train
21141,val
21142,test
21143,val
21144,train
21145,train
21146,val
21147,train
21148,train
21149,val
21150,test
21151,train
21152,train
21153,train
21154,val
21155,test
21156,test
21157,test
21158,train
21159,train
21160,test
21161,train
21162,val
21163,test
21164,train
21165,val
21166,train
21167,test
21168,test
21169,train
21170,train
21171,test
21172,train
21173,train
21174,train
21175,test
21176,train
21177,train
21178,test
21179,train
21180,test
21181,train
21182,test
21183,train
21184,test
21185,test
21186,train
21187,test
21188,train
21189,train
21190,val
21191,val
21192,train
21193,val
21194,train
21195,val
21196,train
21197,train
21198,test
21199,train
21200,train
21201,train
21202,train
21203,test
21204,val
21205,test
21206,train
21207,train
21208,val
21209,train
21210,train
21211,train
21212,test
21213,train
21214,train
21215,test
21216,train
21217,train
21218,val
21219,train
21220,val
21221,train
21222,train
21223,val
21224,test
21225,train
21226,train
21227,train
21228,train
21229,train
21230,train
21231,train
21232,val
21233,train
21234,train
21235,train
21236,val
21237,test
21238,test
21239,val
21240,val
21241,train
21242,test
21243,test
21244,train
21245,test
21246,val
21247,train
21248,val
21249,train
21250,train
21251,train
21252,train
21253,val
21254,test
21255,train
21256,train
21257,train
21258,train
21259,test
21260,val
21261,val
21262,train
21263,train
21264,test
21265,test
21266,train
21267,train
21268,train
21269,test
21270,train
21271,test
21272,test
21273,train
21274,val
21275,train
21276,train
21277,train
21278,train
21279,train
21280,train
21281,train
21282,val
21283,val
21284,train
21285,train
21286,train
21287,train
21288,train
21289,train
21290,train
21291,val
21292,val
21293,val
21294,train
21295,train
21296,val
21297,test
21298,val
21299,train
21300,train
21301,train
21302,train
21303,train
21304,train
21305,test
21306,val
21307,train
21308,test
21309,val
21310,train
21311,train
21312,train
21313,val
21314,train
21315,test
21316,train
21317,val
21318,val
21319,train
21320,test
21321,train
21322,train
21323,val
21324,train
21325,train
21326,val
21327,train
21328,train
21329,train
21330,test
21331,val
21332,val
21333,train
21334,train
21335,train
21336,val
21337,test
21338,val
21339,train
21340,test
21341,val
21342,train
21343,train
21344,val
21345,train
21346,train
21347,train
21348,train
21349,test
21350,train
21351,test
21352,val
21353,val
21354,train
21355,test
21356,train
21357,train
21358,train
21359,train
21360,train
21361,val
21362,test
21363,train
21364,val
21365,val
21366,test
21367,val
21368,train
21369,val
21370,train
21371,test
21372,test
21373,train
21374,train
21375,train
21376,train
21377,test
21378,val
21379,val
21380,val
21381,train
21382,train
21383,val
21384,test
21385,val
21386,train
21387,test
21388,val
21389,train
21390,train
21391,train
21392,val
21393,test
21394,test
21395,train
21396,train
21397,train
21398,train
21399,train
21400,train
21401,train
21402,train
21403,train
21404,train
21405,train
21406,val
21407,test
21408,train
21409,train
21410,train
21411,train
21412,train
21413,test
21414,test
21415,val
21416,val
21417,train
21418,train
21419,train
21420,train
21421,test
21422,train
21423,test
21424,train
21425,train
21426,test
21427,train
21428,test
21429,train
21430,test
21431,train
21432,train
21433,train
21434,val
21435,train
21436,test
21437,train
21438,val
21439,train
21440,train
21441,test
21442,train
21443,test
21444,train
21445,train
21446,val
21447,train
21448,test
21449,test
21450,val
21451,train
21452,test
21453,val
21454,val
21455,test
21456,train
21457,val
21458,test
21459,train
21460,train
21461,test
21462,train
21463,train
21464,train
21465,train
21466,train
21467,train
21468,train
21469,val
21470,train
21471,val
21472,test
21473,val
21474,train
21475,train
21476,val
21477,train
21478,val
21479,test
21480,val
21481,train
21482,val
21483,train
21484,train
21485,train
21486,test
21487,val
21488,val
21489,val
21490,train
21491,train
21492,train
21493,train
21494,train
21495,test
21496,test
21497,train
21498,train
21499,train
21500,train
21501,train
21502,val
21503,test
21504,train
21505,train
21506,train
21507,train
21508,train
21509,test
21510,train
21511,test
21512,val
21513,train
21514,train
21515,val
21516,val
21517,val
21518,train
21519,train
21520,train
21521,train
21522,test
21523,train
21524,test
21525,val
21526,train
21527,train
21528,train
21529,val
21530,test
21531,test
21532,test
21533,train
21534,val
21535,val
21536,train
21537,test
21538,test
21539,val
21540,test
21541,train
21542,train
21543,train
21544,test
21545,train
21546,train
21547,test
21548,train
21549,train
21550,train
21551,val
21552,val
21553,train
21554,test
21555,train
21556,train
21557,train
21558,test
21559,val
21560,train
21561,train
21562,train
21563,train
21564,val
21565,val
21566,train
21567,val
21568,train
21569,train
21570,test
21571,train
21572,val
21573,train
21574,train
21575,test
21576,train
21577,train
21578,train
21579,val
21580,test
21581,train
21582,train
21583,train
21584,train
21585,train
21586,train
21587,val
21588,val
21589,val
21590,test
21591,test
21592,train
21593,train
21594,train
21595,train
21596,train
21597,train
21598,train
21599,val
21600,test
21601,train
21602,train
21603,test
21604,test
21605,val
21606,test
21607,test
21608,train
21609,train
21610,val
21611,train
21612,train
21613,train
21614,train
21615,train
21616,train
21617,train
21618,train
21619,train
21620,train
21621,train
21622,train
21623,train
21624,test
21625,train
21626,train
21627,test
21628,test
21629,train
21630,val
21631,test
21632,train
21633,train
21634,train
21635,train
21636,val
21637,val
21638,test
21639,train
21640,test
21641,train
21642,train
21643,train
21644,val
21645,train
21646,train
21647,test
21648,test
21649,train
21650,train
21651,train
21652,val
21653,train
21654,train
21655,train
21656,val
21657,val
21658,test
21659,train
21660,test
21661,train
21662,train
21663,test
21664,train
21665,train
21666,train
21667,train
21668,train
21669,test
21670,val
21671,test
21672,test
21673,test
21674,train
21675,test
21676,train
21677,train
21678,test
21679,test
21680,test
21681,test
21682,train
21683,val
21684,train
21685,test
21686,train
21687,val
21688,train
21689,train
21690,train
21691,train
21692,test
21693,val
21694,train
21695,val
21696,test
21697,test
21698,train
21699,train
21700,val
21701,train
21702,val
21703,test
21704,train
21705,val
21706,train
21707,train
21708,train
21709,val
21710,test
21711,train
21712,train
21713,val
21714,train
21715,val
21716,train
21717,train
21718,train
21719,test
21720,train
21721,val
21722,train
21723,train
21724,train
21725,train
21726,train
21727,val
21728,test
21729,train
21730,test
21731,train
21732,train
21733,train
21734,val
21735,train
21736,train
21737,val
21738,train
21739,train
21740,train
21741,test
21742,train
21743,train
21744,test
21745,train
21746,train
21747,test
21748,test
21749,val
21750,train
21751,val
21752,train
21753,train
21754,train
21755,val
21756,train
21757,test
21758,train
21759,train
21760,val
21761,train
21762,train
21763,val
21764,test
21765,train
21766,test
21767,test
21768,test
21769,train
21770,test
21771,train
21772,train
21773,val
21774,train
21775,train
21776,test
21777,test
21778,train
21779,train
21780,train
21781,train
21782,train
21783,train
21784,train
21785,test
21786,train
21787,test
21788,train
21789,val
21790,train
21791,train
21792,train
21793,train
21794,train
21795,test
21796,val
21797,val
21798,train
21799,train
21800,test
21801,val
21802,val
21803,train
21804,val
21805,train
21806,train
21807,train
21808,train
21809,train
21810,train
21811,test
21812,train
21813,train
21814,train
21815,train
21816,val
21817,val
21818,train
21819,test
21820,test
21821,train
21822,train
21823,train
21824,val
21825,train
21826,test
21827,train
21828,train
21829,test
21830,train
21831,val
21832,val
21833,train
21834,train
21835,train
21836,train
21837,train
21838,train
21839,val
21840,train
21841,val
21842,train
21843,train
21844,val
21845,train
21846,val
21847,train
21848,train
21849,train
21850,train
21851,train
21852,train
21853,train
21854,train
21855,train
21856,train
21857,test
21858,train
21859,test
21860,train
21861,val
21862,train
21863,train
21864,test
21865,val
21866,train
21867,val
21868,train
21869,train
21870,train
21871,train
21872,train
21873,test
21874,test
21875,train
21876,val
21877,train
21878,train
21879,train
21880,train
21881,train
21882,test
21883,val
21884,train
21885,train
21886,val
21887,train
21888,test
21889,train
21890,train
21891,train
21892,test
21893,train
21894,train
21895,val
21896,train
21897,train
21898,test
21899,val
21900,train
21901,test
21902,val
21903,train
21904,train
21905,train
21906,train
21907,val
21908,val
21909,train
21910,val
21911,val
21912,val
21913,train
21914,val
21915,train
21916,train
21917,train
21918,train
21919,test
21920,val
21921,train
21922,train
21923,train
21924,train
21925,val
21926,train
21927,test
21928,train
21929,test
21930,val
21931,train
21932,train
21933,val
21934,train
21935,test
21936,train
21937,train
21938,train
21939,train
21940,train
21941,val
21942,test
21943,train
21944,train
21945,train
21946,val
21947,test
21948,train
21949,train
21950,train
21951,val
21952,train
21953,train
21954,train
21955,train
21956,val
21957,train
21958,val
21959,train
21960,train
21961,train
21962,val
21963,test
21964,train
21965,test
21966,train
21967,test
21968,train
21969,val
21970,train
21971,train
21972,test
21973,test
21974,train
21975,train
21976,train
21977,test
21978,val
21979,train
21980,train
21981,test
21982,val
21983,train
21984,val
21985,val
21986,train
21987,train
21988,train
21989,test
21990,val
21991,train
21992,train
21993,val
21994,train
21995,val
21996,train
21997,train
21998,train
21999,train
22000,train
22001,val
22002,test
22003,train
22004,test
22005,train
22006,val
22007,test
22008,train
22009,train
22010,test
22011,test
22012,train
22013,val
22014,test
22015,train
22016,test
22017,val
22018,train
22019,train
22020,test
22021,train
22022,train
22023,train
22024,val
22025,val
22026,train
22027,train
22028,test
22029,train
22030,train
22031,train
22032,train
22033,train
22034,train
22035,train
22036,train
22037,train
22038,train
22039,train
22040,train
22041,train
22042,val
22043,val
22044,train
22045,test
22046,val
22047,train
22048,test
22049,val
22050,train
22051,train
22052,train
22053,val
22054,test
22055,test
22056,train
22057,train
22058,val
22059,val
22060,val
22061,val
22062,val
22063,train
22064,train
22065,test
22066,train
22067,val
22068,train
22069,train
22070,train
22071,train
22072,train
22073,val
22074,train
22075,train
22076,test
22077,test
22078,train
22079,test
22080,train
22081,test
22082,test
22083,train
22084,test
22085,train
22086,test
22087,train
22088,test
22089,val
22090,test
22091,train
22092,val
22093,train
22094,train
22095,train
22096,val
22097,val
22098,val
22099,val
22100,test
22101,train
22102,test
22103,val
22104,train
22105,train
22106,train
22107,train
22108,test
22109,train
22110,train
22111,val
22112,train
22113,val
22114,train
22115,train
22116,train
22117,test
22118,val
22119,test
22120,train
22121,val
22122,train
22123,test
22124,test
22125,train
22126,train
22127,val
22128,train
22129,val
22130,train
22131,val
22132,train
22133,val
22134,test
22135,test
22136,test
22137,train
22138,val
22139,val
22140,train
22141,train
22142,train
22143,train
22144,train
22145,train
22146,train
22147,train
22148,val
22149,val
22150,test
22151,val
22152,val
22153,val
22154,train
22155,test
22156,val
22157,train
22158,train
22159,train
22160,train
22161,train
22162,test
22163,test
22164,val
22165,train
22166,train
22167,val
22168,val
22169,train
22170,train
22171,test
22172,test
22173,test
22174,train
22175,val
22176,train
22177,train
22178,train
22179,train
22180,val
22181,test
22182,val
22183,train
22184,test
22185,val
22186,val
22187,train
22188,test
22189,train
22190,test
22191,test
22192,train
22193,test
22194,test
22195,train
22196,train
22197,test
22198,train
22199,val
22200,train
22201,train
22202,train
22203,train
22204,val
22205,train
22206,train
22207,train
22208,val
22209,train
22210,train
22211,val
22212,train
22213,train
22214,test
22215,val
22216,train
22217,train
22218,train
22219,train
22220,val
22221,val
22222,train
22223,val
22224,train
22225,test
22226,train
22227,train
22228,train
22229,test
22230,train
22231,train
22232,train
22233,train
22234,train
22235,train
22236,test
22237,train
22238,train
22239,val
22240,train
22241,train
22242,train
22243,train
22244,train
22245,train
22246,train
22247,train
22248,val
22249,test
22250,train
22251,test
22252,train
22253,test
22254,train
22255,train
22256,train
22257,val
22258,val
22259,train
22260,val
22261,train
22262,train
22263,test
22264,train
22265,val
22266,val
22267,val
22268,train
22269,train
22270,train
22271,train
22272,train
22273,val
22274,train
22275,train
22276,val
22277,test
22278,train
22279,train
22280,train
22281,train
22282,test
22283,train
22284,val
22285,train
22286,val
22287,train
22288,train
22289,train
22290,train
22291,train
22292,val
22293,train
22294,train
22295,train
22296,train
22297,test
22298,train
22299,train
22300,train
22301,val
22302,test
22303,val
22304,val
22305,train
22306,test
22307,train
22308,train
22309,train
22310,train
22311,val
22312,train
22313,train
22314,test
22315,train
22316,train
22317,train
22318,train
22319,train
22320,train
22321,val
22322,val
22323,train
22324,train
22325,val
22326,train
22327,test
22328,val
22329,train
22330,train
22331,train
22332,train
22333,train
22334,val
22335,train
22336,train
22337,test
22338,test
22339,train
22340,train
22341,train
22342,train
22343,test
22344,val
22345,train
22346,train
22347,train
22348,val
22349,train
22350,train
22351,train
22352,train
22353,train
22354,val
22355,train
22356,test
22357,train
22358,train
22359,train
22360,train
22361,train
22362,train
22363,val
22364,train
22365,train
22366,train
22367,val
22368,val
22369,train
22370,train
22371,train
22372,train
22373,train
22374,train
22375,train
22376,train
22377,train
22378,test
22379,train
22380,train
22381,train
22382,val
22383,train
22384,train
22385,val
22386,train
22387,train
22388,test
22389,train
22390,val
22391,val
22392,train
22393,train
22394,train
22395,val
22396,train
22397,train
22398,val
22399,test
22400,train
22401,test
22402,test
22403,train
22404,test
22405,train
22406,test
22407,train
22408,val
22409,train
22410,train
22411,train
22412,train
22413,test
22414,train
22415,val
22416,train
22417,test
22418,val
22419,train
22420,train
22421,train
22422,train
22423,val
22424,val
22425,train
22426,train
22427,train
22428,test
22429,train
22430,train
22431,test
22432,train
22433,val
22434,train
22435,train
22436,train
22437,train
22438,val
22439,test
22440,val
22441,test
22442,train
22443,train
22444,train
22445,test
22446,train
22447,test
22448,test
22449,val
22450,train
22451,train
22452,test
22453,val
22454,train
22455,train
22456,val
22457,train
22458,val
22459,test
22460,val
22461,train
22462,train
22463,train
22464,test
22465,train
22466,train
22467,test
22468,train
22469,test
22470,train
22471,train
22472,test
22473,train
22474,train
22475,train
22476,val
22477,train
22478,val
22479,test
22480,train
22481,train
22482,test
22483,test
22484,val
22485,test
22486,train
22487,test
22488,train
22489,train
22490,test
22491,test
22492,test
22493,train
22494,test
22495,test
22496,train
22497,val
22498,train
22499,test
22500,test
22501,test
22502,val
22503,train
22504,test
22505,test
22506,train
22507,train
22508,test
22509,test
22510,train
22511,train
22512,val
22513,train
22514,val
22515,test
22516,test
22517,train
22518,test
22519,train
22520,train
22521,train
22522,test
22523,train
22524,train
22525,val
22526,train
22527,val
22528,train
22529,train
22530,test
22531,val
22532,test
22533,train
22534,test
22535,train
22536,val
22537,val
22538,test
22539,val
22540,val
22541,test
22542,train
22543,train
22544,test
22545,test
22546,test
22547,train
22548,train
22549,train
22550,train
22551,train
22552,val
22553,train
22554,test
22555,test
22556,train
22557,train
22558,train
22559,train
22560,train
22561,val
22562,val
22563,train
22564,train
22565,val
22566,train
22567,train
22568,val
22569,train
22570,train
22571,train
22572,test
22573,train
22574,train
22575,train
22576,train
22577,train
22578,train
22579,train
22580,train
22581,train
22582,test
22583,train
22584,train
22585,train
22586,test
22587,val
22588,train
22589,train
22590,val
22591,val
22592,train
22593,train
22594,test
22595,test
22596,train
22597,train
22598,train
22599,val
22600,train
22601,train
22602,test
22603,train
22604,train
22605,val
22606,train
22607,train
22608,train
22609,val
22610,val
22611,train
22612,test
22613,train
22614,train
22615,train
22616,val
22617,train
22618,train
22619,train
22620,val
22621,test
22622,train
22623,test
22624,train
22625,test
22626,train
22627,val
22628,val
22629,train
22630,test
22631,train
22632,val
22633,train
22634,train
22635,test
22636,test
22637,val
22638,test
22639,train
22640,test
22641,train
22642,train
22643,val
22644,train
22645,train
22646,train
22647,train
22648,train
22649,train
22650,train
22651,train
22652,train
22653,val
22654,train
22655,val
22656,train
22657,train
22658,val
22659,train
22660,test
22661,test
22662,train
22663,test
22664,train
22665,test
22666,val
22667,val
22668,val
22669,train
22670,train
22671,val
22672,train
22673,val
22674,val
22675,train
22676,val
22677,train
22678,train
22679,train
22680,train
22681,train
22682,train
22683,train
22684,train
22685,train
22686,train
22687,train
22688,train
22689,train
22690,train
22691,train
22692,train
22693,val
22694,train
22695,test
22696,val
22697,train
22698,test
22699,val
22700,train
22701,test
22702,train
22703,val
22704,test
22705,train
22706,val
22707,train
22708,train
22709,test
22710,train
22711,val
22712,train
22713,val
22714,train
22715,val
22716,train
22717,val
22718,train
22719,val
22720,train
22721,train
22722,train
22723,train
22724,val
22725,train
22726,test
22727,train
22728,val
22729,train
22730,train
22731,test
22732,train
22733,val
22734,train
22735,val
22736,test
22737,train
22738,test
22739,train
22740,val
22741,train
22742,train
22743,train
22744,train
22745,train
22746,train
22747,train
22748,train
22749,test
22750,test
22751,test
22752,train
22753,train
22754,train
22755,test
22756,train
22757,val
22758,test
22759,train
22760,train
22761,val
22762,train
22763,train
22764,train
22765,test
22766,train
22767,train
22768,val
22769,train
22770,train
22771,train
22772,train
22773,train
22774,test
22775,val
22776,train
22777,train
22778,train
22779,train
22780,test
22781,train
22782,train
22783,train
22784,train
22785,val
22786,val
22787,test
22788,val
22789,val
22790,train
22791,val
22792,train
22793,train
22794,test
22795,val
22796,val
22797,val
22798,train
22799,train
22800,val
22801,train
22802,test
22803,train
22804,train
22805,train
22806,train
22807,test
22808,val
22809,train
22810,test
22811,train
22812,train
22813,train
22814,val
22815,test
22816,train
22817,test
22818,train
22819,train
22820,train
22821,train
22822,test
22823,test
22824,test
22825,test
22826,train
22827,train
22828,test
22829,train
22830,test
22831,train
22832,train
22833,train
22834,test
22835,train
22836,train
22837,train
22838,train
22839,train
22840,test
22841,train
22842,train
22843,val
22844,test
22845,train
22846,train
22847,train
22848,val
22849,train
22850,train
22851,val
22852,train
22853,train
22854,test
22855,train
22856,val
22857,test
22858,train
22859,test
22860,train
22861,val
22862,test
22863,train
22864,train
22865,train
22866,test
22867,test
22868,train
22869,train
22870,train
22871,test
22872,train
22873,train
22874,train
22875,val
22876,test
22877,test
22878,train
22879,train
22880,train
22881,train
22882,train
22883,train
22884,test
22885,train
22886,test
22887,test
22888,train
22889,train
22890,test
22891,val
22892,test
22893,val
22894,train
22895,train
22896,val
22897,val
22898,test
22899,test
22900,train
22901,train
22902,train
22903,train
22904,val
22905,train
22906,train
22907,train
22908,train
22909,test
22910,train
22911,train
22912,train
22913,train
22914,val
22915,test
22916,train
22917,test
22918,test
22919,test
22920,val
22921,train
22922,train
22923,test
22924,train
22925,train
22926,val
22927,train
22928,train
22929,val
22930,train
22931,train
22932,test
22933,train
22934,train
22935,train
22936,train
22937,test
22938,train
22939,train
22940,val
22941,val
22942,train
22943,train
22944,train
22945,train
22946,train
22947,train
22948,train
22949,train
22950,train
22951,train
22952,test
22953,train
22954,train
22955,val
22956,train
22957,test
22958,train
22959,val
22960,train
22961,test
22962,train
22963,test
22964,test
22965,val
22966,train
22967,test
22968,test
22969,train
22970,val
22971,train
22972,test
22973,test
22974,train
22975,train
22976,train
22977,train
22978,val
22979,train
22980,val
22981,train
22982,train
22983,train
22984,val
22985,val
22986,train
22987,train
22988,test
22989,test
22990,train
22991,train
22992,train
22993,train
22994,train
22995,train
22996,val
22997,test
22998,test
22999,test
23000,train
23001,train
23002,train
23003,train
23004,test
23005,val
23006,train
23007,train
23008,train
23009,train
23010,train
23011,val
23012,train
23013,train
23014,val
23015,val
23016,train
23017,train
23018,test
23019,train
23020,train
23021,val
23022,test
23023,test
23024,val
23025,test
23026,train
23027,train
23028,train
23029,val
23030,test
23031,train
23032,val
23033,train
23034,train
23035,train
23036,train
23037,train
23038,train
23039,train
23040,train
23041,train
23042,train
23043,train
23044,train
23045,train
23046,test
23047,test
23048,train
23049,test
23050,train
23051,train
23052,train
23053,train
23054,train
23055,train
23056,train
23057,val
23058,val
23059,train
23060,test
23061,train
23062,val
23063,test
23064,test
23065,train
23066,val
23067,train
23068,val
23069,train
23070,train
23071,train
23072,val
23073,train
23074,train
23075,train
23076,train
23077,test
23078,test
23079,train
23080,train
23081,train
23082,train
23083,train
23084,val
23085,train
23086,train
23087,test
23088,train
23089,test
23090,train
23091,train
23092,val
23093,val
23094,train
23095,train
23096,train
23097,val
23098,val
23099,train
23100,val
23101,train
23102,train
23103,train
23104,train
23105,train
23106,val
23107,val
23108,test
23109,train
23110,train
23111,val
23112,train
23113,train
23114,train
23115,train
23116,val
23117,test
23118,train
23119,train
23120,train
23121,train
23122,test
23123,test
23124,train
23125,train
23126,val
23127,test
23128,test
23129,train
23130,val
23131,train
23132,train
23133,val
23134,train
23135,train
23136,train
23137,test
23138,val
23139,val
23140,train
23141,train
23142,val
23143,train
23144,test
23145,train
23146,train
23147,val
23148,val
23149,test
23150,train
23151,train
23152,val
23153,val
23154,train
23155,train
23156,train
23157,val
23158,val
23159,train
23160,test
23161,train
23162,val
23163,val
23164,train
23165,train
23166,train
23167,train
23168,val
23169,val
23170,test
23171,train
23172,test
23173,train
23174,train
23175,test
23176,train
23177,val
23178,test
23179,train
23180,train
23181,train
23182,train
23183,train
23184,val
23185,train
23186,test
23187,train
23188,train
23189,test
23190,test
23191,train
23192,train
23193,val
23194,train
23195,train
23196,train
23197,test
23198,train
23199,train
23200,test
23201,train
23202,val
23203,test
23204,train
23205,test
23206,train
23207,val
23208,val
23209,test
23210,test
23211,train
23212,train
23213,train
23214,train
23215,val
23216,train
23217,train
23218,test
23219,train
23220,train
23221,train
23222,val
23223,test
23224,train
23225,train
23226,test
23227,train
23228,train
23229,train
23230,train
23231,test
23232,train
23233,val
23234,val
23235,train
23236,train
23237,train
23238,train
23239,train
23240,train
23241,train
23242,train
23243,train
23244,train
23245,train
23246,test
23247,train
23248,val
23249,train
23250,train
23251,train
23252,test
23253,train
23254,train
23255,test
23256,train
23257,val
23258,val
23259,train
23260,train
23261,train
23262,val
23263,train
23264,train
23265,train
23266,val
23267,train
23268,train
23269,test
23270,val
23271,train
23272,train
23273,val
23274,train
23275,train
23276,val
23277,val
23278,train
23279,train
23280,train
23281,test
23282,train
23283,train
23284,train
23285,val
23286,val
23287,val
23288,train
23289,val
23290,val
23291,train
23292,train
23293,test
23294,train
23295,train
23296,val
23297,train
23298,train
23299,train
23300,train
23301,train
23302,train
23303,train
23304,train
23305,train
23306,val
23307,test
23308,train
23309,train
23310,train
23311,test
23312,train
23313,train
23314,train
23315,train
23316,train
23317,train
23318,train
23319,train
23320,train
23321,test
23322,train
23323,train
23324,train
23325,test
23326,val
23327,train
23328,val
23329,val
23330,train
23331,val
23332,train
23333,val
23334,train
23335,train
23336,val
23337,train
23338,train
23339,train
23340,val
23341,test
23342,test
23343,train
23344,train
23345,test
23346,train
23347,train
23348,test
23349,train
23350,train
23351,train
23352,train
23353,test
23354,train
23355,val
23356,train
23357,val
23358,val
23359,test
23360,val
23361,train
23362,test
23363,train
23364,val
23365,train
23366,train
23367,train
23368,train
23369,train
23370,train
23371,test
23372,val
23373,train
23374,train
23375,val
23376,test
23377,test
23378,train
23379,test
23380,train
23381,val
23382,train
23383,train
23384,train
23385,train
23386,train
23387,train
23388,test
23389,val
23390,val
23391,test
23392,train
23393,train
23394,test
23395,train
23396,test
23397,train
23398,train
23399,train
23400,val
23401,train
23402,test
23403,train
23404,val
23405,train
23406,val
23407,train
23408,train
23409,train
23410,train
23411,train
23412,train
23413,val
23414,val
23415,train
23416,train
23417,train
23418,test
23419,train
23420,val
23421,train
23422,train
23423,test
23424,train
23425,train
23426,val
23427,test
23428,train
23429,train
23430,val
23431,train
23432,train
23433,train
23434,test
23435,train
23436,test
23437,train
23438,test
23439,train
23440,train
23441,train
23442,val
23443,train
23444,train
23445,train
23446,train
23447,train
23448,train
23449,train
23450,val
23451,train
23452,train
23453,train
23454,test
23455,train
23456,test
23457,train
23458,test
23459,train
23460,train
23461,train
23462,test
23463,train
23464,train
23465,train
23466,val
23467,test
23468,train
23469,train
23470,train
23471,train
23472,train
23473,train
23474,val
23475,train
23476,test
23477,train
23478,train
23479,val
23480,train
23481,train
23482,val
23483,train
23484,train
23485,train
23486,train
23487,train
23488,train
23489,val
23490,train
23491,val
23492,train
23493,train
23494,train
23495,train
23496,train
23497,train
23498,val
23499,test
23500,test
23501,test
23502,train
23503,train
23504,train
23505,val
23506,train
23507,train
23508,train
23509,val
23510,train
23511,train
23512,train
23513,train
23514,train
23515,train
23516,train
23517,train
23518,val
23519,val
23520,val
23521,train
23522,train
23523,train
23524,train
23525,train
23526,train
23527,val
23528,train
23529,train
23530,train
23531,val
23532,test
23533,test
23534,test
23535,train
23536,val
23537,train
23538,train
23539,val
23540,train
23541,val
23542,train
23543,test
23544,test
23545,train
23546,train
23547,train
23548,val
23549,train
23550,val
23551,test
23552,val
23553,train
23554,train
23555,train
23556,test
23557,train
23558,train
23559,train
23560,test
23561,train
23562,val
23563,train
23564,test
23565,train
23566,train
23567,val
23568,train
23569,test
23570,train
23571,val
23572,val
23573,train
23574,val
23575,test
23576,train
23577,test
23578,train
23579,train
23580,train
23581,train
23582,train
23583,train
23584,train
23585,val
23586,test
23587,train
23588,train
23589,train
23590,val
23591,train
23592,train
23593,train
23594,train
23595,train
23596,val
23597,train
23598,train
23599,train
23600,train
23601,train
23602,test
23603,val
23604,train
23605,test
23606,val
23607,train
23608,train
23609,train
23610,train
23611,test
23612,train
23613,train
23614,train
23615,val
23616,test
23617,train
23618,train
23619,train
23620,test
23621,train
23622,val
23623,train
23624,val
23625,test
23626,train
23627,train
23628,train
23629,test
23630,train
23631,test
23632,val
23633,train
23634,test
23635,test
23636,val
23637,train
23638,train
23639,train
23640,val
23641,train
23642,train
23643,train
23644,train
23645,train
23646,train
23647,test
23648,train
23649,train
23650,train
23651,train
23652,test
23653,test
23654,test
23655,test
23656,train
23657,val
23658,train
23659,train
23660,train
23661,test
23662,train
23663,val
23664,train
23665,test
23666,val
23667,train
23668,test
23669,val
23670,train
23671,val
23672,train
23673,train
23674,val
23675,val
23676,val
23677,train
23678,test
23679,test
23680,val
23681,train
23682,train
23683,train
23684,train
23685,train
23686,test
23687,train
23688,train
23689,train
23690,train
23691,train
23692,test
23693,train
23694,test
23695,train
23696,val
23697,test
23698,val
23699,train
23700,train
23701,train
23702,train
23703,train
23704,train
23705,train
23706,val
23707,train
23708,test
23709,test
23710,val
23711,train
23712,test
23713,val
23714,train
23715,train
23716,train
23717,test
23718,train
23719,train
23720,val
23721,train
23722,train
23723,test
23724,val
23725,train
23726,val
23727,train
23728,train
23729,train
23730,val
23731,val
23732,val
23733,train
23734,val
23735,train
23736,train
23737,val
23738,val
23739,test
23740,train
23741,train
23742,train
23743,test
23744,test
23745,test
23746,train
23747,train
23748,test
23749,val
23750,train
23751,test
23752,val
23753,train
23754,train
23755,test
23756,train
23757,train
23758,train
23759,test
23760,test
23761,test
23762,test
23763,train
23764,train
23765,train
23766,train
23767,train
23768,train
23769,train
23770,train
23771,train
23772,train
23773,val
23774,test
23775,train
23776,val
23777,test
23778,train
23779,train
23780,train
23781,train
23782,val
23783,train
23784,train
23785,train
23786,train
23787,val
23788,train
23789,val
23790,test
23791,val
23792,val
23793,test
23794,train
23795,test
23796,val
23797,val
23798,train
23799,test
23800,train
23801,test
23802,val
23803,test
23804,train
23805,train
23806,val
23807,train
23808,train
23809,val
23810,train
23811,train
23812,train
23813,train
23814,train
23815,val
23816,val
23817,val
23818,train
23819,train
23820,train
23821,train
23822,test
23823,train
23824,test
23825,train
23826,train
23827,test
23828,train
23829,val
23830,train
23831,test
23832,train
23833,train
23834,train
23835,train
23836,val
23837,train
23838,train
23839,val
23840,train
23841,test
23842,train
23843,train
23844,train
23845,train
23846,test
23847,train
23848,test
23849,train
23850,train
23851,train
23852,train
23853,val
23854,val
23855,train
23856,val
23857,train
23858,train
23859,train
23860,train
23861,train
23862,train
23863,train
23864,test
23865,test
23866,train
23867,val
23868,val
23869,test
23870,val
23871,train
23872,val
23873,val
23874,train
23875,train
23876,train
23877,val
23878,train
23879,test
23880,train
23881,test
23882,train
23883,val
23884,train
23885,train
23886,train
23887,val
23888,test
23889,test
23890,test
23891,train
23892,train
23893,val
23894,test
23895,train
23896,train
23897,test
23898,val
23899,test
23900,train
23901,val
23902,train
23903,test
23904,train
23905,train
23906,train
23907,train
23908,test
23909,train
23910,train
23911,train
23912,test
23913,test
23914,train
23915,test
23916,test
23917,train
23918,train
23919,train
23920,train
23921,train
23922,test
23923,train
23924,test
23925,train
23926,train
23927,train
23928,train
23929,test
23930,train
23931,train
23932,val
23933,train
23934,train
23935,train
23936,train
23937,test
23938,train
23939,val
23940,val
23941,train
23942,train
23943,train
23944,train
23945,test
23946,train
23947,train
23948,train
23949,train
23950,train
23951,train
23952,train
23953,train
23954,train
23955,train
23956,train
23957,train
23958,train
23959,train
23960,val
23961,train
23962,train
23963,train
23964,train
23965,test
23966,train
23967,train
23968,train
23969,train
23970,val
23971,train
23972,train
23973,train
23974,train
23975,val
23976,test
23977,train
23978,train
23979,train
23980,train
23981,val
23982,test
23983,train
23984,train
23985,train
23986,train
23987,train
23988,train
23989,test
23990,val
23991,train
23992,test
23993,train
23994,train
23995,train
23996,train
23997,test
23998,train
23999,test
24000,val
24001,test
24002,test
24003,train
24004,train
24005,test
24006,train
24007,val
24008,val
24009,val
24010,test
24011,test
24012,train
24013,train
24014,train
24015,train
24016,train
24017,val
24018,test
24019,val
24020,test
24021,test
24022,train
24023,train
24024,train
24025,train
24026,train
24027,train
24028,train
24029,test
24030,val
24031,train
24032,train
24033,train
24034,train
24035,val
24036,train
24037,val
24038,train
24039,val
24040,train
24041,train
24042,train
24043,train
24044,test
24045,train
24046,test
24047,train
24048,train
24049,val
24050,val
24051,train
24052,train
24053,train
24054,test
24055,val
24056,val
24057,train
24058,train
24059,test
24060,train
24061,test
24062,train
24063,train
24064,train
24065,train
24066,train
24067,train
24068,train
24069,train
24070,test
24071,train
24072,train
24073,val
24074,train
24075,test
24076,test
24077,train
24078,val
24079,train
24080,train
24081,val
24082,train
24083,test
24084,test
24085,train
24086,train
24087,val
24088,train
24089,test
24090,train
24091,train
24092,train
24093,train
24094,train
24095,train
24096,train
24097,train
24098,train
24099,test
24100,test
24101,test
24102,val
24103,train
24104,train
24105,val
24106,train
24107,test
24108,val
24109,train
24110,val
24111,test
24112,train
24113,test
24114,test
24115,train
24116,train
24117,train
24118,train
24119,train
24120,test
24121,train
24122,train
24123,test
24124,test
24125,val
24126,train
24127,test
24128,val
24129,train
24130,val
24131,train
24132,test
24133,train
24134,val
24135,train
24136,train
24137,train
24138,train
24139,train
24140,train
24141,val
24142,val
24143,train
24144,test
24145,val
24146,train
24147,val
24148,train
24149,train
24150,val
24151,train
24152,test
24153,train
24154,train
24155,test
24156,test
24157,train
24158,train
24159,train
24160,train
24161,train
24162,train
24163,train
24164,test
24165,train
24166,test
24167,test
24168,train
24169,test
24170,test
24171,train
24172,train
24173,train
24174,test
24175,train
24176,train
24177,train
24178,train
24179,train
24180,train
24181,test
24182,train
24183,test
24184,val
24185,val
24186,test
24187,val
24188,val
24189,train
24190,train
24191,train
24192,train
24193,test
24194,train
24195,train
24196,val
24197,train
24198,train
24199,train
24200,test
24201,val
24202,train
24203,train
24204,val
24205,test
24206,train
24207,val
24208,val
24209,train
24210,val
24211,test
24212,test
24213,train
24214,test
24215,train
24216,test
24217,val
24218,train
24219,train
24220,train
24221,val
24222,val
24223,val
24224,train
24225,val
24226,train
24227,val
24228,train
24229,train
24230,test
24231,train
24232,val
24233,val
24234,val
24235,train
24236,val
24237,train
24238,val
24239,train
24240,val
24241,train
24242,train
24243,val
24244,val
24245,test
24246,train
24247,val
24248,train
24249,train
24250,val
24251,test
24252,train
24253,train
24254,train
24255,test
24256,test
24257,train
24258,train
24259,val
24260,test
24261,train
24262,train
24263,train
24264,train
24265,train
24266,val
24267,train
24268,train
24269,test
24270,test
24271,val
24272,train
24273,train
24274,train
24275,train
24276,test
24277,train
24278,train
24279,train
24280,train
24281,train
24282,train
24283,train
24284,train
24285,test
24286,test
24287,train
24288,val
24289,val
24290,train
24291,test
24292,train
24293,train
24294,val
24295,train
24296,test
24297,train
24298,train
24299,val
24300,train
24301,train
24302,test
24303,test
24304,train
24305,train
24306,train
24307,train
24308,train
24309,train
24310,test
24311,train
24312,train
24313,val
24314,train
24315,train
24316,val
24317,train
24318,train
24319,train
24320,test
24321,val
24322,train
24323,train
24324,test
24325,test
24326,test
24327,train
24328,train
24329,train
24330,train
24331,val
24332,train
24333,val
24334,train
24335,val
24336,train
24337,train
24338,train
24339,train
24340,train
24341,train
24342,val
24343,train
24344,train
24345,val
24346,test
24347,val
24348,train
24349,train
24350,train
24351,train
24352,train
24353,train
24354,train
24355,val
24356,train
24357,test
24358,val
24359,train
24360,train
24361,train
24362,train
24363,val
24364,val
24365,val
24366,train
24367,test
24368,train
24369,val
24370,train
24371,train
24372,train
24373,test
24374,val
24375,train
24376,val
24377,test
24378,test
24379,train
24380,train
24381,train
24382,train
24383,train
24384,test
24385,test
24386,train
24387,train
24388,test
24389,train
24390,train
24391,train
24392,val
24393,train
24394,train
24395,test
24396,val
24397,train
24398,val
24399,train
24400,train
24401,train
24402,test
24403,train
24404,test
24405,test
24406,train
24407,train
24408,val
24409,train
24410,train
24411,train
24412,train
24413,test
24414,train
24415,test
24416,train
24417,val
24418,train
24419,train
24420,train
24421,test
24422,val
24423,train
24424,train
24425,val
24426,train
24427,train
24428,test
24429,train
24430,train
24431,train
24432,train
24433,train
24434,val
24435,test
24436,train
24437,train
24438,test
24439,val
24440,train
24441,test
24442,val
24443,train
24444,train
24445,val
24446,train
24447,train
24448,train
24449,val
24450,train
24451,train
24452,train
24453,train
24454,train
24455,test
24456,test
24457,train
24458,val
24459,test
24460,train
24461,train
24462,train
24463,test
24464,train
24465,train
24466,train
24467,val
24468,train
24469,test
24470,test
24471,test
24472,train
24473,train
24474,train
24475,val
24476,val
24477,val
24478,train
24479,train
24480,test
24481,train
24482,test
24483,train
24484,train
24485,train
24486,train
24487,test
24488,val
24489,train
24490,train
24491,train
24492,train
24493,val
24494,train
24495,train
24496,test
24497,train
24498,train
24499,val
24500,train
24501,train
24502,train
24503,train
24504,train
24505,val
24506,train
24507,val
24508,val
24509,train
24510,test
24511,test
24512,train
24513,train
24514,train
24515,train
24516,train
24517,train
24518,val
24519,test
24520,val
24521,val
24522,train
24523,train
24524,val
24525,train
24526,train
24527,train
24528,train
24529,train
24530,train
24531,test
24532,val
24533,val
24534,train
24535,val
24536,train
24537,train
24538,train
24539,test
24540,test
24541,train
24542,train
24543,train
24544,train
24545,train
24546,train
24547,train
24548,train
24549,train
24550,train
24551,test
24552,test
24553,train
24554,train
24555,train
24556,test
24557,test
24558,train
24559,train
24560,test
24561,train
24562,val
24563,test
24564,train
24565,test
24566,train
24567,test
24568,train
24569,train
24570,train
24571,test
24572,test
24573,train
24574,train
24575,train
24576,test
24577,train
24578,train
24579,train
24580,train
24581,val
24582,val
24583,test
24584,train
24585,train
24586,train
24587,train
24588,train
24589,train
24590,test
24591,val
24592,train
24593,test
24594,val
24595,train
24596,train
24597,train
24598,train
24599,val
24600,test
24601,train
24602,val
24603,test
24604,train
24605,train
24606,train
24607,train
24608,test
24609,val
24610,train
24611,train
24612,train
24613,val
24614,train
24615,train
24616,val
24617,val
24618,train
24619,train
24620,train
24621,train
24622,test
24623,train
24624,train
24625,train
24626,val
24627,val
24628,train
24629,train
24630,val
24631,train
24632,test
24633,train
24634,val
24635,train
24636,train
24637,test
24638,test
24639,train
24640,train
24641,train
24642,train
24643,train
24644,train
24645,train
24646,val
24647,train
24648,train
24649,test
24650,test
24651,val
24652,test
24653,train
24654,val
24655,train
24656,train
24657,val
24658,train
24659,val
24660,train
24661,val
24662,train
24663,test
24664,test
24665,test
24666,train
24667,train
24668,test
24669,test
24670,test
24671,val
24672,test
24673,train
24674,test
24675,train
24676,test
24677,val
24678,val
24679,train
24680,train
24681,train
24682,val
24683,train
24684,train
24685,val
24686,test
24687,val
24688,train
24689,train
24690,train
24691,test
24692,val
24693,train
24694,train
24695,train
24696,val
24697,train
24698,train
24699,test
24700,test
24701,test
24702,test
24703,test
24704,train
24705,train
24706,train
24707,test
24708,test
24709,test
24710,val
24711,test
24712,test
24713,train
24714,train
24715,train
24716,test
24717,train
24718,val
24719,train
24720,test
24721,test
24722,test
24723,val
24724,test
24725,test
24726,val
24727,train
24728,train
24729,val
24730,val
24731,val
24732,train
24733,val
24734,val
24735,train
24736,train
24737,train
24738,test
24739,val
24740,val
24741,test
24742,train
24743,val
24744,train
24745,val
24746,train
24747,train
24748,train
24749,train
24750,val
24751,train
24752,test
24753,train
24754,test
24755,train
24756,train
24757,train
24758,train
24759,val
24760,val
24761,val
24762,train
24763,train
24764,train
24765,train
24766,test
24767,train
24768,test
24769,test
24770,test
24771,train
24772,val
24773,val
24774,test
24775,train
24776,train
24777,train
24778,train
24779,test
24780,val
24781,test
24782,train
24783,test
24784,train
24785,train
24786,train
24787,val
24788,train
24789,train
24790,train
24791,val
24792,val
24793,train
24794,val
24795,train
24796,train
24797,train
24798,train
24799,val
24800,val
24801,train
24802,val
24803,val
24804,train
24805,train
24806,test
24807,train
24808,train
24809,test
24810,val
24811,train
24812,train
24813,train
24814,train
24815,val
24816,test
24817,train
24818,val
24819,train
24820,train
24821,test
24822,val
24823,train
24824,train
24825,train
24826,train
24827,train
24828,test
24829,train
24830,train
24831,test
24832,train
24833,train
24834,test
24835,train
24836,train
24837,train
24838,train
24839,val
24840,train
24841,val
24842,test
24843,train
24844,train
24845,val
24846,val
24847,val
24848,train
24849,train
24850,val
24851,train
24852,train
24853,train
24854,train
24855,val
24856,train
24857,val
24858,val
24859,test
24860,train
24861,train
24862,test
24863,train
24864,train
24865,test
24866,train
24867,test
24868,train
24869,test
24870,val
24871,test
24872,val
24873,train
24874,train
24875,train
24876,train
24877,test
24878,test
24879,val
24880,train
24881,train
24882,val
24883,train
24884,train
24885,val
24886,train
24887,train
24888,val
24889,train
24890,train
24891,train
24892,train
24893,val
24894,val
24895,test
24896,train
24897,train
24898,train
24899,train
24900,test
24901,test
24902,test
24903,val
24904,train
24905,train
24906,train
24907,train
24908,train
24909,test
24910,train
24911,train
24912,test
24913,test
24914,train
24915,train
24916,train
24917,test
24918,train
24919,train
24920,train
24921,train
24922,train
24923,val
24924,train
24925,train
24926,train
24927,test
24928,train
24929,val
24930,train
24931,val
24932,test
24933,train
24934,test
24935,train
24936,train
24937,train
24938,train
24939,test
24940,train
24941,train
24942,train
24943,val
24944,train
24945,train
24946,train
24947,val
24948,train
24949,test
24950,train
24951,train
24952,train
24953,train
24954,val
24955,test
24956,train
24957,train
24958,train
24959,test
24960,train
24961,train
24962,train
24963,train
24964,val
24965,val
24966,train
24967,train
24968,val
24969,test
24970,train
24971,train
24972,test
24973,train
24974,val
24975,train
24976,train
24977,train
24978,val
24979,train
24980,val
24981,test
24982,train
24983,train
24984,train
24985,train
24986,train
24987,train
24988,val
24989,test
24990,train
24991,test
24992,val
24993,train
24994,train
24995,val
24996,train
24997,train
24998,train
24999,test
25000,train
25001,test
25002,train
25003,test
25004,train
25005,test
25006,val
25007,train
25008,val
25009,train
25010,train
25011,val
25012,train
25013,val
25014,train
25015,test
25016,train
25017,train
25018,val
25019,test
25020,train
25021,train
25022,train
25023,train
25024,train
25025,train
25026,test
25027,train
25028,val
25029,train
25030,train
25031,train
25032,val
25033,test
25034,val
25035,train
25036,test
25037,train
25038,train
25039,train
25040,train
25041,val
25042,test
25043,train
25044,train
25045,train
25046,val
25047,test
25048,train
25049,train
25050,test
25051,train
25052,train
25053,train
25054,train
25055,val
25056,val
25057,train
25058,train
25059,train
25060,val
25061,train
25062,train
25063,val
25064,train
25065,train
25066,train
25067,train
25068,train
25069,test
25070,train
25071,val
25072,train
25073,val
25074,val
25075,train
25076,train
25077,train
25078,train
25079,val
25080,train
25081,val
25082,train
25083,train
25084,train
25085,train
25086,train
25087,train
25088,test
25089,train
25090,val
25091,train
25092,train
25093,val
25094,train
25095,train
25096,val
25097,train
25098,train
25099,train
25100,val
25101,test
25102,train
25103,train
25104,train
25105,train
25106,train
25107,train
25108,train
25109,test
25110,train
25111,test
25112,test
25113,val
25114,train
25115,test
25116,train
25117,train
25118,test
25119,train
25120,test
25121,train
25122,train
25123,train
25124,train
25125,train
25126,train
25127,train
25128,val
25129,val
25130,val
25131,train
25132,val
25133,test
25134,test
25135,train
25136,test
25137,train
25138,train
25139,test
25140,train
25141,train
25142,train
25143,train
25144,train
25145,train
25146,train
25147,train
25148,val
25149,val
25150,train
25151,train
25152,test
25153,test
25154,test
25155,val
25156,val
25157,train
25158,val
25159,test
25160,val
25161,test
25162,val
25163,test
25164,val
25165,val
25166,train
25167,test
25168,train
25169,train
25170,train
25171,test
25172,train
25173,val
25174,val
25175,train
25176,val
25177,test
25178,val
25179,val
25180,train
25181,test
25182,train
25183,val
25184,train
25185,val
25186,train
25187,train
25188,val
25189,test
25190,train
25191,train
25192,train
25193,val
25194,val
25195,train
25196,train
25197,train
25198,train
25199,val
25200,test
25201,train
25202,test
25203,train
25204,train
25205,test
25206,train
25207,train
25208,train
25209,train
25210,train
25211,test
25212,test
25213,train
25214,test
25215,val
25216,train
25217,train
25218,test
25219,train
25220,train
25221,train
25222,train
25223,test
25224,test
25225,train
25226,test
25227,train
25228,train
25229,train
25230,test
25231,train
25232,train
25233,test
25234,train
25235,train
25236,test
25237,train
25238,train
25239,test
25240,train
25241,test
25242,val
25243,train
25244,val
25245,test
25246,val
25247,test
25248,test
25249,train
25250,train
25251,test
25252,val
25253,train
25254,train
25255,test
25256,train
25257,test
25258,val
25259,val
25260,train
25261,train
25262,test
25263,val
25264,val
25265,train
25266,train
25267,train
25268,val
25269,train
25270,val
25271,test
25272,val
25273,test
25274,val
25275,val
25276,train
25277,val
25278,train
25279,train
25280,train
25281,train
25282,train
25283,train
25284,val
25285,train
25286,test
25287,test
25288,train
25289,train
25290,test
25291,train
25292,test
25293,val
25294,train
25295,test
25296,test
25297,test
25298,val
25299,train
25300,val
25301,train
25302,train
25303,val
25304,test
25305,train
25306,train
25307,train
25308,val
25309,train
25310,train
25311,train
25312,train
25313,train
25314,train
25315,val
25316,val
25317,val
25318,test
25319,val
25320,test
25321,test
25322,train
25323,train
25324,val
25325,train
25326,train
25327,train
25328,train
25329,train
25330,train
25331,val
25332,train
25333,test
25334,train
25335,train
25336,train
25337,train
25338,train
25339,test
25340,val
25341,train
25342,train
25343,train
25344,train
25345,train
25346,train
25347,test
25348,test
25349,train
25350,train
25351,test
25352,train
25353,val
25354,train
25355,val
25356,train
25357,train
25358,train
25359,test
25360,val
25361,val
25362,train
25363,train
25364,val
25365,train
25366,train
25367,test
25368,train
25369,test
25370,test
25371,val
25372,train
25373,train
25374,train
25375,train
25376,train
25377,test
25378,test
25379,train
25380,train
25381,train
25382,test
25383,train
25384,train
25385,train
25386,train
25387,train
25388,train
25389,train
25390,train
25391,train
25392,test
25393,train
25394,val
25395,train
25396,train
25397,train
25398,test
25399,train
25400,train
25401,test
25402,train
25403,train
25404,train
25405,train
25406,train
25407,train
25408,train
25409,test
25410,test
25411,val
25412,train
25413,train
25414,train
25415,train
25416,val
25417,val
25418,val
25419,train
25420,val
25421,val
25422,train
25423,train
25424,train
25425,val
25426,train
25427,train
25428,train
25429,test
25430,train
25431,train
25432,train
25433,train
25434,train
25435,val
25436,train
25437,test
25438,val
25439,train
25440,test
25441,val
25442,val
25443,val
25444,test
25445,test
25446,train
25447,train
25448,train
25449,val
25450,test
25451,train
25452,train
25453,train
25454,val
25455,val
25456,train
25457,val
25458,val
25459,train
25460,train
25461,train
25462,train
25463,test
25464,train
25465,train
25466,train
25467,train
25468,train
25469,train
25470,train
25471,train
25472,val
25473,train
25474,test
25475,train
25476,val
25477,test
25478,train
25479,train
25480,train
25481,train
25482,train
25483,train
25484,train
25485,train
25486,val
25487,train
25488,train
25489,train
25490,train
25491,train
25492,train
25493,train
25494,train
25495,test
25496,test
25497,train
25498,train
25499,test
25500,val
25501,train
25502,test
25503,train
25504,train
25505,test
25506,train
25507,val
25508,train
25509,test
25510,train
25511,test
25512,train
25513,train
25514,val
25515,test
25516,train
25517,test
25518,train
25519,train
25520,train
25521,test
25522,test
25523,train
25524,train
25525,test
25526,train
25527,val
25528,train
25529,val
25530,test
25531,train
25532,train
25533,val
25534,test
25535,train
25536,test
25537,val
25538,test
25539,train
25540,train
25541,train
25542,train
25543,test
25544,train
25545,test
25546,train
25547,test
25548,train
25549,val
25550,train
25551,train
25552,train
25553,train
25554,test
25555,train
25556,train
25557,train
25558,train
25559,test
25560,test
25561,val
25562,train
25563,val
25564,train
25565,test
25566,train
25567,train
25568,val
25569,train
25570,train
25571,train
25572,train
25573,val
25574,val
25575,val
25576,train
25577,train
25578,train
25579,val
25580,train
25581,test
25582,train
25583,val
25584,val
25585,test
25586,train
25587,train
25588,train
25589,train
25590,train
25591,train
25592,train
25593,val
25594,train
25595,train
25596,test
25597,train
25598,val
25599,train
25600,train
25601,train
25602,train
25603,train
25604,train
25605,train
25606,train
25607,train
25608,train
25609,val
25610,train
25611,test
25612,train
25613,val
25614,train
25615,train
25616,train
25617,val
25618,test
25619,test
25620,train
25621,train
25622,test
25623,train
25624,test
25625,train
25626,test
25627,test
25628,train
25629,train
25630,train
25631,train
25632,train
25633,train
25634,test
25635,train
25636,train
25637,val
25638,val
25639,test
25640,val
25641,train
25642,train
25643,val
25644,test
25645,train
25646,train
25647,train
25648,train
25649,train
25650,test
25651,train
25652,val
25653,train
25654,train
25655,train
25656,train
25657,train
25658,train
25659,test
25660,val
25661,train
25662,val
25663,train
25664,train
25665,train
25666,train
25667,val
25668,test
25669,train
25670,test
25671,train
25672,val
25673,train
25674,train
25675,test
25676,train
25677,train
25678,test
25679,test
25680,train
25681,train
25682,train
25683,test
25684,test
25685,test
25686,train
25687,val
25688,train
25689,train
25690,train
25691,test
25692,test
25693,train
25694,train
25695,train
25696,test
25697,test
25698,train
25699,train
25700,val
25701,train
25702,train
25703,train
25704,train
25705,train
25706,test
25707,train
25708,val
25709,val
25710,train
25711,train
25712,train
25713,train
25714,train
25715,train
25716,train
25717,test
25718,val
25719,train
25720,train
25721,train
25722,train
25723,val
25724,train
25725,train
25726,train
25727,test
25728,train
25729,train
25730,val
25731,test
25732,train
25733,val
25734,train
25735,train
25736,val
25737,train
25738,val
25739,test
25740,train
25741,train
25742,val
25743,train
25744,train
25745,train
25746,test
25747,train
25748,test
25749,train
25750,train
25751,test
25752,train
25753,train
25754,train
25755,train
25756,train
25757,val
25758,train
25759,test
25760,train
25761,train
25762,train
25763,train
25764,test
25765,train
25766,val
25767,test
25768,val
25769,train
25770,train
25771,test
25772,train
25773,val
25774,train
25775,train
25776,train
25777,val
25778,train
25779,train
25780,train
25781,val
25782,test
25783,val
25784,train
25785,train
25786,train
25787,train
25788,val
25789,train
25790,train
25791,train
25792,train
25793,val
25794,train
25795,val
25796,val
25797,train
25798,train
25799,val
25800,test
25801,val
25802,train
25803,train
25804,val
25805,val
25806,test
25807,val
25808,train
25809,val
25810,train
25811,train
25812,test
25813,val
25814,train
25815,train
25816,train
25817,train
25818,train
25819,train
25820,train
25821,train
25822,val
25823,train
25824,test
25825,train
25826,val
25827,val
25828,train
25829,val
25830,train
25831,train
25832,test
25833,train
25834,train
25835,test
25836,train
25837,val
25838,train
25839,train
25840,train
25841,train
25842,train
25843,val
25844,test
25845,train
25846,test
25847,train
25848,val
25849,test
25850,train
25851,train
25852,train
25853,train
25854,val
25855,test
25856,train
25857,train
25858,train
25859,val
25860,train
25861,train
25862,val
25863,train
25864,val
25865,train
25866,val
25867,train
25868,train
25869,test
25870,train
25871,val
25872,test
25873,train
25874,train
25875,test
25876,train
25877,val
25878,test
25879,train
25880,train
25881,train
25882,train
25883,train
25884,test
25885,train
25886,train
25887,val
25888,train
25889,val
25890,test
25891,train
25892,val
25893,train
25894,train
25895,train
25896,test
25897,test
25898,val
25899,test
25900,train
25901,test
25902,train
25903,train
25904,train
25905,test
25906,train
25907,train
25908,train
25909,train
25910,test
25911,train
25912,train
25913,test
25914,train
25915,val
25916,val
25917,train
25918,train
25919,train
25920,val
25921,test
25922,train
25923,val
25924,test
25925,train
25926,train
25927,train
25928,val
25929,val
25930,test
25931,train
25932,train
25933,val
25934,train
25935,val
25936,train
25937,train
25938,train
25939,train
25940,test
25941,test
25942,val
25943,train
25944,train
25945,test
25946,test
25947,train
25948,val
25949,test
25950,train
25951,train
25952,val
25953,train
25954,val
25955,train
25956,train
25957,test
25958,val
25959,train
25960,test
25961,train
25962,val
25963,train
25964,train
25965,val
25966,train
25967,val
25968,train
25969,train
25970,train
25971,train
25972,train
25973,test
25974,val
25975,train
25976,test
25977,val
25978,train
25979,train
25980,test
25981,val
25982,val
25983,test
25984,val
25985,train
25986,train
25987,train
25988,val
25989,train
25990,train
25991,val
25992,train
25993,test
25994,train
25995,val
25996,val
25997,train
25998,train
25999,test
26000,test
26001,train
26002,train
26003,train
26004,test
26005,test
26006,val
26007,train
26008,train
26009,val
26010,val
26011,train
26012,train
26013,train
26014,test
26015,test
26016,val
26017,val
26018,val
26019,test
26020,train
26021,train
26022,train
26023,train
26024,train
26025,val
26026,train
26027,train
26028,train
26029,train
26030,test
26031,train
26032,train
26033,val
26034,train
26035,train
26036,test
26037,train
26038,train
26039,train
26040,test
26041,train
26042,val
26043,val
26044,test
26045,train
26046,train
26047,train
26048,val
26049,val
26050,train
26051,train
26052,val
26053,val
26054,train
26055,train
26056,train
26057,train
26058,test
26059,train
26060,val
26061,train
26062,test
26063,test
26064,test
26065,test
26066,train
26067,train
26068,train
26069,val
26070,train
26071,train
26072,train
26073,test
26074,train
26075,train
26076,val
26077,train
26078,train
26079,val
26080,train
26081,val
26082,train
26083,train
26084,val
26085,train
26086,train
26087,train
26088,train
26089,val
26090,test
26091,train
26092,val
26093,train
26094,test
26095,train
26096,train
26097,val
26098,test
26099,test
26100,val
26101,train
26102,train
26103,train
26104,train
26105,val
26106,val
26107,train
26108,train
26109,test
26110,train
26111,test
26112,val
26113,train
26114,train
26115,val
26116,test
26117,train
26118,test
26119,train
26120,test
26121,train
26122,train
26123,train
26124,train
26125,train
26126,train
26127,val
26128,train
26129,train
26130,train
26131,train
26132,test
26133,val
26134,train
26135,train
26136,val
26137,train
26138,train
26139,train
26140,train
26141,val
26142,train
26143,train
26144,train
26145,test
26146,val
26147,train
26148,val
26149,train
26150,test
26151,val
26152,train
26153,val
26154,val
26155,val
26156,train
26157,val
26158,val
26159,train
26160,train
26161,train
26162,val
26163,train
26164,train
26165,train
26166,test
26167,train
26168,train
26169,test
26170,test
26171,train
26172,val
26173,test
26174,val
26175,train
26176,train
26177,test
26178,train
26179,train
26180,train
26181,val
26182,train
26183,val
26184,val
26185,train
26186,train
26187,train
26188,train
26189,train
26190,train
26191,train
26192,train
26193,train
26194,val
26195,test
26196,train
26197,train
26198,train
26199,train
26200,test
26201,test
26202,val
26203,train
26204,test
26205,train
26206,test
26207,train
26208,val
26209,train
26210,train
26211,test
26212,val
26213,test
26214,test
26215,train
26216,train
26217,val
26218,train
26219,train
26220,train
26221,val
26222,test
26223,test
26224,train
26225,train
26226,val
26227,train
26228,train
26229,train
26230,train
26231,train
26232,test
26233,val
26234,train
26235,train
26236,val
26237,test
26238,test
26239,train
26240,train
26241,test
26242,train
26243,test
26244,test
26245,train
26246,train
26247,train
26248,train
26249,val
26250,val
26251,train
26252,test
26253,train
26254,train
26255,train
26256,test
26257,val
26258,test
26259,test
26260,val
26261,test
26262,train
26263,train
26264,train
26265,train
26266,train
26267,train
26268,val
26269,test
26270,train
26271,test
26272,train
26273,train
26274,train
26275,val
26276,val
26277,train
26278,val
26279,train
26280,test
26281,train
26282,test
26283,train
26284,train
26285,train
26286,train
26287,train
26288,train
26289,train
26290,train
26291,train
26292,train
26293,train
26294,train
26295,train
26296,train
26297,train
26298,train
26299,train
26300,train
26301,train
26302,train
26303,train
26304,train
26305,val
26306,train
26307,train
26308,train
26309,val
26310,test
26311,train
26312,train
26313,train
26314,train
26315,test
26316,val
26317,test
26318,val
26319,train
26320,train
26321,train
26322,test
26323,train
26324,val
26325,train
26326,test
26327,train
26328,val
26329,train
26330,train
26331,val
26332,train
26333,test
26334,train
26335,train
26336,val
26337,train
26338,train
26339,train
26340,train
26341,val
26342,train
26343,val
26344,train
26345,train
26346,train
26347,train
26348,test
26349,val
26350,train
26351,train
26352,val
26353,val
26354,train
26355,train
26356,train
26357,train
26358,val
26359,train
26360,train
26361,val
26362,train
26363,train
26364,train
26365,val
26366,test
26367,train
26368,train
26369,train
26370,test
26371,test
26372,val
26373,train
26374,test
26375,train
26376,val
26377,train
26378,test
26379,train
26380,test
26381,val
26382,val
26383,train
26384,test
26385,train
26386,train
26387,val
26388,train
26389,test
26390,train
26391,train
26392,train
26393,train
26394,train
26395,test
26396,train
26397,train
26398,train
26399,test
26400,test
26401,train
26402,train
26403,train
26404,test
26405,val
26406,val
26407,train
26408,train
26409,test
26410,val
26411,train
26412,train
26413,val
26414,test
26415,train
26416,test
26417,test
26418,test
26419,val
26420,train
26421,test
26422,test
26423,test
26424,train
26425,val
26426,train
26427,train
26428,test
26429,train
26430,train
26431,train
26432,train
26433,train
26434,test
26435,train
26436,val
26437,val
26438,train
26439,train
26440,val
26441,train
26442,train
26443,train
26444,val
26445,train
26446,train
26447,val
26448,train
26449,val
26450,val
26451,train
26452,val
26453,train
26454,train
26455,test
26456,train
26457,val
26458,test
26459,test
26460,train
26461,val
26462,val
26463,train
26464,test
26465,train
26466,val
26467,test
26468,train
26469,train
26470,train
26471,train
26472,train
26473,test
26474,train
26475,val
26476,test
26477,train
26478,test
26479,test
26480,train
26481,train
26482,train
26483,test
26484,train
26485,train
26486,train
26487,train
26488,train
26489,test
26490,val
26491,train
26492,test
26493,train
26494,test
26495,train
26496,val
26497,train
26498,train
26499,train
26500,train
26501,test
26502,test
26503,test
26504,test
26505,val
26506,val
26507,train
26508,train
26509,train
26510,test
26511,val
26512,train
26513,train
26514,train
26515,test
26516,train
26517,test
26518,train
26519,train
26520,test
26521,train
26522,train
26523,train
26524,val
26525,train
26526,train
26527,train
26528,train
26529,train
26530,val
26531,train
26532,val
26533,test
26534,train
26535,train
26536,train
26537,train
26538,train
26539,train
26540,val
26541,train
26542,train
26543,val
26544,val
26545,test
26546,test
26547,val
26548,test
26549,val
26550,test
26551,val
26552,train
26553,test
26554,train
26555,train
26556,test
26557,train
26558,val
26559,train
26560,train
26561,train
26562,test
26563,train
26564,train
26565,val
26566,test
26567,train
26568,test
26569,train
26570,test
26571,test
26572,train
26573,val
26574,test
26575,test
26576,val
26577,train
26578,test
26579,train
26580,test
26581,val
26582,train
26583,test
26584,test
26585,train
26586,train
26587,train
26588,val
26589,train
26590,train
26591,train
26592,train
26593,train
26594,val
26595,train
26596,train
26597,val
26598,train
26599,val
26600,train
26601,test
26602,train
26603,train
26604,train
26605,val
26606,val
26607,train
26608,test
26609,train
26610,val
26611,train
26612,val
26613,train
26614,train
26615,test
26616,test
26617,train
26618,val
26619,test
26620,train
26621,train
26622,train
26623,test
26624,train
26625,train
26626,test
26627,val
26628,train
26629,val
26630,train
26631,train
26632,test
26633,train
26634,val
26635,train
26636,train
26637,train
26638,train
26639,train
26640,val
26641,val
26642,train
26643,test
26644,train
26645,train
26646,val
26647,train
26648,test
26649,val
26650,train
26651,train
26652,train
26653,train
26654,train
26655,val
26656,test
26657,test
26658,val
26659,train
26660,train
26661,train
26662,test
26663,train
26664,train
26665,val
26666,train
26667,train
26668,train
26669,val
26670,train
26671,val
26672,train
26673,train
26674,train
26675,train
26676,train
26677,train
26678,val
26679,val
26680,train
26681,train
26682,train
26683,train
26684,train
26685,val
26686,test
26687,val
26688,train
26689,test
26690,train
26691,test
26692,val
26693,val
26694,train
26695,train
26696,train
26697,train
26698,train
26699,train
26700,train
26701,train
26702,train
26703,train
26704,train
26705,train
26706,train
26707,train
26708,val
26709,train
26710,train
26711,train
26712,test
26713,val
26714,test
26715,train
26716,val
26717,train
26718,test
26719,test
26720,test
26721,train
26722,train
26723,train
26724,train
26725,train
26726,train
26727,train
26728,val
26729,train
26730,train
26731,train
26732,test
26733,train
26734,test
26735,train
26736,val
26737,test
26738,train
26739,train
26740,train
26741,train
26742,train
26743,test
26744,train
26745,train
26746,val
26747,test
26748,train
26749,train
26750,test
26751,train
26752,test
26753,train
26754,test
26755,val
26756,train
26757,train
26758,test
26759,val
26760,train
26761,train
26762,test
26763,train
26764,val
26765,train
26766,test
26767,train
26768,train
26769,val
26770,train
26771,val
26772,train
26773,test
26774,test
26775,val
26776,train
26777,train
26778,val
26779,train
26780,train
26781,test
26782,train
26783,train
26784,val
26785,train
26786,train
26787,val
26788,train
26789,train
26790,train
26791,train
26792,train
26793,test
26794,train
26795,train
26796,train
26797,val
26798,train
26799,test
26800,train
26801,train
26802,train
26803,train
26804,train
26805,train
26806,train
26807,train
26808,train
26809,val
26810,train
26811,train
26812,train
26813,val
26814,val
26815,test
26816,val
26817,val
26818,train
26819,train
26820,test
26821,train
26822,val
26823,train
26824,train
26825,train
26826,train
26827,train
26828,train
26829,train
26830,train
26831,train
26832,train
26833,train
26834,train
26835,test
26836,train
26837,test
26838,train
26839,test
26840,test
26841,test
26842,train
26843,train
26844,val
26845,val
26846,train
26847,train
26848,test
26849,train
26850,test
26851,train
26852,train
26853,train
26854,test
26855,train
26856,train
26857,test
26858,train
26859,train
26860,train
26861,train
26862,train
26863,val
26864,train
26865,train
26866,train
26867,train
26868,train
26869,train
26870,train
26871,train
26872,val
26873,train
26874,train
26875,train
26876,train
26877,train
26878,train
26879,val
26880,val
26881,train
26882,train
26883,val
26884,train
26885,test
26886,train
26887,train
26888,train
26889,val
26890,train
26891,train
26892,val
26893,train
26894,val
26895,train
26896,train
26897,test
26898,train
26899,train
26900,train
26901,train
26902,train
26903,train
26904,test
26905,test
26906,val
26907,val
26908,val
26909,test
26910,val
26911,train
26912,train
26913,train
26914,train
26915,val
26916,train
26917,test
26918,val
26919,test
26920,train
26921,test
26922,test
26923,train
26924,train
26925,train
26926,train
26927,test
26928,train
26929,train
26930,train
26931,train
26932,val
26933,val
26934,train
26935,train
26936,test
26937,train
26938,val
26939,train
26940,train
26941,test
26942,val
26943,val
26944,val
26945,train
26946,test
26947,train
26948,val
26949,train
26950,train
26951,train
26952,train
26953,train
26954,test
26955,train
26956,train
26957,train
26958,val
26959,train
26960,val
26961,val
26962,val
26963,val
26964,train
26965,val
26966,test
26967,train
26968,train
26969,train
26970,val
26971,train
26972,train
26973,val
26974,train
26975,test
26976,train
26977,test
26978,train
26979,train
26980,train
26981,train
26982,train
26983,train
26984,train
26985,train
26986,train
26987,val
26988,train
26989,train
26990,train
26991,train
26992,val
26993,train
26994,train
26995,train
26996,val
26997,train
26998,val
26999,train
27000,test
27001,train
27002,train
27003,train
27004,train
27005,train
27006,train
27007,test
27008,train
27009,val
27010,train
27011,train
27012,train
27013,test
27014,test
27015,val
27016,test
27017,train
27018,train
27019,test
27020,val
27021,val
27022,test
27023,val
27024,train
27025,test
27026,test
27027,val
27028,train
27029,train
27030,val
27031,train
27032,test
27033,train
27034,train
27035,val
27036,train
27037,train
27038,train
27039,val
27040,train
27041,val
27042,test
27043,train
27044,train
27045,train
27046,val
27047,test
27048,val
27049,train
27050,val
27051,train
27052,test
27053,val
27054,val
27055,train
27056,train
27057,train
27058,test
27059,train
27060,train
27061,val
27062,train
27063,train
27064,train
27065,train
27066,train
27067,val
27068,train
27069,test
27070,val
27071,val
27072,train
27073,train
27074,train
27075,train
27076,train
27077,train
27078,val
27079,train
27080,train
27081,train
27082,train
27083,train
27084,train
27085,train
27086,train
27087,val
27088,val
27089,val
27090,train
27091,train
27092,train
27093,val
27094,train
27095,val
27096,train
27097,val
27098,train
27099,train
27100,val
27101,train
27102,train
27103,val
27104,train
27105,train
27106,train
27107,train
27108,train
27109,train
27110,test
27111,val
27112,train
27113,train
27114,train
27115,val
27116,val
27117,train
27118,train
27119,test
27120,train
27121,val
27122,val
27123,train
27124,train
27125,train
27126,train
27127,train
27128,train
27129,val
27130,train
27131,train
27132,train
27133,val
27134,train
27135,test
27136,val
27137,val
27138,train
27139,val
27140,train
27141,test
27142,train
27143,train
27144,test
27145,train
27146,train
27147,train
27148,train
27149,train
27150,test
27151,train
27152,train
27153,test
27154,train
27155,train
27156,train
27157,val
27158,train
27159,train
27160,test
27161,train
27162,train
27163,train
27164,train
27165,train
27166,train
27167,train
27168,train
27169,train
27170,test
27171,train
27172,train
27173,train
27174,train
27175,test
27176,val
27177,train
27178,train
27179,train
27180,test
27181,train
27182,train
27183,train
27184,test
27185,val
27186,test
27187,val
27188,test
27189,test
27190,val
27191,train
27192,test
27193,train
27194,train
27195,train
27196,train
27197,train
27198,val
27199,test
27200,test
27201,train
27202,val
27203,test
27204,train
27205,test
27206,test
27207,train
27208,test
27209,train
27210,train
27211,train
27212,train
27213,val
27214,test
27215,val
27216,train
27217,test
27218,train
27219,train
27220,train
27221,train
27222,val
27223,train
27224,train
27225,train
27226,val
27227,train
27228,test
27229,train
27230,test
27231,val
27232,train
27233,train
27234,val
27235,train
27236,train
27237,val
27238,train
27239,val
27240,train
27241,test
27242,train
27243,train
27244,test
27245,val
27246,train
27247,test
27248,val
27249,test
27250,train
27251,train
27252,test
27253,train
27254,test
27255,test
27256,val
27257,train
27258,train
27259,train
27260,val
27261,train
27262,train
27263,val
27264,train
27265,train
27266,train
27267,train
27268,train
27269,val
27270,train
27271,val
27272,train
27273,train
27274,train
27275,train
27276,test
27277,train
27278,test
27279,train
27280,train
27281,test
27282,test
27283,val
27284,test
27285,train
27286,train
27287,val
27288,train
27289,train
27290,train
27291,test
27292,train
27293,train
27294,train
27295,test
27296,val
27297,train
27298,val
27299,val
27300,test
27301,train
27302,train
27303,val
27304,train
27305,train
27306,test
27307,train
27308,train
27309,train
27310,train
27311,train
27312,train
27313,train
27314,test
27315,test
27316,val
27317,train
27318,train
27319,val
27320,val
27321,train
27322,train
27323,test
27324,train
27325,test
27326,train
27327,val
27328,train
27329,train
27330,train
27331,train
27332,test
27333,train
27334,train
27335,test
27336,train
27337,train
27338,train
27339,test
27340,train
27341,val
27342,train
27343,train
27344,train
27345,train
27346,val
27347,train
27348,train
27349,val
27350,train
27351,train
27352,train
27353,train
27354,train
27355,train
27356,train
27357,train
27358,train
27359,train
27360,val
27361,train
27362,test
27363,train
27364,test
27365,val
27366,train
27367,val
27368,train
27369,test
27370,train
27371,train
27372,train
27373,val
27374,train
27375,test
27376,train
27377,train
27378,val
27379,train
27380,train
27381,val
27382,train
27383,train
27384,val
27385,val
27386,val
27387,val
27388,train
27389,train
27390,test
27391,test
27392,train
27393,train
27394,val
27395,train
27396,train
27397,test
27398,train
27399,test
27400,train
27401,train
27402,train
27403,test
27404,val
27405,val
27406,val
27407,val
27408,train
27409,train
27410,test
27411,train
27412,train
27413,test
27414,train
27415,train
27416,test
27417,train
27418,train
27419,test
27420,val
27421,val
27422,train
27423,test
27424,train
27425,train
27426,test
27427,train
27428,val
27429,test
27430,test
27431,train
27432,val
27433,train
27434,val
27435,train
27436,train
27437,train
27438,train
27439,train
27440,val
27441,train
27442,test
27443,val
27444,train
27445,train
27446,train
27447,test
27448,train
27449,test
27450,train
27451,val
27452,test
27453,train
27454,val
27455,val
27456,train
27457,val
27458,test
27459,train
27460,train
27461,train
27462,train
27463,train
27464,test
27465,test
27466,train
27467,val
27468,val
27469,train
27470,val
27471,train
27472,val
27473,train
27474,train
27475,train
27476,train
27477,train
27478,train
27479,train
27480,val
27481,test
27482,train
27483,val
27484,test
27485,train
27486,train
27487,train
27488,test
27489,train
27490,train
27491,train
27492,train
27493,train
27494,train
27495,test
27496,train
27497,train
27498,train
27499,train
27500,train
27501,val
27502,train
27503,test
27504,train
27505,train
27506,train
27507,test
27508,train
27509,val
27510,train
27511,train
27512,test
27513,train
27514,test
27515,train
27516,train
27517,train
27518,train
27519,train
27520,train
27521,train
27522,test
27523,train
27524,train
27525,train
27526,train
27527,test
27528,train
27529,train
27530,train
27531,train
27532,test
27533,train
27534,test
27535,val
27536,val
27537,train
27538,train
27539,train
27540,train
27541,train
27542,train
27543,train
27544,train
27545,test
27546,train
27547,val
27548,train
27549,val
27550,train
27551,test
27552,val
27553,test
27554,train
27555,val
27556,train
27557,train
27558,train
27559,train
27560,train
27561,val
27562,train
27563,train
27564,val
27565,test
27566,test
27567,train
27568,train
27569,val
27570,val
27571,test
27572,train
27573,train
27574,train
27575,train
27576,train
27577,test
27578,train
27579,test
27580,train
27581,train
27582,val
27583,val
27584,test
27585,train
27586,test
27587,train
27588,val
27589,test
27590,test
27591,val
27592,train
27593,train
27594,test
27595,train
27596,train
27597,train
27598,train
27599,test
27600,train
27601,test
27602,train
27603,test
27604,train
27605,train
27606,train
27607,train
27608,train
27609,test
27610,test
27611,train
27612,val
27613,val
27614,val
27615,train
27616,val
27617,train
27618,train
27619,train
27620,test
27621,train
27622,train
27623,train
27624,train
27625,train
27626,test
27627,train
27628,val
27629,val
27630,train
27631,train
27632,train
27633,test
27634,train
27635,train
27636,train
27637,val
27638,train
27639,test
27640,val
27641,test
27642,train
27643,val
27644,train
27645,train
27646,test
27647,train
27648,test
27649,train
27650,train
27651,val
27652,val
27653,val
27654,train
27655,test
27656,train
27657,train
27658,val
27659,train
27660,train
27661,train
27662,test
27663,test
27664,train
27665,val
27666,test
27667,train
27668,train
27669,val
27670,val
27671,test
27672,test
27673,train
27674,train
27675,val
27676,test
27677,train
27678,train
27679,train
27680,test
27681,train
27682,test
27683,train
27684,train
27685,test
27686,train
27687,train
27688,train
27689,train
27690,val
27691,train
27692,val
27693,test
27694,test
27695,test
27696,val
27697,val
27698,val
27699,train
27700,val
27701,test
27702,val
27703,val
27704,train
27705,test
27706,train
27707,train
27708,train
27709,val
27710,train
27711,train
27712,train
27713,train
27714,test
27715,train
27716,train
27717,val
27718,val
27719,train
27720,train
27721,test
27722,train
27723,train
27724,val
27725,train
27726,train
27727,val
27728,train
27729,val
27730,val
27731,train
27732,train
27733,train
27734,train
27735,train
27736,val
27737,val
27738,train
27739,train
27740,val
27741,test
27742,train
27743,val
27744,test
27745,train
27746,train
27747,test
27748,train
27749,train
27750,train
27751,val
27752,train
27753,train
27754,val
27755,test
27756,train
27757,train
27758,train
27759,train
27760,test
27761,train
27762,train
27763,test
27764,val
27765,val
27766,train
27767,train
27768,val
27769,val
27770,val
27771,train
27772,train
27773,train
27774,train
27775,train
27776,train
27777,train
27778,val
27779,test
27780,test
27781,train
27782,train
27783,test
27784,val
27785,train
27786,train
27787,train
27788,train
27789,test
27790,train
27791,train
27792,train
27793,train
27794,val
27795,val
27796,train
27797,train
27798,train
27799,train
27800,train
27801,train
27802,train
27803,train
27804,test
27805,train
27806,train
27807,test
27808,train
27809,test
27810,test
27811,train
27812,val
27813,train
27814,train
27815,train
27816,train
27817,train
27818,train
27819,test
27820,train
27821,train
27822,train
27823,train
27824,train
27825,val
27826,test
27827,train
27828,train
27829,train
27830,train
27831,train
27832,train
27833,test
27834,val
27835,train
27836,val
27837,train
27838,train
27839,test
27840,train
27841,val
27842,train
27843,train
27844,train
27845,train
27846,val
27847,train
27848,train
27849,train
27850,train
27851,train
27852,train
27853,train
27854,train
27855,train
27856,train
27857,val
27858,train
27859,train
27860,val
27861,test
27862,train
27863,val
27864,train
27865,test
27866,train
27867,train
27868,train
27869,val
27870,test
27871,val
27872,test
27873,val
27874,train
27875,test
27876,train
27877,train
27878,val
27879,val
27880,train
27881,train
27882,val
27883,train
27884,val
27885,val
27886,test
27887,val
27888,test
27889,train
27890,val
27891,train
27892,train
27893,train
27894,train
27895,train
27896,val
27897,val
27898,train
27899,train
27900,train
27901,train
27902,train
27903,train
27904,train
27905,val
27906,test
27907,test
27908,train
27909,train
27910,train
27911,train
27912,train
27913,train
27914,test
27915,test
27916,train
27917,train
27918,test
27919,train
27920,test
27921,test
27922,test
27923,train
27924,train
27925,train
27926,test
27927,val
27928,train
27929,train
27930,train
27931,val
27932,val
27933,test
27934,train
27935,val
27936,val
27937,train
27938,train
27939,val
27940,train
27941,train
27942,val
27943,train
27944,val
27945,train
27946,train
27947,train
27948,train
27949,val
27950,train
27951,train
27952,train
27953,val
27954,test
27955,train
27956,test
27957,test
27958,train
27959,test
27960,test
27961,val
27962,val
27963,val
27964,train
27965,train
27966,train
27967,train
27968,train
27969,test
27970,train
27971,train
27972,train
27973,train
27974,train
27975,train
27976,test
27977,train
27978,train
27979,val
27980,train
27981,test
27982,train
27983,val
27984,test
27985,train
27986,train
27987,train
27988,test
27989,train
27990,train
27991,train
27992,val
27993,train
27994,train
27995,val
27996,val
27997,train
27998,train
27999,val
28000,test
28001,val
28002,train
28003,train
28004,train
28005,test
28006,test
28007,val
28008,train
28009,train
28010,test
28011,test
28012,train
28013,train
28014,train
28015,train
28016,train
28017,val
28018,train
28019,val
28020,train
28021,train
28022,val
28023,train
28024,test
28025,test
28026,train
28027,train
28028,val
28029,test
28030,test
28031,train
28032,train
28033,train
28034,train
28035,train
28036,train
28037,train
28038,train
28039,train
28040,train
28041,train
28042,test
28043,test
28044,train
28045,train
28046,val
28047,val
28048,test
28049,val
28050,train
28051,val
28052,train
28053,test
28054,train
28055,train
28056,test
28057,train
28058,train
28059,train
28060,val
28061,train
28062,train
28063,train
28064,val
28065,train
28066,train
28067,train
28068,train
28069,train
28070,test
28071,train
28072,val
28073,test
28074,train
28075,test
28076,test
28077,train
28078,train
28079,train
28080,val
28081,train
28082,train
28083,train
28084,train
28085,val
28086,val
28087,train
28088,train
28089,test
28090,train
28091,val
28092,train
28093,train
28094,val
28095,train
28096,val
28097,train
28098,train
28099,train
28100,train
28101,train
28102,train
28103,train
28104,train
28105,train
28106,test
28107,val
28108,val
28109,val
28110,train
28111,val
28112,test
28113,train
28114,val
28115,train
28116,test
28117,train
28118,val
28119,train
28120,train
28121,train
28122,train
28123,val
28124,test
28125,train
28126,test
28127,test
28128,train
28129,val
28130,val
28131,train
28132,train
28133,train
28134,train
28135,train
28136,train
28137,val
28138,val
28139,train
28140,train
28141,test
28142,train
28143,test
28144,train
28145,train
28146,train
28147,train
28148,train
28149,train
28150,val
28151,test
28152,val
28153,train
28154,val
28155,train
28156,val
28157,val
28158,train
28159,train
28160,test
28161,train
28162,test
28163,train
28164,train
28165,val
28166,val
28167,train
28168,train
28169,test
28170,test
28171,train
28172,val
28173,train
28174,train
28175,test
28176,test
28177,train
28178,val
28179,train
28180,train
28181,val
28182,test
28183,val
28184,train
28185,test
28186,train
28187,train
28188,val
28189,train
28190,test
28191,val
28192,val
28193,train
28194,train
28195,train
28196,train
28197,test
28198,train
28199,train
28200,test
28201,val
28202,val
28203,train
28204,test
28205,test
28206,val
28207,test
28208,train
28209,train
28210,train
28211,train
28212,train
28213,test
28214,val
28215,train
28216,train
28217,val
28218,val
28219,test
28220,train
28221,test
28222,train
28223,val
28224,test
28225,test
28226,val
28227,train
28228,train
28229,train
28230,test
28231,train
28232,test
28233,train
28234,train
28235,train
28236,train
28237,train
28238,val
28239,val
28240,val
28241,train
28242,test
28243,train
28244,test
28245,train
28246,test
28247,train
28248,train
28249,test
28250,train
28251,train
28252,test
28253,train
28254,train
28255,val
28256,train
28257,val
28258,val
28259,train
28260,test
28261,train
28262,train
28263,train
28264,test
28265,train
28266,train
28267,test
28268,train
28269,train
28270,train
28271,train
28272,train
28273,train
28274,train
28275,test
28276,train
28277,train
28278,train
28279,train
28280,test
28281,test
28282,train
28283,train
28284,train
28285,val
28286,val
28287,test
28288,train
28289,train
28290,train
28291,train
28292,test
28293,val
28294,train
28295,train
28296,val
28297,train
28298,train
28299,val
28300,train
28301,val
28302,test
28303,train
28304,train
28305,train
28306,test
28307,train
28308,train
28309,test
28310,val
28311,test
28312,train
28313,test
28314,train
28315,train
28316,train
28317,train
28318,train
28319,train
28320,test
28321,train
28322,train
28323,train
28324,train
28325,train
28326,test
28327,train
28328,train
28329,train
28330,train
28331,val
28332,train
28333,test
28334,test
28335,val
28336,train
28337,train
28338,train
28339,test
28340,val
28341,train
28342,train
28343,train
28344,train
28345,test
28346,test
28347,train
28348,train
28349,val
28350,train
28351,train
28352,train
28353,val
28354,train
28355,val
28356,test
28357,val
28358,test
28359,test
28360,train
28361,test
28362,train
28363,val
28364,train
28365,train
28366,train
28367,train
28368,test
28369,test
28370,train
28371,val
28372,train
28373,train
28374,val
28375,val
28376,train
28377,val
28378,test
28379,train
28380,test
28381,test
28382,train
28383,val
28384,train
28385,train
28386,train
28387,val
28388,train
28389,train
28390,train
28391,train
28392,val
28393,train
28394,train
28395,train
28396,train
28397,train
28398,val
28399,train
28400,test
28401,train
28402,train
28403,test
28404,train
28405,val
28406,train
28407,train
28408,train
28409,train
28410,val
28411,train
28412,train
28413,train
28414,train
28415,train
28416,train
28417,train
28418,train
28419,test
28420,train
28421,train
28422,test
28423,train
28424,test
28425,train
28426,val
28427,train
28428,train
28429,train
28430,train
28431,train
28432,test
28433,train
28434,train
28435,val
28436,val
28437,test
28438,test
28439,val
28440,train
28441,train
28442,train
28443,val
28444,train
28445,val
28446,train
28447,val
28448,train
28449,test
28450,val
28451,test
28452,val
28453,train
28454,train
28455,test
28456,val
28457,val
28458,train
28459,train
28460,train
28461,train
28462,train
28463,train
28464,train
28465,train
28466,test
28467,train
28468,train
28469,train
28470,train
28471,train
28472,val
28473,train
28474,train
28475,val
28476,train
28477,train
28478,train
28479,train
28480,train
28481,train
28482,train
28483,train
28484,train
28485,val
28486,val
28487,val
28488,train
28489,train
28490,train
28491,train
28492,test
28493,train
28494,val
28495,train
28496,train
28497,val
28498,train
28499,test
28500,train
28501,train
28502,test
28503,val
28504,test
28505,val
28506,train
28507,test
28508,test
28509,train
28510,train
28511,train
28512,train
28513,val
28514,train
28515,train
28516,train
28517,val
28518,test
28519,test
28520,train
28521,train
28522,train
28523,train
28524,train
28525,train
28526,train
28527,val
28528,train
28529,test
28530,train
28531,train
28532,train
28533,val
28534,val
28535,val
28536,val
28537,val
28538,train
28539,train
28540,test
28541,val
28542,train
28543,train
28544,test
28545,val
28546,train
28547,train
28548,val
28549,test
28550,train
28551,train
28552,val
28553,train
28554,train
28555,train
28556,train
28557,val
28558,val
28559,train
28560,val
28561,test
28562,test
28563,train
28564,val
28565,train
28566,train
28567,train
28568,train
28569,train
28570,train
28571,train
28572,train
28573,test
28574,train
28575,test
28576,train
28577,val
28578,test
28579,test
28580,train
28581,train
28582,train
28583,test
28584,test
28585,val
28586,train
28587,val
28588,test
28589,test
28590,test
28591,train
28592,train
28593,train
28594,val
28595,train
28596,train
28597,train
28598,val
28599,test
28600,train
28601,train
28602,val
28603,train
28604,test
28605,train
28606,train
28607,test
28608,train
28609,val
28610,train
28611,train
28612,train
28613,val
28614,val
28615,train
28616,train
28617,train
28618,train
28619,train
28620,train
28621,train
28622,train
28623,train
28624,val
28625,train
28626,train
28627,val
28628,test
28629,test
28630,train
28631,val
28632,test
28633,train
28634,test
28635,test
28636,train
28637,test
28638,val
28639,test
28640,train
28641,train
28642,train
28643,train
28644,val
28645,test
28646,val
28647,test
28648,val
28649,val
28650,train
28651,train
28652,test
28653,train
28654,test
28655,train
28656,val
28657,train
28658,train
28659,train
28660,train
28661,val
28662,train
28663,train
28664,test
28665,test
28666,val
28667,val
28668,test
28669,test
28670,train
28671,train
28672,train
28673,val
28674,train
28675,train
28676,test
28677,val
28678,train
28679,train
28680,val
28681,val
28682,train
28683,train
28684,train
28685,train
28686,train
28687,train
28688,train
28689,test
28690,test
28691,train
28692,train
28693,test
28694,train
28695,train
28696,train
28697,test
28698,train
28699,val
28700,train
28701,test
28702,train
28703,val
28704,test
28705,test
28706,train
28707,train
28708,test
28709,test
28710,train
28711,train
28712,train
28713,test
28714,train
28715,train
28716,train
28717,val
28718,train
28719,test
28720,test
28721,train
28722,train
28723,test
28724,train
28725,test
28726,train
28727,test
28728,val
28729,train
28730,train
28731,train
28732,val
28733,val
28734,test
28735,train
28736,val
28737,test
28738,test
28739,train
28740,train
28741,test
28742,test
28743,train
28744,val
28745,test
28746,test
28747,train
28748,val
28749,val
28750,test
28751,train
28752,train
28753,test
28754,train
28755,test
28756,train
28757,train
28758,val
28759,train
28760,val
28761,train
28762,test
28763,test
28764,train
28765,train
28766,train
28767,train
28768,val
28769,train
28770,train
28771,train
28772,test
28773,val
28774,test
28775,train
28776,train
28777,train
28778,test
28779,train
28780,train
28781,train
28782,train
28783,train
28784,train
28785,train
28786,test
28787,train
28788,train
28789,train
28790,train
28791,test
28792,train
28793,train
28794,test
28795,train
28796,test
28797,train
28798,val
28799,train
28800,val
28801,test
28802,train
28803,val
28804,val
28805,train
28806,val
28807,train
28808,train
28809,train
28810,test
28811,train
28812,train
28813,train
28814,test
28815,test
28816,val
28817,train
28818,train
28819,train
28820,train
28821,test
28822,val
28823,test
28824,train
28825,test
28826,train
28827,train
28828,val
28829,train
28830,train
28831,val
28832,test
28833,train
28834,test
28835,train
28836,train
28837,train
28838,train
28839,train
28840,train
28841,train
28842,train
28843,train
28844,train
28845,train
28846,val
28847,train
28848,train
28849,train
28850,test
28851,train
28852,train
28853,train
28854,train
28855,train
28856,val
28857,test
28858,val
28859,train
28860,train
28861,train
28862,test
28863,val
28864,val
28865,val
28866,train
28867,train
28868,train
28869,test
28870,train
28871,train
28872,train
28873,val
28874,train
28875,train
28876,val
28877,val
28878,val
28879,train
28880,test
28881,train
28882,train
28883,val
28884,train
28885,train
28886,train
28887,train
28888,train
28889,val
28890,train
28891,train
28892,val
28893,train
28894,train
28895,test
28896,train
28897,train
28898,train
28899,test
28900,test
28901,val
28902,test
28903,train
28904,train
28905,val
28906,train
28907,val
28908,train
28909,train
28910,train
28911,val
28912,train
28913,val
28914,train
28915,val
28916,test
28917,val
28918,train
28919,train
28920,train
28921,train
28922,test
28923,train
28924,train
28925,train
28926,train
28927,train
28928,val
28929,train
28930,train
28931,train
28932,train
28933,val
28934,train
28935,train
28936,train
28937,val
28938,train
28939,test
28940,train
28941,val
28942,train
28943,train
28944,val
28945,val
28946,test
28947,test
28948,train
28949,test
28950,train
28951,val
28952,train
28953,val
28954,train
28955,test
28956,train
28957,train
28958,test
28959,val
28960,train
28961,test
28962,train
28963,val
28964,train
28965,test
28966,train
28967,val
28968,train
28969,test
28970,val
28971,val
28972,train
28973,train
28974,train
28975,train
28976,train
28977,train
28978,train
28979,train
28980,test
28981,test
28982,train
28983,train
28984,val
28985,test
28986,train
28987,train
28988,train
28989,train
28990,val
28991,val
28992,val
28993,train
28994,train
28995,train
28996,val
28997,train
28998,train
28999,test
29000,test
29001,val
29002,test
29003,train
29004,train
29005,train
29006,val
29007,train
29008,train
29009,val
29010,val
29011,train
29012,train
29013,train
29014,test
29015,train
29016,val
29017,train
29018,train
29019,train
29020,train
29021,train
29022,test
29023,train
29024,test
29025,val
29026,train
29027,val
29028,train
29029,train
29030,train
29031,train
29032,train
29033,test
29034,train
29035,train
29036,test
29037,train
29038,train
29039,train
29040,train
29041,test
29042,train
29043,train
29044,test
29045,test
29046,train
29047,test
29048,train
29049,val
29050,train
29051,train
29052,train
29053,train
29054,train
29055,train
29056,val
29057,train
29058,test
29059,test
29060,train
29061,train
29062,train
29063,val
29064,train
29065,train
29066,train
29067,train
29068,train
29069,val
29070,val
29071,test
29072,train
29073,val
29074,val
29075,test
29076,test
29077,train
29078,val
29079,train
29080,train
29081,train
29082,train
29083,val
29084,train
29085,train
29086,train
29087,train
29088,train
29089,train
29090,test
29091,train
29092,train
29093,val
29094,train
29095,test
29096,val
29097,train
29098,val
29099,train
29100,train
29101,train
29102,test
29103,val
29104,train
29105,train
29106,train
29107,val
29108,train
29109,train
29110,test
29111,val
29112,train
29113,train
29114,train
29115,test
29116,train
29117,train
29118,train
29119,train
29120,train
29121,train
29122,train
29123,train
29124,train
29125,test
29126,train
29127,val
29128,val
29129,val
29130,train
29131,train
29132,test
29133,train
29134,train
29135,train
29136,train
29137,train
29138,train
29139,train
29140,train
29141,train
29142,test
29143,train
29144,val
29145,val
29146,train
29147,test
29148,test
29149,train
29150,val
29151,test
29152,test
29153,train
29154,test
29155,test
29156,train
29157,val
29158,test
29159,val
29160,train
29161,test
29162,train
29163,val
29164,train
29165,train
29166,val
29167,train
29168,train
29169,train
29170,train
29171,train
29172,train
29173,test
29174,train
29175,train
29176,train
29177,train
29178,train
29179,train
29180,train
29181,train
29182,train
29183,train
29184,train
29185,train
29186,test
29187,train
29188,train
29189,train
29190,train
29191,train
29192,train
29193,test
29194,train
29195,train
29196,train
29197,train
29198,train
29199,test
29200,train
29201,test
29202,val
29203,test
29204,train
29205,train
29206,val
29207,test
29208,train
29209,train
29210,train
29211,train
29212,val
29213,train
29214,test
29215,val
29216,train
29217,train
29218,test
29219,train
29220,train
29221,val
29222,train
29223,val
29224,val
29225,test
29226,test
29227,train
29228,test
29229,train
29230,train
29231,train
29232,val
29233,train
29234,train
29235,test
29236,train
29237,test
29238,train
29239,test
29240,val
29241,test
29242,train
29243,val
29244,test
29245,train
29246,val
29247,train
29248,train
29249,train
29250,train
29251,test
29252,test
29253,train
29254,train
29255,train
29256,train
29257,test
29258,test
29259,train
29260,test
29261,train
29262,test
29263,train
29264,train
29265,test
29266,train
29267,train
29268,train
29269,train
29270,train
29271,val
29272,val
29273,val
29274,val
29275,test
29276,train
29277,train
29278,test
29279,train
29280,train
29281,train
29282,train
29283,train
29284,train
29285,train
29286,train
29287,test
29288,train
29289,val
29290,test
29291,train
29292,test
29293,train
29294,train
29295,train
29296,test
29297,train
29298,val
29299,train
29300,train
29301,test
29302,test
29303,test
29304,train
29305,train
29306,train
29307,train
29308,val
29309,train
29310,train
29311,train
29312,train
29313,train
29314,test
29315,test
29316,train
29317,train
29318,test
29319,train
29320,val
29321,train
29322,train
29323,train
29324,train
29325,train
29326,test
29327,train
29328,train
29329,train
29330,test
29331,train
29332,train
29333,test
29334,test
29335,train
29336,val
29337,train
29338,train
29339,train
29340,train
29341,test
29342,test
29343,train
29344,train
29345,val
29346,train
29347,train
29348,train
29349,train
29350,train
29351,train
29352,train
29353,val
29354,train
29355,train
29356,test
29357,train
29358,train
29359,test
29360,train
29361,train
29362,train
29363,train
29364,test
29365,train
29366,val
29367,train
29368,train
29369,test
29370,train
29371,val
29372,train
29373,val
29374,val
29375,train
29376,train
29377,val
29378,val
29379,val
29380,train
29381,train
29382,train
29383,train
29384,test
29385,train
29386,val
29387,test
29388,test
29389,train
29390,train
29391,test
29392,val
29393,train
29394,test
29395,train
29396,val
29397,val
29398,train
29399,test
29400,train
29401,train
29402,train
29403,train
29404,train
29405,train
29406,test
29407,train
29408,train
29409,val
29410,train
29411,val
29412,test
29413,train
29414,test
29415,train
29416,test
29417,train
29418,train
29419,train
29420,train
29421,test
29422,val
29423,train
29424,train
29425,test
29426,train
29427,test
29428,train
29429,test
29430,test
29431,train
29432,val
29433,val
29434,test
29435,train
29436,train
29437,train
29438,test
29439,train
29440,test
29441,train
29442,train
29443,test
29444,test
29445,train
29446,test
29447,test
29448,train
29449,test
29450,val
29451,test
29452,train
29453,train
29454,val
29455,val
29456,train
29457,val
29458,test
29459,val
29460,train
29461,val
29462,train
29463,train
29464,test
29465,train
29466,val
29467,val
29468,train
29469,train
29470,train
29471,val
29472,test
29473,train
29474,train
29475,train
29476,train
29477,train
29478,test
29479,train
29480,val
29481,train
29482,val
29483,train
29484,train
29485,val
29486,val
29487,train
29488,train
29489,train
29490,train
29491,train
29492,train
29493,train
29494,train
29495,train
29496,train
29497,train
29498,train
29499,train
29500,test
29501,train
29502,train
29503,val
29504,train
29505,train
29506,test
29507,train
29508,train
29509,train
29510,train
29511,train
29512,train
29513,train
29514,train
29515,train
29516,train
29517,train
29518,train
29519,train
29520,val
29521,test
29522,train
29523,val
29524,train
29525,train
29526,train
29527,test
29528,train
29529,val
29530,val
29531,train
29532,test
29533,test
29534,val
29535,train
29536,val
29537,val
29538,train
29539,test
29540,test
29541,val
29542,train
29543,test
29544,train
29545,train
29546,val
29547,train
29548,test
29549,train
29550,train
29551,test
29552,val
29553,train
29554,test
29555,test
29556,train
29557,val
29558,train
29559,test
29560,test
29561,train
29562,val
29563,test
29564,train
29565,train
29566,train
29567,train
29568,val
29569,test
29570,test
29571,val
29572,train
29573,test
29574,train
29575,train
29576,test
29577,train
29578,val
29579,train
29580,test
29581,train
29582,train
29583,train
29584,val
29585,val
29586,val
29587,train
29588,train
29589,train
29590,test
29591,train
29592,train
29593,test
29594,train
29595,train
29596,train
29597,test
29598,test
29599,test
29600,val
29601,train
29602,train
29603,train
29604,val
29605,train
29606,train
29607,train
29608,train
29609,train
29610,train
29611,test
29612,test
29613,train
29614,train
29615,val
29616,train
29617,train
29618,val
29619,test
29620,test
29621,train
29622,val
29623,val
29624,val
29625,test
29626,val
29627,train
29628,train
29629,test
29630,test
29631,val
29632,train
29633,test
29634,val
29635,train
29636,val
29637,train
29638,test
29639,val
29640,train
29641,train
29642,test
29643,train
29644,train
29645,val
29646,test
29647,val
29648,train
29649,train
29650,val
29651,train
29652,train
29653,val
29654,test
29655,train
29656,val
29657,val
29658,test
29659,val
29660,val
29661,test
29662,train
29663,train
29664,test
29665,train
29666,train
29667,val
29668,train
29669,test
29670,train
29671,train
29672,train
29673,train
29674,train
29675,val
29676,train
29677,train
29678,train
29679,val
29680,train
29681,train
29682,train
29683,train
29684,train
29685,train
29686,val
29687,val
29688,val
29689,train
29690,train
29691,test
29692,test
29693,train
29694,train
29695,train
29696,train
29697,train
29698,train
29699,test
29700,train
29701,train
29702,train
29703,test
29704,test
29705,test
29706,train
29707,train
29708,val
29709,train
29710,train
29711,train
29712,train
29713,train
29714,train
29715,train
29716,train
29717,train
29718,test
29719,val
29720,train
29721,test
29722,train
29723,train
29724,val
29725,val
29726,val
29727,test
29728,test
29729,val
29730,train
29731,test
29732,train
29733,train
29734,val
29735,test
29736,test
29737,train
29738,train
29739,test
29740,val
29741,train
29742,val
29743,train
29744,test
29745,train
29746,val
29747,test
29748,test
29749,train
29750,train
29751,val
29752,train
29753,train
29754,test
29755,train
29756,train
29757,test
29758,train
29759,train
29760,train
29761,train
29762,val
29763,train
29764,val
29765,train
29766,test
29767,train
29768,train
29769,train
29770,train
29771,val
29772,val
29773,train
29774,train
29775,val
29776,train
29777,train
29778,train
29779,train
29780,train
29781,train
29782,val
29783,val
29784,train
29785,val
29786,test
29787,train
29788,val
29789,train
29790,train
29791,test
29792,train
29793,val
29794,train
29795,train
29796,train
29797,val
29798,val
29799,val
29800,train
29801,train
29802,train
29803,train
29804,train
29805,val
29806,train
29807,train
29808,val
29809,train
29810,train
29811,train
29812,train
29813,train
29814,train
29815,val
29816,val
29817,train
29818,val
29819,test
29820,train
29821,train
29822,train
29823,test
29824,train
29825,val
29826,train
29827,val
29828,train
29829,train
29830,val
29831,train
29832,test
29833,train
29834,val
29835,val
29836,train
29837,train
29838,test
29839,test
29840,test
29841,train
29842,train
29843,val
29844,val
29845,test
29846,train
29847,train
29848,train
29849,train
29850,val
29851,test
29852,train
29853,train
29854,train
29855,val
29856,val
29857,train
29858,test
29859,train
29860,test
29861,test
29862,train
29863,test
29864,test
29865,train
29866,train
29867,train
29868,val
29869,train
29870,test
29871,train
29872,test
29873,val
29874,test
29875,test
29876,train
29877,train
29878,train
29879,test
29880,train
29881,test
29882,train
29883,train
29884,train
29885,val
29886,train
29887,train
29888,train
29889,test
29890,test
29891,train
29892,test
29893,val
29894,train
29895,train
29896,train
29897,train
29898,train
29899,train
29900,test
29901,test
29902,train
29903,train
29904,val
29905,train
29906,test
29907,val
29908,val
29909,train
29910,test
29911,train
29912,train
29913,test
29914,train
29915,train
29916,train
29917,train
29918,train
29919,train
29920,val
29921,train
29922,test
29923,test
29924,train
29925,train
29926,val
29927,val
29928,val
29929,train
29930,train
29931,train
29932,val
29933,train
29934,test
29935,test
29936,test
29937,test
29938,train
29939,train
29940,test
29941,test
29942,train
29943,train
29944,train
29945,train
29946,train
29947,train
29948,val
29949,val
29950,train
29951,train
29952,test
29953,train
29954,train
29955,train
29956,train
29957,train
29958,train
29959,train
29960,train
29961,train
29962,train
29963,test
29964,train
29965,test
29966,train
29967,val
29968,test
29969,train
29970,val
29971,train
29972,train
29973,train
29974,val
29975,test
29976,test
29977,train
29978,val
29979,train
29980,train
29981,train
29982,val
29983,train
29984,val
29985,val
29986,test
29987,train
29988,train
29989,train
29990,train
29991,train
29992,train
29993,train
29994,train
29995,train
29996,train
29997,train
29998,test
29999,train
30000,train
30001,train
30002,val
30003,val
30004,test
30005,val
30006,test
30007,train
30008,val
30009,val
30010,test
30011,test
30012,train
30013,train
30014,val
30015,train
30016,train
30017,train
30018,train
30019,test
30020,train
30021,train
30022,test
30023,test
30024,test
30025,train
30026,val
30027,train
30028,test
30029,train
30030,val
30031,val
30032,val
30033,val
30034,test
30035,train
30036,train
30037,test
30038,train
30039,val
30040,test
30041,train
30042,val
30043,train
30044,train
30045,val
30046,train
30047,train
30048,val
30049,train
30050,train
30051,train
30052,train
30053,train
30054,train
30055,train
30056,train
30057,train
30058,train
30059,val
30060,val
30061,train
30062,train
30063,train
30064,train
30065,train
30066,val
30067,train
30068,train
30069,train
30070,train
30071,train
30072,test
30073,train
30074,train
30075,train
30076,train
30077,val
30078,train
30079,val
30080,train
30081,val
30082,train
30083,train
30084,train
30085,train
30086,test
30087,train
30088,train
30089,train
30090,val
30091,train
30092,val
30093,test
30094,val
30095,test
30096,val
30097,train
30098,train
30099,val
30100,train
30101,train
30102,val
30103,train
30104,train
30105,test
30106,train
30107,val
30108,train
30109,train
30110,train
30111,train
30112,val
30113,val
30114,test
30115,train
30116,test
30117,val
30118,val
30119,test
30120,test
30121,test
30122,train
30123,train
30124,test
30125,train
30126,train
30127,train
30128,val
30129,train
30130,train
30131,train
30132,train
30133,train
30134,train
30135,train
30136,test
30137,val
30138,test
30139,train
30140,test
30141,test
30142,train
30143,val
30144,test
30145,val
30146,val
30147,train
30148,train
30149,train
30150,test
30151,test
30152,train
30153,test
30154,test
30155,val
30156,train
30157,test
30158,test
30159,val
30160,val
30161,val
30162,train
30163,test
30164,train
30165,train
30166,val
30167,train
30168,train
30169,train
30170,test
30171,train
30172,val
30173,train
30174,train
30175,train
30176,test
30177,train
30178,train
30179,test
30180,train
30181,train
30182,train
30183,test
30184,train
30185,train
30186,train
30187,test
30188,train
30189,val
30190,train
30191,train
30192,test
30193,train
30194,train
30195,val
30196,test
30197,train
30198,val
30199,test
30200,train
30201,train
30202,train
30203,val
30204,train
30205,train
30206,test
30207,train
30208,val
30209,train
30210,train
30211,test
30212,train
30213,train
30214,val
30215,train
30216,train
30217,val
30218,train
30219,train
30220,val
30221,train
30222,train
30223,train
30224,test
30225,test
30226,test
30227,test
30228,test
30229,train
30230,train
30231,train
30232,train
30233,train
30234,train
30235,train
30236,test
30237,train
30238,val
30239,train
30240,val
30241,train
30242,train
30243,train
30244,train
30245,test
30246,train
30247,test
30248,train
30249,train
30250,train
30251,test
30252,train
30253,test
30254,train
30255,train
30256,train
30257,train
30258,test
30259,train
30260,val
30261,train
30262,val
30263,train
30264,test
30265,train
30266,train
30267,train
30268,train
30269,train
30270,train
30271,test
30272,val
30273,train
30274,val
30275,val
30276,val
30277,test
30278,train
30279,test
30280,test
30281,train
30282,val
30283,train
30284,test
30285,train
30286,train
30287,val
30288,train
30289,train
30290,test
30291,val
30292,test
30293,test
30294,test
30295,train
30296,val
30297,test
30298,train
30299,val
30300,val
30301,train
30302,train
30303,train
30304,test
30305,test
30306,val
30307,train
30308,train
30309,test
30310,test
30311,train
30312,val
30313,train
30314,val
30315,test
30316,train
30317,train
30318,train
30319,train
30320,train
30321,train
30322,val
30323,val
30324,train
30325,val
30326,test
30327,val
30328,val
30329,train
30330,val
30331,train
30332,train
30333,val
30334,train
30335,train
30336,train
30337,train
30338,train
30339,val
30340,train
30341,test
30342,train
30343,train
30344,train
30345,test
30346,train
30347,test
30348,val
30349,train
30350,test
30351,train
30352,val
30353,train
30354,train
30355,train
30356,train
30357,train
30358,train
30359,train
30360,val
30361,train
30362,train
30363,train
30364,val
30365,train
30366,train
30367,train
30368,train
30369,train
30370,test
30371,train
30372,train
30373,val
30374,train
30375,test
30376,train
30377,train
30378,train
30379,train
30380,train
30381,train
30382,val
30383,test
30384,train
30385,train
30386,train
30387,train
30388,train
30389,test
30390,val
30391,train
30392,test
30393,train
30394,val
30395,train
30396,test
30397,train
30398,test
30399,train
30400,val
30401,val
30402,test
30403,train
30404,train
30405,test
30406,train
30407,train
30408,train
30409,test
30410,train
30411,test
30412,val
30413,train
30414,test
30415,train
30416,train
30417,test
30418,train
30419,val
30420,train
30421,val
30422,train
30423,train
30424,train
30425,val
30426,val
30427,train
30428,train
30429,val
30430,train
30431,test
30432,test
30433,train
30434,test
30435,train
30436,val
30437,val
30438,val
30439,train
30440,val
30441,val
30442,train
30443,train
30444,train
30445,train
30446,train
30447,train
30448,val
30449,test
30450,train
30451,val
30452,train
30453,test
30454,val
30455,test
30456,train
30457,train
30458,test
30459,train
30460,train
30461,test
30462,train
30463,test
30464,val
30465,train
30466,train
30467,val
30468,test
30469,train
30470,train
30471,train
30472,test
30473,val
30474,train
30475,val
30476,train
30477,val
30478,train
30479,test
30480,val
30481,train
30482,val
30483,val
30484,test
30485,val
30486,train
30487,val
30488,train
30489,train
30490,train
30491,train
30492,test
30493,train
30494,test
30495,train
30496,test
30497,test
30498,test
30499,train
30500,train
30501,test
30502,test
30503,train
30504,test
30505,train
30506,train
30507,val
30508,train
30509,train
30510,train
30511,train
30512,val
30513,test
30514,train
30515,test
30516,train
30517,train
30518,train
30519,train
30520,train
30521,test
30522,val
30523,train
30524,train
30525,train
30526,train
30527,train
30528,test
30529,test
30530,train
30531,test
30532,val
30533,val
30534,train
30535,test
30536,train
30537,train
30538,val
30539,train
30540,train
30541,train
30542,test
30543,train
30544,train
30545,train
30546,val
30547,val
30548,train
30549,val
30550,train
30551,val
30552,val
30553,train
30554,val
30555,val
30556,train
30557,train
30558,test
30559,test
30560,train
30561,test
30562,val
30563,val
30564,test
30565,train
30566,train
30567,val
30568,train
30569,val
30570,train
30571,test
30572,val
30573,train
30574,train
30575,train
30576,train
30577,train
30578,train
30579,train
30580,test
30581,test
30582,train
30583,train
30584,train
30585,test
30586,train
30587,test
30588,train
30589,train
30590,train
30591,train
30592,train
30593,train
30594,train
30595,val
30596,train
30597,test
30598,train
30599,train
30600,train
30601,train
30602,test
30603,train
30604,train
30605,train
30606,train
30607,train
30608,train
30609,test
30610,val
30611,val
30612,train
30613,test
30614,train
30615,test
30616,val
30617,train
30618,train
30619,val
30620,test
30621,val
30622,val
30623,train
30624,train
30625,test
30626,train
30627,train
30628,train
30629,train
30630,val
30631,val
30632,train
30633,train
30634,test
30635,test
30636,test
30637,train
30638,val
30639,train
30640,train
30641,train
30642,train
30643,val
30644,train
30645,train
30646,train
30647,test
30648,train
30649,test
30650,train
30651,val
30652,train
30653,train
30654,val
30655,test
30656,train
30657,test
30658,train
30659,test
30660,train
30661,train
30662,test
30663,train
30664,train
30665,test
30666,train
30667,val
30668,val
30669,test
30670,train
30671,train
30672,train
30673,train
30674,train
30675,val
30676,train
30677,train
30678,test
30679,test
30680,train
30681,val
30682,train
30683,train
30684,train
30685,train
30686,val
30687,train
30688,val
30689,train
30690,train
30691,train
30692,train
30693,test
30694,train
30695,val
30696,val
30697,train
30698,train
30699,train
30700,train
30701,val
30702,train
30703,train
30704,train
30705,train
30706,train
30707,test
30708,test
30709,train
30710,val
30711,val
30712,val
30713,val
30714,val
30715,train
30716,train
30717,test
30718,train
30719,train
30720,train
30721,train
30722,train
30723,train
30724,train
30725,test
30726,val
30727,train
30728,train
30729,test
30730,train
30731,train
30732,val
30733,val
30734,train
30735,train
30736,test
30737,train
30738,train
30739,val
30740,train
30741,train
30742,train
30743,train
30744,val
30745,train
30746,val
30747,val
30748,test
30749,test
30750,train
30751,test
30752,train
30753,train
30754,train
30755,train
30756,train
30757,val
30758,train
30759,val
30760,train
30761,train
30762,val
30763,test
30764,val
30765,train
30766,test
30767,train
30768,train
30769,val
30770,train
30771,train
30772,val
30773,val
30774,train
30775,train
30776,train
30777,train
30778,train
30779,train
30780,test
30781,val
30782,train
30783,val
30784,train
30785,train
30786,test
30787,train
30788,val
30789,val
30790,test
30791,test
30792,val
30793,test
30794,train
30795,val
30796,val
30797,test
30798,train
30799,test
30800,train
30801,test
30802,test
30803,val
30804,train
30805,val
30806,val
30807,test
30808,test
30809,train
30810,test
30811,val
30812,train
30813,test
30814,val
30815,train
30816,train
30817,train
30818,train
30819,train
30820,train
30821,test
30822,test
30823,test
30824,val
30825,train
30826,val
30827,val
30828,train
30829,val
30830,val
30831,test
30832,test
30833,train
30834,train
30835,train
30836,train
30837,val
30838,train
30839,test
30840,test
30841,val
30842,train
30843,test
30844,val
30845,test
30846,test
30847,test
30848,train
30849,train
30850,test
30851,train
30852,train
30853,val
30854,train
30855,train
30856,train
30857,val
30858,val
30859,train
30860,train
30861,val
30862,train
30863,train
30864,val
30865,train
30866,train
30867,val
30868,train
30869,val
30870,test
30871,val
30872,val
30873,train
30874,test
30875,test
30876,val
30877,train
30878,train
30879,train
30880,train
30881,train
30882,test
30883,val
30884,train
30885,val
30886,train
30887,val
30888,train
30889,val
30890,train
30891,train
30892,test
30893,val
30894,test
30895,train
30896,test
30897,val
30898,train
30899,train
30900,train
30901,train
30902,test
30903,val
30904,train
30905,test
30906,train
30907,train
30908,train
30909,train
30910,train
30911,val
30912,train
30913,train
30914,train
30915,test
30916,val
30917,train
30918,test
30919,val
30920,train
30921,val
30922,test
30923,val
30924,train
30925,train
30926,val
30927,val
30928,test
30929,train
30930,val
30931,train
30932,train
30933,val
30934,val
30935,val
30936,train
30937,train
30938,test
30939,train
30940,train
30941,train
30942,val
30943,train
30944,val
30945,val
30946,train
30947,train
30948,val
30949,test
30950,train
30951,train
30952,train
30953,test
30954,train
30955,train
30956,test
30957,train
30958,train
30959,test
30960,test
30961,train
30962,val
30963,train
30964,train
30965,val
30966,train
30967,train
30968,train
30969,train
30970,train
30971,train
30972,train
30973,val
30974,train
30975,train
30976,train
30977,test
30978,test
30979,test
30980,val
30981,train
30982,train
30983,test
30984,test
30985,test
30986,test
30987,train
30988,train
30989,train
30990,train
30991,train
30992,train
30993,test
30994,val
30995,train
30996,test
30997,train
30998,train
30999,val
31000,test
31001,train
31002,train
31003,train
31004,test
31005,val
31006,train
31007,train
31008,train
31009,train
31010,train
31011,val
31012,train
31013,train
31014,train
31015,train
31016,test
31017,train
31018,train
31019,train
31020,val
31021,test
31022,train
31023,test
31024,train
31025,train
31026,train
31027,train
31028,train
31029,val
31030,val
31031,test
31032,train
31033,train
31034,train
31035,train
31036,train
31037,train
31038,train
31039,test
31040,val
31041,train
31042,train
31043,train
31044,train
31045,train
31046,test
31047,test
31048,test
31049,train
31050,train
31051,test
31052,train
31053,test
31054,train
31055,train
31056,train
31057,val
31058,test
31059,test
31060,test
31061,test
31062,train
31063,train
31064,train
31065,train
31066,train
31067,test
31068,train
31069,val
31070,test
31071,val
31072,test
31073,train
31074,train
31075,train
31076,val
31077,val
31078,test
31079,train
31080,train
31081,train
31082,train
31083,val
31084,val
31085,train
31086,train
31087,train
31088,train
31089,train
31090,test
31091,test
31092,val
31093,train
31094,train
31095,train
31096,train
31097,train
31098,val
31099,val
31100,test
31101,train
31102,train
31103,train
31104,train
31105,test
31106,test
31107,test
31108,val
31109,train
31110,train
31111,train
31112,train
31113,val
31114,val
31115,train
31116,train
31117,test
31118,train
31119,train
31120,train
31121,train
31122,train
31123,train
31124,val
31125,test
31126,train
31127,val
31128,train
31129,train
31130,train
31131,test
31132,train
31133,train
31134,train
31135,train
31136,train
31137,test
31138,val
31139,train
31140,train
31141,val
31142,val
31143,val
31144,train
31145,test
31146,train
31147,train
31148,train
31149,val
31150,train
31151,test
31152,test
31153,train
31154,train
31155,train
31156,test
31157,train
31158,train
31159,train
31160,test
31161,train
31162,val
31163,train
31164,val
31165,train
31166,train
31167,train
31168,test
31169,train
31170,test
31171,train
31172,val
31173,test
31174,val
31175,train
31176,train
31177,val
31178,test
31179,test
31180,train
31181,val
31182,test
31183,train
31184,train
31185,train
31186,val
31187,train
31188,test
31189,train
31190,train
31191,train
31192,test
31193,train
31194,train
31195,val
31196,train
31197,test
31198,val
31199,train
31200,train
31201,val
31202,train
31203,test
31204,train
31205,val
31206,train
31207,val
31208,train
31209,train
31210,train
31211,val
31212,train
31213,train
31214,train
31215,train
31216,train
31217,val
31218,train
31219,val
31220,train
31221,test
31222,train
31223,train
31224,train
31225,test
31226,train
31227,test
31228,train
31229,val
31230,test
31231,train
31232,val
31233,train
31234,train
31235,val
31236,val
31237,train
31238,val
31239,val
31240,test
31241,val
31242,val
31243,test
31244,train
31245,test
31246,val
31247,train
31248,train
31249,val
31250,test
31251,train
31252,train
31253,test
31254,test
31255,train
31256,train
31257,train
31258,train
31259,train
31260,train
31261,train
31262,train
31263,train
31264,train
31265,test
31266,train
31267,test
31268,train
31269,train
31270,train
31271,train
31272,val
31273,train
31274,train
31275,test
31276,val
31277,train
31278,val
31279,test
31280,test
31281,train
31282,train
31283,train
31284,train
31285,train
31286,train
31287,test
31288,test
31289,test
31290,train
31291,val
31292,test
31293,test
31294,train
31295,test
31296,train
31297,val
31298,train
31299,train
31300,train
31301,train
31302,val
31303,test
31304,train
31305,test
31306,train
31307,test
31308,train
31309,test
31310,train
31311,train
31312,val
31313,train
31314,train
31315,train
31316,test
31317,train
31318,train
31319,test
31320,test
31321,test
31322,val
31323,train
31324,train
31325,test
31326,test
31327,train
31328,train
31329,train
31330,train
31331,train
31332,test
31333,train
31334,test
31335,val
31336,train
31337,test
31338,train
31339,train
31340,val
31341,train
31342,train
31343,train
31344,train
31345,train
31346,test
31347,train
31348,val
31349,train
31350,val
31351,train
31352,test
31353,test
31354,train
31355,train
31356,test
31357,train
31358,train
31359,val
31360,train
31361,train
31362,val
31363,val
31364,train
31365,val
31366,train
31367,train
31368,train
31369,train
31370,train
31371,val
31372,train
31373,train
31374,test
31375,train
31376,train
31377,train
31378,train
31379,train
31380,test
31381,val
31382,train
31383,train
31384,train
31385,train
31386,val
31387,train
31388,val
31389,val
31390,train
31391,train
31392,val
31393,train
31394,test
31395,val
31396,val
31397,train
31398,test
31399,test
31400,val
31401,test
31402,test
31403,test
31404,test
31405,train
31406,train
31407,train
31408,train
31409,val
31410,train
31411,val
31412,train
31413,val
31414,test
31415,train
31416,val
31417,train
31418,train
31419,train
31420,train
31421,test
31422,train
31423,train
31424,train
31425,train
31426,test
31427,train
31428,test
31429,val
31430,train
31431,train
31432,train
31433,train
31434,val
31435,val
31436,val
31437,val
31438,train
31439,train
31440,train
31441,train
31442,test
31443,train
31444,val
31445,train
31446,val
31447,test
31448,train
31449,train
31450,train
31451,train
31452,train
31453,train
31454,train
31455,train
31456,train
31457,train
31458,train
31459,train
31460,val
31461,train
31462,train
31463,val
31464,val
31465,test
31466,train
31467,train
31468,train
31469,val
31470,train
31471,train
31472,train
31473,train
31474,train
31475,test
31476,val
31477,train
31478,val
31479,train
31480,test
31481,train
31482,train
31483,test
31484,train
31485,train
31486,train
31487,train
31488,val
31489,train
31490,test
31491,train
31492,val
31493,test
31494,train
31495,train
31496,test
31497,train
31498,val
31499,test
31500,train
31501,train
31502,val
31503,val
31504,train
31505,test
31506,train
31507,test
31508,train
31509,train
31510,val
31511,train
31512,train
31513,val
31514,train
31515,train
31516,train
31517,val
31518,test
31519,val
31520,val
31521,train
31522,train
31523,test
31524,train
31525,train
31526,train
31527,train
31528,train
31529,train
31530,val
31531,train
31532,train
31533,train
31534,train
31535,train
31536,train
31537,val
31538,train
31539,test
31540,test
31541,val
31542,train
31543,train
31544,train
31545,test
31546,train
31547,train
31548,val
31549,train
31550,train
31551,test
31552,val
31553,train
31554,test
31555,train
31556,val
31557,train
31558,train
31559,val
31560,train
31561,test
31562,train
31563,train
31564,val
31565,val
31566,val
31567,train
31568,train
31569,train
31570,train
31571,train
31572,train
31573,train
31574,train
31575,test
31576,train
31577,train
31578,train
31579,val
31580,val
31581,train
31582,val
31583,train
31584,val
31585,val
31586,train
31587,val
31588,train
31589,train
31590,train
31591,test
31592,train
31593,val
31594,train
31595,train
31596,val
31597,val
31598,test
31599,test
31600,val
31601,test
31602,train
31603,train
31604,train
31605,val
31606,train
31607,test
31608,test
31609,val
31610,test
31611,test
31612,train
31613,train
31614,train
31615,val
31616,train
31617,train
31618,train
31619,train
31620,train
31621,train
31622,val
31623,train
31624,train
31625,test
31626,train
31627,train
31628,test
31629,val
31630,train
31631,train
31632,val
31633,train
31634,val
31635,train
31636,val
31637,val
31638,val
31639,train
31640,test
31641,val
31642,train
31643,train
31644,test
31645,train
31646,train
31647,val
31648,train
31649,test
31650,val
31651,val
31652,train
31653,train
31654,train
31655,train
31656,train
31657,train
31658,train
31659,train
31660,test
31661,train
31662,val
31663,val
31664,train
31665,train
31666,train
31667,test
31668,test
31669,val
31670,val
31671,train
31672,test
31673,train
31674,train
31675,train
31676,val
31677,train
31678,val
31679,test
31680,test
31681,train
31682,test
31683,test
31684,val
31685,train
31686,train
31687,train
31688,test
31689,test
31690,test
31691,train
31692,test
31693,train
31694,train
31695,train
31696,val
31697,train
31698,train
31699,train
31700,train
31701,train
31702,test
31703,train
31704,train
31705,train
31706,train
31707,train
31708,train
31709,train
31710,train
31711,train
31712,train
31713,train
31714,train
31715,train
31716,train
31717,val
31718,test
31719,test
31720,train
31721,train
31722,train
31723,train
31724,test
31725,test
31726,val
31727,train
31728,train
31729,train
31730,train
31731,test
31732,train
31733,val
31734,train
31735,train
31736,train
31737,train
31738,train
31739,val
31740,val
31741,train
31742,test
31743,val
31744,train
31745,train
31746,test
31747,train
31748,train
31749,train
31750,val
31751,train
31752,val
31753,val
31754,train
31755,val
31756,train
31757,train
31758,train
31759,train
31760,train
31761,train
31762,train
31763,train
31764,train
31765,val
31766,val
31767,train
31768,val
31769,val
31770,train
31771,train
31772,train
31773,train
31774,train
31775,val
31776,train
31777,train
31778,train
31779,train
31780,train
31781,train
31782,train
31783,val
31784,train
31785,train
31786,train
31787,train
31788,train
31789,val
31790,val
31791,train
31792,train
31793,train
31794,train
31795,val
31796,train
31797,test
31798,train
31799,train
31800,val
31801,test
31802,train
31803,train
31804,val
31805,val
31806,test
31807,test
31808,train
31809,train
31810,test
31811,train
31812,val
31813,val
31814,test
31815,train
31816,val
31817,val
31818,train
31819,train
31820,train
31821,train
31822,test
31823,train
31824,train
31825,train
31826,val
31827,train
31828,test
31829,train
31830,val
31831,train
31832,train
31833,train
31834,test
31835,train
31836,val
31837,train
31838,train
31839,train
31840,train
31841,train
31842,val
31843,train
31844,test
31845,val
31846,test
31847,test
31848,train
31849,train
31850,train
31851,train
31852,train
31853,val
31854,train
31855,train
31856,train
31857,train
31858,test
31859,val
31860,train
31861,test
31862,train
31863,train
31864,train
31865,train
31866,train
31867,train
31868,train
31869,val
31870,train
31871,train
31872,test
31873,test
31874,train
31875,val
31876,train
31877,train
31878,train
31879,train
31880,train
31881,val
31882,train
31883,train
31884,train
31885,train
31886,train
31887,train
31888,train
31889,train
31890,val
31891,train
31892,train
31893,test
31894,test
31895,train
31896,train
31897,test
31898,train
31899,train
31900,train
31901,train
31902,val
31903,train
31904,test
31905,train
31906,train
31907,train
31908,val
31909,val
31910,train
31911,train
31912,train
31913,train
31914,train
31915,train
31916,train
31917,train
31918,test
31919,train
31920,train
31921,train
31922,train
31923,val
31924,train
31925,train
31926,train
31927,test
31928,test
31929,train
31930,test
31931,train
31932,train
31933,train
31934,train
31935,train
31936,val
31937,train
31938,val
31939,train
31940,test
31941,train
31942,test
31943,test
31944,train
31945,train
31946,train
31947,train
31948,train
31949,test
31950,test
31951,val
31952,val
31953,train
31954,train
31955,train
31956,val
31957,train
31958,test
31959,train
31960,test
31961,train
31962,train
31963,train
31964,val
31965,test
31966,test
31967,train
31968,train
31969,train
31970,train
31971,train
31972,val
31973,train
31974,val
31975,test
31976,train
31977,train
31978,train
31979,train
31980,train
31981,train
31982,train
31983,val
31984,train
31985,train
31986,val
31987,train
31988,val
31989,test
31990,train
31991,train
31992,test
31993,val
31994,val
31995,train
31996,val
31997,val
31998,train
31999,train
32000,train
32001,train
32002,train
32003,val
32004,train
32005,val
32006,train
32007,val
32008,train
32009,train
32010,test
32011,train
32012,train
32013,test
32014,train
32015,test
32016,train
32017,train
32018,train
32019,train
32020,val
32021,test
32022,train
32023,train
32024,train
32025,train
32026,train
32027,train
32028,test
32029,test
32030,val
32031,train
32032,train
32033,train
32034,train
32035,train
32036,train
32037,val
32038,train
32039,val
32040,train
32041,val
32042,train
32043,train
32044,val
32045,test
32046,train
32047,train
32048,val
32049,val
32050,train
32051,val
32052,train
32053,val
32054,train
32055,test
32056,test
32057,val
32058,train
32059,val
32060,train
32061,train
32062,test
32063,train
32064,val
32065,test
32066,test
32067,train
32068,train
32069,train
32070,val
32071,train
32072,train
32073,train
32074,test
32075,train
32076,train
32077,test
32078,test
32079,test
32080,train
32081,test
32082,test
32083,test
32084,train
32085,test
32086,train
32087,train
32088,val
32089,val
32090,train
32091,train
32092,val
32093,train
32094,train
32095,test
32096,train
32097,val
32098,train
32099,test
32100,train
32101,val
32102,train
32103,test
32104,val
32105,train
32106,train
32107,train
32108,test
32109,train
32110,test
32111,train
32112,train
32113,train
32114,train
32115,test
32116,train
32117,train
32118,train
32119,train
32120,test
32121,train
32122,train
32123,test
32124,val
32125,train
32126,train
32127,train
32128,train
32129,test
32130,test
32131,train
32132,train
32133,train
32134,train
32135,train
32136,train
32137,train
32138,train
32139,train
32140,train
32141,val
32142,test
32143,train
32144,train
32145,test
32146,val
32147,train
32148,val
32149,train
32150,train
32151,val
32152,val
32153,test
32154,val
32155,train
32156,val
32157,train
32158,val
32159,train
32160,train
32161,train
32162,train
32163,train
32164,train
32165,test
32166,val
32167,train
32168,train
32169,test
32170,train
32171,train
32172,train
32173,train
32174,val
32175,test
32176,train
32177,train
32178,train
32179,train
32180,train
32181,train
32182,val
32183,test
32184,train
32185,val
32186,train
32187,test
32188,test
32189,train
32190,train
32191,train
32192,val
32193,train
32194,test
32195,train
32196,train
32197,train
32198,train
32199,val
32200,train
32201,val
32202,train
32203,val
32204,train
32205,train
32206,test
32207,train
32208,train
32209,train
32210,train
32211,train
32212,val
32213,train
32214,test
32215,val
32216,train
32217,train
32218,train
32219,train
32220,train
32221,train
32222,test
32223,train
32224,train
32225,train
32226,train
32227,train
32228,train
32229,train
32230,val
32231,train
32232,train
32233,train
32234,test
32235,train
32236,val
32237,train
32238,train
32239,train
32240,train
32241,test
32242,val
32243,train
32244,train
32245,train
32246,train
32247,train
32248,val
32249,val
32250,train
32251,train
32252,val
32253,test
32254,train
32255,val
32256,train
32257,train
32258,train
32259,val
32260,train
32261,train
32262,test
32263,train
32264,train
32265,val
32266,val
32267,train
32268,test
32269,test
32270,test
32271,train
32272,val
32273,train
32274,train
32275,train
32276,val
32277,train
32278,train
32279,val
32280,val
32281,train
32282,train
32283,test
32284,val
32285,test
32286,train
32287,train
32288,train
32289,val
32290,train
32291,val
32292,test
32293,val
32294,train
32295,val
32296,val
32297,train
32298,train
32299,train
32300,train
32301,train
32302,test
32303,test
32304,train
32305,val
32306,test
32307,train
32308,train
32309,train
32310,test
32311,val
32312,train
32313,train
32314,train
32315,train
32316,val
32317,test
32318,train
32319,train
32320,val
32321,test
32322,test
32323,train
32324,test
32325,train
32326,train
32327,train
32328,train
32329,train
32330,val
32331,test
32332,test
32333,val
32334,val
32335,train
32336,train
32337,test
32338,train
32339,train
32340,test
32341,train
32342,val
32343,test
32344,train
32345,train
32346,test
32347,val
32348,train
32349,train
32350,train
32351,train
32352,train
32353,train
32354,train
32355,train
32356,train
32357,train
32358,train
32359,train
32360,train
32361,train
32362,test
32363,test
32364,train
32365,val
32366,train
32367,train
32368,train
32369,train
32370,train
32371,train
32372,val
32373,val
32374,train
32375,train
32376,val
32377,train
32378,val
32379,val
32380,test
32381,train
32382,test
32383,val
32384,train
32385,test
32386,val
32387,train
32388,train
32389,test
32390,train
32391,train
32392,train
32393,val
32394,train
32395,train
32396,test
32397,val
32398,train
32399,train
32400,test
32401,val
32402,train
32403,train
32404,train
32405,train
32406,test
32407,train
32408,val
32409,test
32410,val
